Step,Ideology_adaptive,Ideology_adaptive_direct,AvgEnergy,CommunityPool,TotalScar,Renewables,NonRenewables,InfrastructureSites,AgentsAlive,GiniEnergy,MinedRenewable,MinedNonrenewable,AvgAdaptiveEpsilon,AvgAdaptiveReward,run
0,0,15,20.0,0.0,0.0,100,100,0,15,0.0,0.0,0,0.0,0.0,0
1,0,15,19.266666666666666,0.0,0.0,100,100,0,15,0.016147635524798254,0.0,0,0.0,0.0,0
2,0,15,18.53333333333334,0.0,0.0,100,100,0,15,0.031175059952038398,0.0,0,0.0,0.0,0
3,0,15,17.466666666666672,0.0,0.0,100,100,0,15,0.05597964376590325,0.0,0,0.0,0.0,0
4,0,15,17.66666666666667,0.0,0.0,100,100,0,15,0.06893081761006292,4.0,10,0.0,0.0,0
5,0,15,17.866666666666674,0.0,1.5,100,100,0,15,0.07412935323383052,4.0,10,0.0,0.0,0
6,0,15,18.266666666666673,0.0,2.92,100,100,0,15,0.06082725060827254,8.0,10,0.0,0.0,0
7,0,15,17.73333333333334,0.0,2.84,100,100,0,15,0.06566416040100242,0.0,5,0.0,0.0,0
8,0,15,17.73333333333334,0.0,4.949999999999999,100,100,0,15,0.0641604010025063,4.0,5,0.0,0.0,0
9,0,15,17.533333333333342,0.0,4.81,100,100,0,15,0.0603295310519647,4.0,0,0.0,0.0,0
10,0,15,17.733333333333345,0.0,4.67,100,100,0,15,0.03709273182957418,12.0,0,0.0,0.0,0
11,0,15,17.733333333333345,0.0,5.989999999999999,100,100,0,15,0.05664160401002527,0.0,10,0.0,0.0,0
12,0,15,17.000000000000014,0.0,5.809999999999999,100,100,0,15,0.07738562091503276,0.0,0,0.0,0.0,0
13,0,15,16.46666666666668,0.0,5.629999999999999,100,100,0,15,0.0734143049932523,4.0,0,0.0,0.0,0
14,0,15,16.666666666666682,0.0,5.449999999999999,100,100,0,15,0.08426666666666671,8.0,5,0.0,0.0,0
15,0,15,16.86666666666668,0.0,5.999999999999998,100,100,0,15,0.07378129117259546,4.0,10,0.0,0.0,0
16,0,15,16.666666666666682,0.0,5.799999999999999,100,100,0,15,0.07200000000000006,4.0,0,0.0,0.0,0
17,0,15,16.466666666666683,0.0,5.599999999999998,100,100,0,15,0.06855600539811069,4.0,0,0.0,0.0,0
18,0,15,16.666666666666682,0.0,6.149999999999999,100,100,0,15,0.0741333333333336,0.0,15,0.0,0.0,0
19,0,15,16.666666666666686,0.0,5.929999999999998,100,100,0,15,0.055466666666666775,8.0,0,0.0,0.0,0
20,0,15,16.607666666666685,0.0,7.919999999999998,100,100,0,15,0.06453512099498893,3.115,5,0.0,0.0,0
21,0,15,16.407666666666685,0.0,8.389999999999997,100,100,0,15,0.06905173055956237,0.0,5,0.0,0.0,0
22,0,15,15.407666666666689,0.0,7.639999999999997,100,100,0,15,0.10985872833870558,4.0,5,0.0,0.0,0
23,0,15,15.607666666666688,0.0,7.359999999999998,100,100,0,15,0.12325851255437148,4.0,10,0.0,0.0,0
24,0,15,14.874333333333356,0.0,7.0799999999999965,100,100,0,15,0.12933539505038505,0.0,0,0.0,0.0,0
25,0,15,15.074333333333355,0.0,6.799999999999997,100,100,0,15,0.10849936241882818,12.0,0,0.0,0.0,0
26,0,15,14.874333333333356,0.0,6.519999999999996,100,100,0,15,0.11108471714885448,4.0,0,0.0,0.0,0
27,0,15,14.674333333333356,0.0,6.239999999999997,100,100,0,15,0.10768310504357581,4.0,0,0.0,0.0,0
28,0,15,14.274333333333356,0.0,5.9599999999999955,100,100,0,15,0.11070063595108559,0.0,0,0.0,0.0,0
29,0,15,14.615333333333357,0.0,5.679999999999996,100,100,0,15,0.10982377715945213,11.115,5,0.0,0.0,0
30,0,15,13.54866666666669,0.0,5.399999999999996,100,100,0,15,0.13764700093490156,0.0,0,0.0,0.0,0
31,0,15,13.202000000000023,0.0,5.119999999999996,100,100,0,15,0.15758891750408188,7.8,0,0.0,0.0,0
32,0,15,13.202000000000023,0.0,6.319999999999995,100,100,0,15,0.15953138413371715,0.0,10,0.0,0.0,0
33,0,15,13.468666666666689,0.0,4.819999999999996,100,100,0,15,0.15746836278440512,16.0,5,0.0,0.0,0
34,0,15,13.26866666666669,0.0,4.539999999999996,100,100,0,15,0.15054011957996294,4.0,0,0.0,0.0,0
35,0,15,13.06866666666669,0.0,4.259999999999995,100,100,0,15,0.1570609940655343,4.0,0,0.0,0.0,0
36,0,15,13.06866666666669,0.0,4.279999999999996,100,100,0,15,0.1475964563247123,4.0,5,0.0,0.0,0
37,0,15,12.735333333333356,0.0,3.9999999999999956,100,100,0,15,0.14246627929295608,8.0,0,0.0,0.0,0
38,0,15,12.402000000000022,0.0,3.7199999999999953,100,100,0,15,0.15231951835725455,8.0,0,0.0,0.0,0
39,0,15,12.402000000000022,0.0,3.4399999999999955,100,100,0,15,0.17588919349925658,4.0,5,0.0,0.0,0
40,0,15,12.402000000000022,0.0,3.1599999999999953,100,100,0,15,0.15668082208962741,8.0,0,0.0,0.0,0
41,0,15,12.46866666666669,0.0,3.6099999999999954,100,100,0,15,0.15297011174677877,12.0,5,0.0,0.0,0
42,0,15,12.668666666666692,0.0,4.039999999999995,100,100,0,15,0.15965900121033516,8.0,5,0.0,0.0,0
43,0,15,12.268666666666691,0.0,3.7599999999999967,100,100,0,15,0.1648644242786499,0.0,0,0.0,0.0,0
44,0,15,12.468666666666689,0.0,3.5199999999999965,100,100,0,15,0.13384661997184066,12.0,0,0.0,0.0,0
45,0,15,12.78866666666669,0.0,3.299999999999997,100,100,0,15,0.11685346400458774,14.8,0,0.0,0.0,0
46,0,15,12.78866666666669,0.0,3.099999999999997,100,100,0,15,0.1389980712088832,8.0,0,0.0,0.0,0
47,0,15,12.58866666666669,0.0,2.899999999999997,100,100,0,15,0.15391622093946933,0.0,5,0.0,0.0,0
48,0,15,12.98866666666669,0.0,2.7199999999999975,100,100,0,15,0.13773717257780294,16.0,0,0.0,0.0,0
49,0,15,12.727333333333355,0.0,2.559999999999998,100,100,0,15,0.13955965289054184,3.08,0,0.0,0.0,0
50,0,15,12.594000000000023,0.0,3.1299999999999977,100,100,0,15,0.17429110864079878,8.0,5,0.0,0.0,0
51,0,15,12.194000000000024,0.0,2.9499999999999975,100,100,0,15,0.18000838299345734,0.0,0,0.0,0.0,0
52,0,15,12.775333333333357,0.0,3.5299999999999976,100,100,0,15,0.17337925516185693,15.720000000000002,5,0.0,0.0,0
53,0,15,12.908666666666692,0.0,3.349999999999998,100,100,0,15,0.16360068171254483,7.0,5,0.0,0.0,0
54,0,15,12.79066666666669,0.0,3.1699999999999977,100,100,0,15,0.17809166406059984,6.230000000000001,0,0.0,0.0,0
55,0,15,12.59066666666669,0.0,5.9899999999999975,100,100,0,15,0.19017967453845896,0.0,5,0.0,0.0,0
56,0,15,11.857333333333356,0.0,5.769999999999997,100,100,0,15,0.2182503092319803,0.0,0,0.0,0.0,0
57,0,15,11.324000000000023,0.0,5.559999999999998,100,100,0,15,0.20656226696495184,4.0,0,0.0,0.0,0
58,0,15,11.124000000000024,0.0,5.359999999999998,100,100,0,15,0.21286907187662352,0.0,5,0.0,0.0,0
59,0,15,11.724000000000023,0.0,5.9099999999999975,100,100,0,15,0.22869706963872805,8.0,15,0.0,0.0,0
60,0,15,11.79066666666669,0.0,5.689999999999997,100,100,0,15,0.23983188209129658,10.0,0,0.0,0.0,0
61,0,15,11.924000000000024,0.0,6.969999999999997,100,100,0,15,0.22743672891274413,7.0,5,0.0,0.0,0
62,0,15,10.857333333333356,0.0,6.729999999999997,100,100,0,15,0.24715297392443447,0.0,0,0.0,0.0,0
63,0,15,10.849333333333359,0.0,6.489999999999997,100,100,0,15,0.2558600630863135,7.88,0,0.0,0.0,0
64,0,15,10.583333333333359,0.0,6.2499999999999964,100,100,0,15,0.26998845144356953,3.0100000000000007,0,0.0,0.0,0
65,0,15,10.783333333333358,0.0,6.009999999999996,100,100,0,15,0.2650180319422981,12.0,0,0.0,0.0,0
66,0,15,10.583333333333359,0.0,5.769999999999996,100,100,0,15,0.28514435695538065,0.0,5,0.0,0.0,0
67,0,15,10.183333333333358,0.0,5.529999999999996,100,100,0,15,0.29634478996181146,0.0,0,0.0,0.0,0
68,0,15,10.183333333333358,0.0,5.289999999999996,100,100,0,15,0.32591380250954716,8.0,0,0.0,0.0,0
69,0,15,10.544333333333357,0.0,5.799999999999995,100,100,0,15,0.31922359561217717,11.415000000000001,5,0.0,0.0,0
70,0,15,10.344333333333358,0.0,5.559999999999995,100,100,0,15,0.33420337490198615,4.0,0,0.0,0.0,0
71,0,15,10.344333333333358,0.0,5.319999999999995,100,100,0,15,0.3338811372839665,8.0,0,0.0,0.0,0
72,0,15,10.344333333333358,0.0,5.079999999999995,100,100,0,15,0.36739384955799737,4.0,5,0.0,0.0,0
73,0,14,11.063571428571452,0.0,6.3399999999999945,100,100,0,14,0.34317441871189724,3.525000000000001,5,0.0,0.0,0
74,0,14,10.520714285714309,0.0,6.069999999999995,100,100,0,14,0.39395555900410306,4.0,0,0.0,0.0,0
75,0,14,10.406428571428593,0.0,7.309999999999995,100,100,0,14,0.3938107331614096,8.0,5,0.0,0.0,0
76,0,14,10.220714285714308,0.0,6.009999999999995,100,100,0,14,0.4204346914529322,4.0,0,0.0,0.0,0
77,0,14,10.249285714285737,0.0,5.749999999999995,100,100,0,14,0.4005007815377879,8.0,0,0.0,0.0,0
78,0,13,11.043846153846177,0.0,5.489999999999995,100,100,0,13,0.3687614189808246,7.48,0,0.0,0.0,0
79,0,13,11.33615384615387,0.0,5.969999999999994,100,100,0,13,0.38300770953278285,8.0,5,0.0,0.0,0
80,0,13,11.166923076923101,0.0,5.709999999999995,100,100,0,13,0.40788783442224275,4.0,0,0.0,0.0,0
81,0,13,10.766923076923101,0.0,5.449999999999995,100,100,0,13,0.42304120113650767,0.0,0,0.0,0.0,0
82,0,13,10.142692307692332,0.0,5.189999999999994,100,100,0,13,0.4372693780755672,3.085,0,0.0,0.0,0
83,0,12,10.825000000000026,0.0,4.929999999999994,100,100,0,12,0.411014883243521,4.0,0,0.0,0.0,0
84,0,11,11.207727272727304,0.0,4.669999999999995,100,100,0,11,0.4215583256829152,4.0,0,0.0,0.0,0
85,0,11,11.080454545454575,0.0,4.409999999999994,100,100,0,11,0.4302789141776713,4.0,0,0.0,0.0,0
86,0,11,10.498636363636395,0.0,4.899999999999994,100,100,0,11,0.4762208393848866,0.0,5,0.0,0.0,0
87,0,11,10.371363636363666,0.0,4.629999999999995,100,100,0,11,0.4677214357715742,4.0,0,0.0,0.0,0
88,0,9,12.00055555555559,0.0,4.369999999999994,100,100,0,9,0.3682854188849285,4.0,0,0.0,0.0,0
89,0,9,12.600555555555589,0.0,4.109999999999994,100,100,0,9,0.3407845039166417,12.0,0,0.0,0.0,0
90,0,9,12.436111111111144,0.0,3.849999999999994,100,100,0,9,0.34347405256496244,3.12,0,0.0,0.0,0
91,0,9,12.702777777777811,0.0,3.589999999999994,100,100,0,9,0.3654202201326633,8.0,0,0.0,0.0,0
92,0,9,12.636111111111145,0.0,3.329999999999994,100,100,0,9,0.39079651205393184,4.0,0,0.0,0.0,0
93,0,9,13.236111111111146,0.0,3.0899999999999945,100,100,0,9,0.36523726244607735,12.0,0,0.0,0.0,0
94,0,9,12.836111111111144,0.0,2.869999999999995,100,100,0,9,0.37661881747577586,0.0,0,0.0,0.0,0
95,0,9,12.742777777777812,0.0,2.669999999999996,100,100,0,9,0.39542127469929733,3.7600000000000007,0,0.0,0.0,0
96,0,9,12.676111111111148,0.0,2.4899999999999958,100,100,0,9,0.42087527330986196,4.0,0,0.0,0.0,0
97,0,8,14.94562500000004,0.0,2.319999999999996,100,100,0,8,0.3280485509973661,12.0,0,0.0,0.0,0
98,0,8,13.92062500000004,0.0,2.159999999999996,100,100,0,8,0.33834126520899743,0.0,0,0.0,0.0,0
99,0,8,13.52062500000004,0.0,2.0099999999999962,100,100,0,8,0.34835089908935424,0.0,0,0.0,0.0,0
100,0,7,15.795000000000046,0.0,1.8699999999999963,100,100,0,7,0.25705628880232023,7.48,0,0.0,0.0,0
101,0,7,16.680714285714334,0.0,1.7299999999999962,100,100,0,7,0.26542934220748626,13.0,0,0.0,0.0,0
102,0,7,16.280714285714332,0.0,1.5899999999999963,100,100,0,7,0.27195066154395775,0.0,0,0.0,0.0,0
103,0,7,15.880714285714333,0.0,1.4499999999999962,100,100,0,7,0.27880049604513224,0.0,0,0.0,0.0,0
104,0,7,15.909285714285762,0.0,1.3099999999999963,100,100,0,7,0.301389895517314,4.0,0,0.0,0.0,0
105,0,7,15.937857142857192,0.0,1.1699999999999964,100,100,0,7,0.31621540293614836,4.0,0,0.0,0.0,0
106,0,7,15.966428571428619,0.0,2.509999999999997,100,100,0,7,0.30798039253280174,0.0,5,0.0,0.0,0
107,0,7,15.566428571428618,0.0,2.349999999999997,100,100,0,7,0.31589435664138543,0.0,0,0.0,0.0,0
108,0,7,15.432857142857191,0.0,2.1899999999999973,100,100,0,7,0.30876343872733725,2.8650000000000007,0,0.0,0.0,0
109,0,7,15.03285714285719,0.0,2.029999999999997,100,100,0,7,0.31697913414154066,0.0,0,0.0,0.0,0
110,0,7,15.290000000000049,0.0,4.0799999999999965,100,100,0,7,0.33193630624257553,2.6,5,0.0,0.0,0
111,0,7,15.747142857142906,0.0,6.859999999999998,100,100,0,7,0.34500589676131743,0.0,10,0.0,0.0,0
112,0,7,15.347142857142908,0.0,5.259999999999998,100,100,0,7,0.3539979521548917,0.0,0,0.0,0.0,0
113,0,7,14.661428571428619,0.0,5.049999999999998,100,100,0,7,0.3767904121601868,4.0,0,0.0,0.0,0
114,0,7,14.26142857142862,0.0,4.849999999999998,100,100,0,7,0.3873585094660925,0.0,0,0.0,0.0,0
115,0,7,14.186428571428621,0.0,4.649999999999999,100,100,0,7,0.4024973566285681,3.2750000000000004,0,0.0,0.0,0
116,0,7,14.643571428571478,0.0,4.479999999999999,100,100,0,7,0.40665612130418705,8.0,0,0.0,0.0,0
117,0,7,14.672142857142905,0.0,4.3199999999999985,100,100,0,7,0.4125407721143082,4.0,0,0.0,0.0,0
118,0,7,14.272142857142907,0.0,4.159999999999998,100,100,0,7,0.4241028977528649,0.0,0,0.0,0.0,0
119,0,7,13.872142857142906,0.0,3.9999999999999982,100,100,0,7,0.43633180577725095,0.0,0,0.0,0.0,0
120,0,7,14.17000000000005,0.0,3.8399999999999985,100,100,0,7,0.4453501937119231,6.885,0,0.0,0.0,0
121,0,7,15.016428571428621,0.0,5.159999999999998,100,100,0,7,0.44471021534237964,7.725,5,0.0,0.0,0
122,0,7,14.616428571428623,0.0,4.959999999999998,100,100,0,7,0.4568803624660531,0.0,0,0.0,0.0,0
123,0,7,13.502142857142909,0.0,4.759999999999998,100,100,0,7,0.4643556200451924,0.0,0,0.0,0.0,0
124,0,6,15.298333333333389,0.0,4.5699999999999985,100,100,0,6,0.39034753241093734,0.0,0,0.0,0.0,0
125,0,6,15.89833333333339,0.0,4.389999999999998,100,100,0,6,0.4144739141069984,8.0,0,0.0,0.0,0
126,0,6,15.99833333333339,0.0,4.209999999999997,100,100,0,6,0.42014793207625734,4.0,0,0.0,0.0,0
127,0,6,15.598333333333391,0.0,4.029999999999998,100,100,0,6,0.4309221070627196,0.0,0,0.0,0.0,0
128,0,6,15.19833333333339,0.0,3.8499999999999974,100,100,0,6,0.44226340607522685,0.0,0,0.0,0.0,0
129,0,5,19.568000000000072,0.0,4.419999999999997,100,100,0,5,0.32119787408012956,8.0,5,0.0,0.0,0
130,0,5,20.057000000000073,0.0,4.219999999999997,100,100,0,5,0.30395373186418584,6.445000000000001,0,0.0,0.0,0
131,0,5,19.657000000000075,0.0,4.019999999999997,100,100,0,5,0.310138881823268,0.0,0,0.0,0.0,0
132,0,5,19.257000000000073,0.0,3.8199999999999967,100,100,0,5,0.3165809835384523,0.0,0,0.0,0.0,0
133,0,5,19.353000000000076,0.0,3.6199999999999966,100,100,0,5,0.33551387381801145,3.480000000000001,0,0.0,0.0,0
134,0,5,17.953000000000078,0.0,3.4199999999999964,100,100,0,5,0.4062385116693572,0.0,0,0.0,0.0,0
135,0,5,16.553000000000075,0.0,3.2199999999999966,100,100,0,5,0.3922672627318293,0.0,0,0.0,0.0,0
136,0,5,16.75300000000008,0.0,3.0199999999999965,100,100,0,5,0.3732585208619339,4.0,0,0.0,0.0,0
137,0,5,17.553000000000075,0.0,2.8199999999999967,100,100,0,5,0.342414402096507,8.0,0,0.0,0.0,0
138,0,5,17.75300000000008,0.0,2.6199999999999966,100,100,0,5,0.3655945474004383,4.0,0,0.0,0.0,0
139,0,5,17.35300000000008,0.0,2.4199999999999964,100,100,0,5,0.37402178297700583,0.0,0,0.0,0.0,0
140,0,5,17.55300000000008,0.0,2.2199999999999966,100,100,0,5,0.3560872785278859,4.0,0,0.0,0.0,0
141,0,5,17.75300000000008,0.0,2.0199999999999965,100,100,0,5,0.3655945474004383,4.0,0,0.0,0.0,0
142,0,5,18.55300000000008,0.0,1.8199999999999965,100,100,0,5,0.37570204279631225,8.0,0,0.0,0.0,0
143,0,5,18.153000000000084,0.0,1.6199999999999963,100,100,0,5,0.38398060926568456,0.0,0,0.0,0.0,0
144,0,5,18.353000000000083,0.0,1.4299999999999966,100,100,0,5,0.36671933743802,4.0,0,0.0,0.0,0
145,0,5,18.553000000000083,0.0,1.2499999999999967,100,100,0,5,0.37570204279631203,4.0,0,0.0,0.0,0
146,0,5,18.753000000000082,0.0,1.0699999999999967,100,100,0,5,0.3716951954353962,4.0,0,0.0,0.0,0
147,0,5,18.95300000000008,0.0,0.9099999999999974,100,100,0,5,0.3930987178810732,4.0,0,0.0,0.0,0
148,0,4,24.030000000000076,0.0,0.7899999999999981,100,100,0,4,0.21514773200166504,4.0,0,0.0,0.0,0
149,0,4,24.380000000000077,0.0,0.7099999999999989,100,100,0,4,0.21974979491386426,4.0,0,0.0,0.0,0
150,0,4,24.73000000000008,0.0,0.6499999999999989,100,100,0,4,0.20905782450465082,4.0,0,0.0,0.0,0
151,0,4,25.08000000000008,0.0,0.5899999999999989,100,100,0,4,0.22856858054226525,4.0,0,0.0,0.0,0
152,0,4,25.430000000000078,0.0,0.5299999999999989,100,100,0,4,0.20330318521431456,4.0,0,0.0,0.0,0
153,0,4,25.03000000000008,0.0,0.46999999999999886,100,100,0,4,0.20655213743507872,0.0,0,0.0,0.0,0
154,0,4,26.13000000000008,0.0,0.40999999999999887,100,100,0,4,0.19785686949866133,8.0,0,0.0,0.0,0
155,0,4,25.730000000000082,0.0,0.34999999999999887,100,100,0,4,0.2009327633113105,0.0,0,0.0,0.0,0
156,0,4,26.080000000000084,0.0,0.28999999999999887,100,100,0,4,0.21980444785276143,4.0,0,0.0,0.0,0
157,0,4,25.680000000000085,0.0,0.22999999999999887,100,100,0,4,0.22322819314641795,0.0,0,0.0,0.0,0
158,0,4,26.030000000000086,0.0,0.17999999999999924,100,100,0,4,0.22742988859008895,4.0,0,0.0,0.0,0
159,0,4,25.630000000000088,0.0,0.14999999999999963,100,100,0,4,0.23097932110807706,0.0,0,0.0,0.0,0
160,0,4,25.73000000000009,0.0,0.12999999999999964,100,100,0,4,0.2592304702681698,4.0,0,0.0,0.0,0
161,0,4,25.33000000000009,0.0,0.10999999999999964,100,100,0,4,0.2633241215949471,0.0,0,0.0,0.0,0
162,0,4,24.930000000000092,0.0,0.08999999999999964,100,100,0,4,0.26754913758523924,0.0,0,0.0,0.0,0
163,0,4,25.280000000000094,0.0,0.06999999999999963,100,100,0,4,0.25642800632911444,4.0,0,0.0,0.0,0
164,0,4,25.630000000000095,0.0,0.04999999999999963,100,100,0,4,0.2748731954740542,4.0,0,0.0,0.0,0
165,0,4,25.230000000000096,0.0,0.029999999999999628,100,100,0,4,0.27923107411811365,0.0,0,0.0,0.0,0
166,0,4,25.330000000000094,0.0,0.009999999999999627,100,100,0,4,0.28306356099486796,3.0,0,0.0,0.0,0
167,0,4,25.680000000000096,0.0,0.0,100,100,0,4,0.2719042056074772,4.0,0,0.0,0.0,0
168,0,4,26.030000000000097,0.0,0.0,100,100,0,4,0.2898578563196317,4.0,0,0.0,0.0,0
169,0,4,25.6300000000001,0.0,0.0,100,100,0,4,0.2943815840811552,0.0,0,0.0,0.0,0
170,0,4,25.2300000000001,0.0,0.0,100,100,0,4,0.29904875148632626,0.0,0,0.0,0.0,0
171,0,4,24.8300000000001,0.0,0.0,100,100,0,4,0.303866290777286,0.0,0,0.0,0.0,0
172,0,4,25.180000000000103,0.0,0.0,100,100,0,4,0.32198173153296294,4.0,0,0.0,0.0,0
173,0,4,24.7800000000001,0.0,0.0,100,100,0,4,0.32717917675544816,0.0,0,0.0,0.0,0
174,0,4,25.130000000000102,0.0,0.0,100,100,0,4,0.33008356545961015,4.0,0,0.0,0.0,0
175,0,4,24.730000000000103,0.0,0.0,100,100,0,4,0.33542256368782875,0.0,0,0.0,0.0,0
176,0,4,25.830000000000105,0.0,0.0,100,100,0,4,0.3356562137049941,8.0,0,0.0,0.0,0
177,0,4,25.430000000000106,0.0,0.0,100,100,0,4,0.34093590247738903,0.0,0,0.0,0.0,0
178,0,4,25.030000000000108,0.0,0.0,100,100,0,4,0.346384338793448,0.0,0,0.0,0.0,0
179,0,4,24.63000000000011,0.0,0.0,100,100,0,4,0.35200974421437303,0.0,0,0.0,0.0,0
180,0,4,24.98000000000011,0.0,0.0,100,100,0,4,0.36959567654123315,4.0,0,0.0,0.0,0
181,0,4,24.580000000000112,0.0,0.0,100,100,0,4,0.3756102522375915,0.0,0,0.0,0.0,0
182,0,4,24.18000000000011,0.0,0.0,100,100,0,4,0.3818238213399505,0.0,0,0.0,0.0,0
183,0,4,24.53000000000011,0.0,0.0,100,100,0,4,0.3534447615165104,0.0,5,0.0,0.0,0
184,0,4,26.130000000000113,0.0,0.0,100,100,0,4,0.355721393034826,11.0,0,0.0,0.0,0
185,0,4,25.730000000000114,0.0,0.0,100,100,0,4,0.36125145744267373,0.0,0,0.0,0.0,0
186,0,4,25.330000000000116,0.0,0.0,100,100,0,4,0.3669561784445323,0.0,0,0.0,0.0,0
187,0,4,24.930000000000117,0.0,0.0,100,100,0,4,0.37284396309667067,0.0,0,0.0,0.0,0
188,0,4,25.28000000000012,0.0,0.0,100,100,0,4,0.38993275316455667,4.0,0,0.0,0.0,0
189,0,4,24.880000000000116,0.0,0.0,100,100,0,4,0.3962017684887462,0.0,0,0.0,0.0,0
190,0,4,24.480000000000118,0.0,0.0,100,100,0,4,0.4026756535947713,0.0,0,0.0,0.0,0
191,0,4,24.08000000000012,0.0,0.0,100,100,0,4,0.4093646179401993,0.0,0,0.0,0.0,0
192,0,4,24.93000000000012,0.0,0.0,100,100,0,4,0.3979141596470115,7.0,0,0.0,0.0,0
193,0,4,24.530000000000122,0.0,0.0,100,100,0,4,0.40440277211577635,0.0,0,0.0,0.0,0
194,0,4,24.880000000000123,0.0,0.0,100,100,0,4,0.42132234726688056,4.0,0,0.0,0.0,0
195,0,4,24.480000000000125,0.0,0.0,100,100,0,4,0.4282066993464049,0.0,0,0.0,0.0,0
196,0,4,24.830000000000126,0.0,0.0,100,100,0,4,0.4297221103503821,4.0,0,0.0,0.0,0
197,0,4,24.430000000000128,0.0,0.0,100,100,0,4,0.4367580843225538,0.0,0,0.0,0.0,0
198,0,4,24.78000000000013,0.0,0.0,100,100,0,4,0.45328894269572184,4.0,0,0.0,0.0,0
199,0,4,23.130000000000127,0.0,0.0,100,100,0,4,0.47211413748378694,0.0,0,0.0,0.0,0
200,0,4,22.73000000000013,0.0,0.0,100,100,0,4,0.48042234931808125,0.0,0,0.0,0.0,0
201,0,4,22.33000000000013,0.0,0.0,100,100,0,4,0.4890282131661434,0.0,0,0.0,0.0,0
202,0,3,31.278333333333496,0.0,0.0,100,100,0,3,0.3287330598035556,8.0,0,0.0,0.0,0
203,0,3,30.878333333333497,0.0,0.0,100,100,0,3,0.3329914898976267,0.0,0,0.0,0.0,0
204,0,3,30.4783333333335,0.0,0.0,100,100,0,3,0.3373616959224217,0.0,0,0.0,0.0,0
205,0,3,30.0783333333335,0.0,0.0,100,100,0,3,0.34184813727119856,0.0,0,0.0,0.0,0
206,0,3,31.6783333333335,0.0,0.0,100,100,0,3,0.3456270496834497,8.0,0,0.0,0.0,0
207,0,3,31.278333333333503,0.0,0.0,100,100,0,3,0.35004706843572886,0.0,0,0.0,0.0,0
208,0,3,30.8783333333335,0.0,0.0,100,100,0,3,0.35458160162645447,0.0,0,0.0,0.0,0
209,0,3,30.478333333333506,0.0,0.0,100,100,0,3,0.35923515794462313,0.0,0,0.0,0.0,0
210,0,3,32.078333333333504,0.0,0.0,100,100,0,3,0.3620997211686665,8.0,0,0.0,0.0,0
211,0,3,31.6783333333335,0.0,0.0,100,100,0,3,0.36667192788621716,0.0,0,0.0,0.0,0
212,0,3,31.278333333333507,0.0,0.0,100,100,0,3,0.3713610770679021,0.0,0,0.0,0.0,0
213,0,3,30.878333333333504,0.0,0.0,100,100,0,3,0.37617171335528243,0.0,0,0.0,0.0,0
214,0,3,32.4783333333335,0.0,0.0,100,100,0,3,0.35764013615914836,8.0,0,0.0,0.0,0
215,0,3,32.078333333333504,0.0,0.0,100,100,0,3,0.36209972116866673,0.0,0,0.0,0.0,0
216,0,3,31.6783333333335,0.0,0.0,100,100,0,3,0.36667192788621716,0.0,0,0.0,0.0,0
217,0,3,32.27833333333351,0.0,0.0,100,100,0,3,0.35985611263145145,4.0,0,0.0,0.0,0
218,0,3,32.87833333333351,0.0,0.0,100,100,0,3,0.33301228434801655,4.0,0,0.0,0.0,0
219,0,3,33.47833333333351,0.0,0.0,100,100,0,3,0.346957401968105,4.0,0,0.0,0.0,0
220,0,3,33.07833333333351,0.0,0.0,100,100,0,3,0.3511529870173491,0.0,0,0.0,0.0,0
221,0,3,33.678333333333505,0.0,0.0,100,100,0,3,0.3448969828937163,4.0,0,0.0,0.0,0
222,0,3,33.27833333333351,0.0,0.0,100,100,0,3,0.3490425869351088,0.0,0,0.0,0.0,0
223,0,3,33.8783333333335,0.0,0.0,100,100,0,3,0.3625391515390035,4.0,0,0.0,0.0,0
224,0,3,33.4783333333335,0.0,0.0,100,100,0,3,0.36687077877897756,0.0,0,0.0,0.0,0
225,0,3,34.0783333333335,0.0,0.0,100,100,0,3,0.3604114703053414,4.0,0,0.0,0.0,0
226,0,3,33.6783333333335,0.0,0.0,100,100,0,3,0.36469210339651226,0.0,0,0.0,0.0,0
227,0,3,34.2783333333335,0.0,0.0,100,100,0,3,0.3388599860618138,4.0,0,0.0,0.0,0
228,0,3,34.878333333333494,0.0,0.0,100,100,0,3,0.3521447571717551,4.0,0,0.0,0.0,0
229,0,3,35.478333333333495,0.0,0.0,100,100,0,3,0.34618938005981703,4.0,0,0.0,0.0,0
230,0,3,35.07833333333349,0.0,0.0,100,100,0,3,0.3501369949794899,0.0,0,0.0,0.0,0
231,0,3,35.67833333333349,0.0,0.0,100,100,0,3,0.32556328926675016,4.0,0,0.0,0.0,0
232,0,3,36.278333333333485,0.0,0.0,100,100,0,3,0.3385553054317696,4.0,0,0.0,0.0,0
233,0,3,36.87833333333349,0.0,0.0,100,100,0,3,0.333047106852864,4.0,0,0.0,0.0,0
234,0,3,36.47833333333349,0.0,0.0,100,100,0,3,0.3366991060142239,0.0,0,0.0,0.0,0
235,0,3,37.07833333333348,0.0,0.0,100,100,0,3,0.3132707031659696,4.0,0,0.0,0.0,0
236,0,3,36.678333333333484,0.0,0.0,100,100,0,3,0.31668711470592603,0.0,0,0.0,0.0,0
237,0,3,38.278333333333485,0.0,0.0,100,100,0,3,0.320866170302317,8.0,0,0.0,0.0,0
238,0,3,37.87833333333348,0.0,0.0,100,100,0,3,0.3242545577213587,0.0,0,0.0,0.0,0
239,0,3,37.47833333333348,0.0,0.0,100,100,0,3,0.32771527252783006,0.0,0,0.0,0.0,0
240,0,3,37.07833333333348,0.0,0.0,100,100,0,3,0.33125065551909527,0.0,0,0.0,0.0,0
241,0,3,37.67833333333348,0.0,0.0,100,100,0,3,0.3436693649459601,4.0,0,0.0,0.0,0
242,0,3,37.27833333333347,0.0,0.0,100,100,0,3,0.3473569693447185,0.0,0,0.0,0.0,0
243,0,3,36.87833333333347,0.0,0.0,100,100,0,3,0.35112456877720977,0.0,0,0.0,0.0,0
244,0,3,36.478333333333474,0.0,0.0,100,100,0,3,0.3549747947792439,0.0,0,0.0,0.0,0
245,0,3,37.07833333333347,0.0,0.0,100,100,0,3,0.3492306078722214,4.0,0,0.0,0.0,0
246,0,3,37.67833333333347,0.0,0.0,100,100,0,3,0.36136299966087115,4.0,0,0.0,0.0,0
247,0,3,37.27833333333347,0.0,0.0,100,100,0,3,0.3652404584134352,0.0,0,0.0,0.0,0
248,0,3,36.878333333333465,0.0,0.0,100,100,0,3,0.36920203070155555,0.0,0,0.0,0.0,0
249,0,3,37.47833333333346,0.0,0.0,100,100,0,3,0.36329138316953435,4.0,0,0.0,0.0,0
250,0,3,38.07833333333346,0.0,0.0,100,100,0,3,0.37507477276374623,4.0,0,0.0,0.0,0
251,0,3,37.67833333333346,0.0,0.0,100,100,0,3,0.3790566343757824,0.0,0,0.0,0.0,0
252,0,3,38.27833333333346,0.0,0.0,100,100,0,3,0.35569875618641156,4.0,0,0.0,0.0,0
253,0,3,38.87833333333346,0.0,0.0,100,100,0,3,0.35020934253583014,4.0,0,0.0,0.0,0
254,0,3,39.47833333333346,0.0,0.0,100,100,0,3,0.36177368739533566,4.0,0,0.0,0.0,0
255,0,3,39.078333333333454,0.0,0.0,100,100,0,3,0.36547674897996796,0.0,0,0.0,0.0,0
256,0,3,39.678333333333455,0.0,0.0,100,100,0,3,0.343148373727614,4.0,0,0.0,0.0,0
257,0,3,40.27833333333345,0.0,0.0,100,100,0,3,0.33803671673494096,4.0,0,0.0,0.0,0
258,0,3,40.87833333333345,0.0,0.0,100,100,0,3,0.34938367241543244,4.0,0,0.0,0.0,0
259,0,3,40.478333333333445,0.0,0.0,100,100,0,3,0.35283622239606816,0.0,0,0.0,0.0,0
260,0,3,41.07833333333345,0.0,0.0,100,100,0,3,0.33145345613394395,4.0,0,0.0,0.0,0
261,0,3,40.67833333333345,0.0,0.0,100,100,0,3,0.33471271902869293,0.0,0,0.0,0.0,0
262,0,3,41.27833333333344,0.0,0.0,100,100,0,3,0.3459980350197158,4.0,0,0.0,0.0,0
263,0,3,41.878333333333444,0.0,0.0,100,100,0,3,0.3410408458364831,4.0,0,0.0,0.0,0
264,0,3,42.47833333333344,0.0,0.0,100,100,0,3,0.3205294202273046,4.0,0,0.0,0.0,0
265,0,3,42.07833333333344,0.0,0.0,100,100,0,3,0.3235763985159943,0.0,0,0.0,0.0,0
266,0,3,42.678333333333434,0.0,0.0,100,100,0,3,0.33464807799950447,4.0,0,0.0,0.0,0
267,0,3,43.27833333333344,0.0,0.0,100,100,0,3,0.33000860065981064,4.0,0,0.0,0.0,0
268,0,3,43.87833333333344,0.0,0.0,100,100,0,3,0.3103024778111183,4.0,0,0.0,0.0,0
269,0,3,43.47833333333344,0.0,0.0,100,100,0,3,0.31315725584901677,0.0,0,0.0,0.0,0
270,0,3,43.07833333333343,0.0,0.0,100,100,0,3,0.3160650494577053,0.0,0,0.0,0.0,0
271,0,3,44.678333333333434,0.0,0.0,100,100,0,3,0.3196677484736561,8.0,0,0.0,0.0,0
272,0,3,45.27833333333343,0.0,0.0,100,100,0,3,0.3007079667734127,4.0,0,0.0,0.0,0
273,0,3,44.87833333333344,0.0,0.0,100,100,0,3,0.3033881729614625,0.0,0,0.0,0.0,0
274,0,3,44.47833333333343,0.0,0.0,100,100,0,3,0.3061165861030952,0.0,0,0.0,0.0,0
275,0,3,46.07833333333343,0.0,0.0,100,100,0,3,0.30995526940837337,8.0,0,0.0,0.0,0
276,0,3,45.67833333333343,0.0,0.0,100,100,0,3,0.3126695126549168,0.0,0,0.0,0.0,0
277,0,3,45.27833333333343,0.0,0.0,100,100,0,3,0.3154317124943238,0.0,0,0.0,0.0,0
278,0,3,44.87833333333342,0.0,0.0,100,100,0,3,0.31824315123605684,0.0,0,0.0,0.0,0
279,0,3,45.47833333333343,0.0,0.0,100,100,0,3,0.3287035340394071,4.0,0,0.0,0.0,0
280,0,3,45.078333333333426,0.0,0.0,100,100,0,3,0.33162026595678995,0.0,0,0.0,0.0,0
281,0,3,44.67833333333343,0.0,0.0,100,100,0,3,0.33458922420760606,0.0,0,0.0,0.0,0
282,0,3,45.27833333333342,0.0,0.0,100,100,0,3,0.3301554582152355,4.0,0,0.0,0.0,0
283,0,3,44.87833333333342,0.0,0.0,100,100,0,3,0.33309812951065076,0.0,0,0.0,0.0,0
284,0,3,45.47833333333342,0.0,0.0,100,100,0,3,0.3433625291652911,4.0,0,0.0,0.0,0
285,0,3,45.07833333333341,0.0,0.0,100,100,0,3,0.34640933683341224,0.0,0,0.0,0.0,0
286,0,3,45.67833333333342,0.0,0.0,100,100,0,3,0.34185913574390825,4.0,0,0.0,0.0,0
287,0,3,45.278333333333414,0.0,0.0,100,100,0,3,0.3448792039361468,0.0,0,0.0,0.0,0
288,0,3,45.878333333333416,0.0,0.0,100,100,0,3,0.35490003753889954,4.0,0,0.0,0.0,0
289,0,3,45.47833333333341,0.0,0.0,100,100,0,3,0.3580215242911753,0.0,0,0.0,0.0,0
290,0,3,47.07833333333341,0.0,0.0,100,100,0,3,0.33169304114891096,8.0,0,0.0,0.0,0
291,0,3,46.678333333333406,0.0,0.0,100,100,0,3,0.3345354137656047,0.0,0,0.0,0.0,0
292,0,3,47.2783333333334,0.0,0.0,100,100,0,3,0.34439078271700563,4.0,0,0.0,0.0,0
293,0,3,46.87833333333341,0.0,0.0,100,100,0,3,0.34732937509628803,0.0,0,0.0,0.0,0
294,0,3,47.4783333333334,0.0,0.0,100,100,0,3,0.3288985619171305,4.0,0,0.0,0.0,0
295,0,3,47.078333333333404,0.0,0.0,100,100,0,3,0.33169304114891074,0.0,0,0.0,0.0,0
296,0,3,48.6783333333334,0.0,0.0,100,100,0,3,0.33448602503965796,8.0,0,0.0,0.0,0
297,0,3,48.2783333333334,0.0,0.0,100,100,0,3,0.3372573388108291,0.0,0,0.0,0.0,0
298,0,3,48.878333333333394,0.0,0.0,100,100,0,3,0.3194780691285606,4.0,0,0.0,0.0,0
299,0,3,48.4783333333334,0.0,0.0,100,100,0,3,0.32211411741785945,0.0,0,0.0,0.0,0
300,0,3,50.0783333333334,0.0,0.0,100,100,0,3,0.3251350661741037,8.0,0,0.0,0.0,0
0,0,15,20.0,0.0,0.0,100,100,0,15,0.0,0.0,0,0.0,0.0,1
1,0,15,19.266666666666666,0.0,0.0,100,100,0,15,0.016147635524798254,0.0,0,0.0,0.0,1
2,0,15,18.200000000000003,0.0,0.0,100,100,0,15,0.04395604395604402,0.0,0,0.0,0.0,1
3,0,15,17.800000000000004,0.0,0.0,100,100,0,15,0.04494382022471899,0.0,0,0.0,0.0,1
4,0,15,17.66666666666667,0.0,0.73,100,100,0,15,0.06893081761006292,4.0,10,0.0,0.0,1
5,0,15,17.86666666666667,0.0,0.71,100,100,0,15,0.05920398009950256,8.0,5,0.0,0.0,1
6,0,15,17.533333333333342,0.0,3.67,100,100,0,15,0.08314321926489221,0.0,10,0.0,0.0,1
7,0,15,17.533333333333342,0.0,2.88,100,100,0,15,0.07705956907477818,4.0,5,0.0,0.0,1
8,0,15,17.33333333333334,0.0,2.8,100,100,0,15,0.07538461538461538,4.0,0,0.0,0.0,1
9,0,15,17.533333333333342,0.0,2.7199999999999998,100,100,0,15,0.05424588086185067,12.0,0,0.0,0.0,1
10,0,15,16.80000000000001,0.0,2.6399999999999997,100,100,0,15,0.07301587301587298,0.0,0,0.0,0.0,1
11,0,15,16.600000000000012,0.0,2.5599999999999996,100,100,0,15,0.06746987951807237,4.0,0,0.0,0.0,1
12,0,15,16.600000000000012,0.0,1.8299999999999996,100,100,0,15,0.08299866131191447,4.0,5,0.0,0.0,1
13,0,15,17.20000000000001,0.0,1.7699999999999996,100,100,0,15,0.0728682170542636,16.0,5,0.0,0.0,1
14,0,15,17.000000000000014,0.0,2.4399999999999995,100,100,0,15,0.08000000000000007,0.0,5,0.0,0.0,1
15,0,15,16.800000000000015,0.0,2.3599999999999994,100,100,0,15,0.0793650793650793,4.0,0,0.0,0.0,1
16,0,15,15.933333333333348,0.0,2.2799999999999994,100,100,0,15,0.09874476987447678,4.0,0,0.0,0.0,1
17,0,15,16.73333333333335,0.0,3.6799999999999993,100,100,0,15,0.11049136786188574,16.0,10,0.0,0.0,1
18,0,15,16.33333333333335,0.0,3.559999999999999,100,100,0,15,0.1131972789115645,0.0,0,0.0,0.0,1
19,0,15,16.379000000000016,0.0,3.439999999999999,100,100,0,15,0.10508306707097859,9.685,0,0.0,0.0,1
20,0,15,16.179000000000016,0.0,4.049999999999999,100,100,0,15,0.11407379936955331,0.0,5,0.0,0.0,1
21,0,15,16.37900000000002,0.0,3.909999999999999,100,100,0,15,0.11936422655025769,12.0,0,0.0,0.0,1
22,0,15,15.312333333333353,0.0,3.7699999999999987,100,100,0,15,0.1491579046665361,0.0,0,0.0,0.0,1
23,0,15,15.112333333333352,0.0,3.6299999999999986,100,100,0,15,0.15936652182544075,4.0,0,0.0,0.0,1
24,0,15,14.379000000000019,0.0,3.4899999999999984,100,100,0,15,0.1796632434646206,0.0,0,0.0,0.0,1
25,0,15,15.179000000000022,0.0,5.049999999999999,100,100,0,15,0.17019420105262384,16.0,10,0.0,0.0,1
26,0,15,15.37900000000002,0.0,7.079999999999998,100,100,0,15,0.17722868847129192,4.0,10,0.0,0.0,1
27,0,15,14.512333333333354,0.0,6.839999999999998,100,100,0,15,0.18436425722182648,4.0,0,0.0,0.0,1
28,0,15,14.112333333333355,0.0,6.599999999999998,100,100,0,15,0.1895898780420593,0.0,0,0.0,0.0,1
29,0,15,14.312333333333356,0.0,6.359999999999998,100,100,0,15,0.18631949134778858,12.0,0,0.0,0.0,1
30,0,15,13.979000000000022,0.0,6.119999999999997,100,100,0,15,0.18058834283170766,8.0,0,0.0,0.0,1
31,0,15,13.843000000000023,0.0,5.879999999999997,100,100,0,15,0.21493093179866252,7.960000000000001,5,0.0,0.0,1
32,0,15,13.443000000000023,0.0,5.639999999999997,100,100,0,15,0.2213262581930291,0.0,0,0.0,0.0,1
33,0,15,13.10966666666669,0.0,5.399999999999997,100,100,0,15,0.2123589887021451,8.0,0,0.0,0.0,1
34,0,15,12.976333333333356,0.0,5.159999999999997,100,100,0,15,0.211725620146078,12.0,0,0.0,0.0,1
35,0,15,13.176333333333357,0.0,4.919999999999997,100,100,0,15,0.22405491327042593,8.0,5,0.0,0.0,1
36,0,15,12.97633333333336,0.0,4.679999999999997,100,100,0,15,0.23561869043643546,4.0,0,0.0,0.0,1
37,0,15,13.376333333333358,0.0,4.439999999999997,100,100,0,15,0.2384210919783698,16.0,0,0.0,0.0,1
38,0,15,13.97633333333336,0.0,4.949999999999997,100,100,0,15,0.1995309531191618,16.0,5,0.0,0.0,1
39,0,15,13.776333333333358,0.0,4.689999999999996,100,100,0,15,0.198556300257285,4.0,0,0.0,0.0,1
40,0,15,13.392000000000026,0.0,4.429999999999996,100,100,0,15,0.2099130492499668,3.2350000000000003,5,0.0,0.0,1
41,0,15,13.392000000000026,0.0,4.179999999999996,100,100,0,15,0.20463958582238173,8.0,0,0.0,0.0,1
42,0,15,13.392000000000026,0.0,3.939999999999996,100,100,0,15,0.19821120403557702,8.0,0,0.0,0.0,1
43,0,15,13.592000000000025,0.0,4.449999999999996,100,100,0,15,0.20955463998430468,8.0,5,0.0,0.0,1
44,0,15,13.392000000000028,0.0,4.209999999999996,100,100,0,15,0.2186579052170452,4.0,0,0.0,0.0,1
45,0,15,13.592000000000029,0.0,3.9899999999999967,100,100,0,15,0.22844156693479856,12.0,0,0.0,0.0,1
46,0,15,13.592000000000029,0.0,3.7699999999999965,100,100,0,15,0.2205938133542611,4.0,5,0.0,0.0,1
47,0,15,13.325333333333361,0.0,3.5499999999999963,100,100,0,15,0.20633046494563434,16.0,0,0.0,0.0,1
48,0,15,12.925333333333363,0.0,3.329999999999996,100,100,0,15,0.2127157692043189,0.0,0,0.0,0.0,1
49,0,15,12.898333333333364,0.0,3.109999999999996,100,100,0,15,0.22226816556833362,7.595000000000002,0,0.0,0.0,1
50,0,15,13.498333333333363,0.0,2.889999999999996,100,100,0,15,0.2143639132403179,20.0,0,0.0,0.0,1
51,0,15,13.498333333333363,0.0,2.669999999999996,100,100,0,15,0.23346092110137073,8.0,0,0.0,0.0,1
52,0,15,13.231666666666696,0.0,2.449999999999996,100,100,0,15,0.24219675022043097,3.0,0,0.0,0.0,1
53,0,14,13.973928571428603,0.0,2.229999999999996,100,100,0,14,0.20594291848157464,3.9600000000000026,0,0.0,0.0,1
54,0,14,14.288214285714318,0.0,2.0199999999999965,100,100,0,14,0.2014129670164866,16.0,5,0.0,0.0,1
55,0,14,14.102500000000033,0.0,1.829999999999997,100,100,0,14,0.2145570513261148,4.0,0,0.0,0.0,1
56,0,14,13.916785714285748,0.0,1.649999999999997,100,100,0,14,0.21265429722585805,4.0,0,0.0,0.0,1
57,0,14,13.731071428571463,0.0,1.4799999999999973,100,100,0,14,0.2129294873462173,4.0,0,0.0,0.0,1
58,0,14,13.855357142857176,0.0,1.3199999999999972,100,100,0,14,0.2395135602894336,10.340000000000002,0,0.0,0.0,1
59,0,14,14.026785714285749,0.0,1.159999999999997,100,100,0,14,0.23331272165135974,11.0,0,0.0,0.0,1
60,0,14,13.769642857142893,0.0,0.9999999999999971,100,100,0,14,0.24063397372955175,3.0,0,0.0,0.0,1
61,0,14,13.583928571428606,0.0,0.8399999999999971,100,100,0,14,0.24742436477680352,4.0,0,0.0,0.0,1
62,0,14,13.683928571428607,0.0,0.6999999999999977,100,100,0,14,0.26102235230514004,10.0,0,0.0,0.0,1
63,0,14,13.355357142857178,0.0,0.6099999999999989,100,100,0,14,0.2791645177926767,8.0,0,0.0,0.0,1
64,0,14,12.955357142857178,0.0,0.5599999999999992,100,100,0,14,0.2877837944274886,0.0,0,0.0,0.0,1
65,0,14,12.555357142857178,0.0,0.5199999999999992,100,100,0,14,0.2969522725887397,0.0,0,0.0,0.0,1
66,0,14,12.798214285714321,0.0,1.209999999999999,100,100,0,14,0.3130199924256014,8.0,5,0.0,0.0,1
67,0,14,13.023571428571463,0.0,2.609999999999999,100,100,0,14,0.290317399377894,7.755000000000002,5,0.0,0.0,1
68,0,13,14.071538461538498,0.0,2.509999999999999,100,100,0,13,0.2538970350154959,8.0,0,0.0,0.0,1
69,0,13,14.133076923076962,0.0,2.4099999999999993,100,100,0,13,0.26173440123257796,4.0,5,0.0,0.0,1
70,0,13,14.194615384615425,0.0,2.309999999999999,100,100,0,13,0.27057514100271374,8.0,0,0.0,0.0,1
71,0,13,13.794615384615424,0.0,2.209999999999999,100,100,0,13,0.27842096006931794,0.0,0,0.0,0.0,1
72,0,13,14.317692307692347,0.0,1.4999999999999991,100,100,0,13,0.29661650872632483,12.0,5,0.0,0.0,1
73,0,12,15.094166666666709,0.0,1.419999999999999,100,100,0,12,0.24576731261156848,0.0,0,0.0,0.0,1
74,0,12,15.19416666666671,0.0,1.339999999999999,100,100,0,12,0.25526517852245934,8.0,0,0.0,0.0,1
75,0,12,15.04416666666671,0.0,1.259999999999999,100,100,0,12,0.26229712513155756,0.0,5,0.0,0.0,1
76,0,12,15.894166666666711,0.0,2.6899999999999995,100,100,0,12,0.2516078575298415,16.0,5,0.0,0.0,1
77,0,12,15.494166666666713,0.0,2.5899999999999994,100,100,0,12,0.2581034080926512,0.0,0,0.0,0.0,1
78,0,12,15.59416666666671,0.0,2.4899999999999993,100,100,0,12,0.2699504800584267,8.0,0,0.0,0.0,1
79,0,12,15.444166666666712,0.0,2.3899999999999992,100,100,0,12,0.26866940052878685,4.0,0,0.0,0.0,1
80,0,12,15.794166666666712,0.0,2.289999999999999,100,100,0,12,0.271949031815544,8.0,5,0.0,0.0,1
81,0,12,15.644166666666713,0.0,2.1999999999999993,100,100,0,12,0.28654184200713795,4.0,0,0.0,0.0,1
82,0,12,15.494166666666713,0.0,2.119999999999999,100,100,0,12,0.2933496477168829,4.0,0,0.0,0.0,1
83,0,12,16.094166666666712,0.0,2.039999999999999,100,100,0,12,0.2874531835205998,8.0,10,0.0,0.0,1
84,0,12,16.194166666666714,0.0,1.959999999999999,100,100,0,12,0.2896747800133792,8.0,0,0.0,0.0,1
85,0,12,16.044166666666715,0.0,1.879999999999999,100,100,0,12,0.30406949566301367,4.0,0,0.0,0.0,1
86,0,12,15.894166666666715,0.0,1.799999999999999,100,100,0,12,0.3108713888743251,4.0,0,0.0,0.0,1
87,0,12,15.744166666666716,0.0,1.7199999999999989,100,100,0,12,0.32838882125655,4.0,0,0.0,0.0,1
88,0,11,16.75727272727278,0.0,1.6399999999999988,100,100,0,11,0.2751882739947624,0.0,0,0.0,0.0,1
89,0,11,17.175454545454603,0.0,2.3099999999999987,100,100,0,11,0.2713751605933896,8.0,5,0.0,0.0,1
90,0,11,17.320909090909147,0.0,2.2099999999999986,100,100,0,11,0.2724362185864313,8.0,0,0.0,0.0,1
91,0,10,18.95300000000006,0.0,2.1099999999999985,100,100,0,10,0.21497915897219433,4.0,0,0.0,0.0,1
92,0,10,18.85300000000006,0.0,3.4899999999999984,100,100,0,10,0.2081631570572322,0.0,5,0.0,0.0,1
93,0,10,18.45300000000006,0.0,3.3499999999999983,100,100,0,10,0.21267544572698238,0.0,0,0.0,0.0,1
94,0,10,18.453000000000063,0.0,3.209999999999998,100,100,0,10,0.23998265864629031,8.0,5,0.0,0.0,1
95,0,10,18.653000000000063,0.0,3.0699999999999985,100,100,0,10,0.25992601726263853,8.0,0,0.0,0.0,1
96,0,10,18.55300000000006,0.0,2.9299999999999984,100,100,0,10,0.259171023554142,0.0,5,0.0,0.0,1
97,0,10,18.453000000000067,0.0,2.7899999999999983,100,100,0,10,0.2511515742697663,4.0,0,0.0,0.0,1
98,0,10,18.653000000000066,0.0,2.649999999999998,100,100,0,10,0.24973998820565035,8.0,0,0.0,0.0,1
99,0,10,18.853000000000065,0.0,2.509999999999998,100,100,0,10,0.26936827030180877,8.0,0,0.0,0.0,1
100,0,10,18.453000000000067,0.0,2.369999999999998,100,100,0,10,0.27520728336855793,0.0,0,0.0,0.0,1
101,0,10,18.35300000000007,0.0,2.2299999999999978,100,100,0,10,0.2672315152836049,4.0,0,0.0,0.0,1
102,0,10,18.85300000000007,0.0,2.0899999999999976,100,100,0,10,0.2656924627380257,12.0,0,0.0,0.0,1
103,0,10,19.05300000000007,0.0,1.9499999999999977,100,100,0,10,0.2849472524011962,8.0,0,0.0,0.0,1
104,0,10,18.65300000000007,0.0,1.8299999999999985,100,100,0,10,0.29105773870154894,0.0,0,0.0,0.0,1
105,0,10,18.49650000000007,0.0,1.7299999999999984,100,100,0,10,0.28732192576974014,3.4350000000000005,0,0.0,0.0,1
106,0,10,18.696500000000068,0.0,1.6299999999999986,100,100,0,10,0.30029417270612124,8.0,0,0.0,0.0,1
107,0,10,18.896500000000067,0.0,2.9899999999999984,100,100,0,10,0.3089593310930594,4.0,5,0.0,0.0,1
108,0,10,18.496500000000072,0.0,2.8499999999999983,100,100,0,10,0.3156407969075228,0.0,0,0.0,0.0,1
109,0,10,17.59650000000007,0.0,2.709999999999998,100,100,0,10,0.34995311567641263,0.0,0,0.0,0.0,1
110,0,10,17.59650000000007,0.0,2.569999999999998,100,100,0,10,0.38238570170204245,12.0,0,0.0,0.0,1
111,0,10,17.796500000000073,0.0,2.429999999999998,100,100,0,10,0.3922147613294742,8.0,0,0.0,0.0,1
112,0,10,17.69650000000007,0.0,2.289999999999998,100,100,0,10,0.38400531178481523,4.0,0,0.0,0.0,1
113,0,9,19.57388888888897,0.0,2.1499999999999977,100,100,0,9,0.30529459439855877,4.0,0,0.0,0.0,1
114,0,9,20.17388888888897,0.0,2.0299999999999985,100,100,0,9,0.31824537891235716,12.0,0,0.0,0.0,1
115,0,9,20.440555555555637,0.0,1.9299999999999984,100,100,0,9,0.32858907340466237,8.0,0,0.0,0.0,1
116,0,9,20.37388888888897,0.0,1.8299999999999983,100,100,0,9,0.3191509345355492,4.0,0,0.0,0.0,1
117,0,9,20.307222222222308,0.0,1.7299999999999984,100,100,0,9,0.31439279949662025,4.0,0,0.0,0.0,1
118,0,9,20.24055555555564,0.0,1.6299999999999983,100,100,0,9,0.32274769211063137,4.0,0,0.0,0.0,1
119,0,9,20.507222222222303,0.0,1.5299999999999985,100,100,0,9,0.3329992143689209,8.0,0,0.0,0.0,1
120,0,9,20.676666666666748,0.0,1.4299999999999984,100,100,0,9,0.34000274658020846,7.125000000000001,0,0.0,0.0,1
121,0,9,19.721111111111195,0.0,1.3299999999999983,100,100,0,9,0.3649845687706972,0.0,0,0.0,0.0,1
122,0,9,19.65444444444453,0.0,1.2299999999999984,100,100,0,9,0.37376021507402535,4.0,0,0.0,0.0,1
123,0,9,19.921111111111195,0.0,1.1299999999999983,100,100,0,9,0.3836304931179151,8.0,0,0.0,0.0,1
124,0,9,20.187777777777864,0.0,1.0299999999999983,100,100,0,9,0.3853755786718518,8.0,0,0.0,0.0,1
125,0,9,19.787777777777862,0.0,0.9299999999999983,100,100,0,9,0.393165752646913,0.0,0,0.0,0.0,1
126,0,9,19.7211111111112,0.0,0.8299999999999982,100,100,0,9,0.39395020689741456,4.0,0,0.0,0.0,1
127,0,9,20.654444444444533,0.0,0.7399999999999985,100,100,0,9,0.39455831106807415,16.0,0,0.0,0.0,1
128,0,9,20.587777777777866,0.0,0.6599999999999985,100,100,0,9,0.3886820059846121,4.0,0,0.0,0.0,1
129,0,9,19.63222222222231,0.0,0.5899999999999989,100,100,0,9,0.4201772092993996,0.0,0,0.0,0.0,1
130,0,9,19.565555555555644,0.0,0.5399999999999991,100,100,0,9,0.4367526706671452,4.0,0,0.0,0.0,1
131,0,9,20.496666666666755,0.0,0.49999999999999917,100,100,0,9,0.43859585720050775,15.98,0,0.0,0.0,1
132,0,9,20.43000000000009,0.0,0.4599999999999992,100,100,0,9,0.43277557211314677,4.0,0,0.0,0.0,1
133,0,9,20.03000000000009,0.0,0.4199999999999992,100,100,0,9,0.4414181197339784,0.0,0,0.0,0.0,1
134,0,9,19.963333333333424,0.0,0.3799999999999992,100,100,0,9,0.45773424117054007,4.0,0,0.0,0.0,1
135,0,9,20.563333333333425,0.0,0.33999999999999925,100,100,0,9,0.4659918469287887,12.0,0,0.0,0.0,1
136,0,9,20.49666666666676,0.0,0.29999999999999927,100,100,0,9,0.46144208934906517,4.0,0,0.0,0.0,1
137,0,9,20.430000000000092,0.0,0.2599999999999993,100,100,0,9,0.4581558226524767,4.0,0,0.0,0.0,1
138,0,9,20.363333333333426,0.0,0.21999999999999928,100,100,0,9,0.4742062409438399,4.0,0,0.0,0.0,1
139,0,9,20.29666666666676,0.0,0.17999999999999927,100,100,0,9,0.4830629611381778,4.0,0,0.0,0.0,1
140,0,9,20.89666666666676,0.0,0.13999999999999926,100,100,0,9,0.47387792961249553,12.0,0,0.0,0.0,1
141,0,8,23.1087500000001,0.0,0.09999999999999926,100,100,0,8,0.41517688105154904,0.0,0,0.0,0.0,1
142,0,7,25.99571428571439,0.0,0.059999999999999255,100,100,0,7,0.3375438651583069,0.0,0,0.0,0.0,1
143,0,7,25.595714285714386,0.0,0.019999999999999254,100,100,0,7,0.34281887114392573,0.0,0,0.0,0.0,1
144,0,7,26.052857142857246,0.0,0.0,100,100,0,7,0.34752739720662085,8.0,0,0.0,0.0,1
145,0,7,26.08142857142867,0.0,0.0,100,100,0,7,0.3599089194751135,4.0,0,0.0,0.0,1
146,0,7,26.110000000000102,0.0,0.0,100,100,0,7,0.3486270800928566,4.0,0,0.0,0.0,1
147,0,7,26.13857142857153,0.0,0.0,100,100,0,7,0.33666721320435067,4.0,0,0.0,0.0,1
148,0,7,26.881428571428675,0.0,0.0,100,100,0,7,0.3279405400891291,11.0,0,0.0,0.0,1
149,0,7,27.338571428571534,0.0,0.0,100,100,0,7,0.34485178300823405,8.0,0,0.0,0.0,1
150,0,7,27.367142857142962,0.0,0.0,100,100,0,7,0.3350807985145301,4.0,0,0.0,0.0,1
151,0,7,27.395714285714394,0.0,0.0,100,100,0,7,0.32517375725385333,4.0,0,0.0,0.0,1
152,0,7,26.995714285714392,0.0,0.0,100,100,0,7,0.3299919110365215,0.0,0,0.0,0.0,1
153,0,7,27.45285714285725,0.0,0.0,100,100,0,7,0.34679859350723685,8.0,0,0.0,0.0,1
154,0,7,27.05285714285725,0.0,0.0,100,100,0,7,0.35192631205727287,0.0,0,0.0,0.0,1
155,0,7,26.795714285714393,0.0,0.0,100,100,0,7,0.36344526614825723,8.0,0,0.0,0.0,1
156,0,7,27.11000000000011,0.0,0.0,100,100,0,7,0.3622430159817527,7.0,0,0.0,0.0,1
157,0,7,27.138571428571538,0.0,0.0,100,100,0,7,0.3721565059144678,4.0,0,0.0,0.0,1
158,0,7,27.595714285714397,0.0,0.0,100,100,0,7,0.36474164133738585,8.0,0,0.0,0.0,1
159,0,7,28.052857142857253,0.0,0.0,100,100,0,7,0.34570308237365355,8.0,0,0.0,0.0,1
160,0,7,28.081428571428685,0.0,0.0,100,100,0,7,0.3468048459654507,4.0,0,0.0,0.0,1
161,0,7,28.11000000000011,0.0,0.0,100,100,0,7,0.35639143597673906,4.0,0,0.0,0.0,1
162,0,7,28.13857142857154,0.0,0.0,100,100,0,7,0.36785877472276396,4.0,0,0.0,0.0,1
163,0,7,28.5957142857144,0.0,0.0,100,100,0,7,0.3582383545414971,8.0,0,0.0,0.0,1
164,0,7,28.62428571428583,0.0,0.0,100,100,0,7,0.3593067111557906,4.0,0,0.0,0.0,1
165,0,7,28.65285714285726,0.0,0.0,100,100,0,7,0.3686992072593107,4.0,0,0.0,0.0,1
166,0,7,28.681428571428686,0.0,0.0,100,100,0,7,0.37993724161976394,4.0,0,0.0,0.0,1
167,0,7,29.567142857142976,0.0,0.0,100,100,0,7,0.3588925931294391,12.0,0,0.0,0.0,1
168,0,7,29.5957142857144,0.0,0.0,100,100,0,7,0.35992525117398433,4.0,0,0.0,0.0,1
169,0,7,29.195714285714406,0.0,0.0,100,100,0,7,0.36485645782509346,0.0,0,0.0,0.0,1
170,0,7,29.224285714285834,0.0,0.0,100,100,0,7,0.3740598747197956,4.0,0,0.0,0.0,1
171,0,7,30.11000000000012,0.0,0.0,100,100,0,7,0.37275567815967325,12.0,0,0.0,0.0,1
172,0,7,30.56714285714298,0.0,0.0,100,100,0,7,0.3605044765955179,8.0,0,0.0,0.0,1
173,0,6,35.222500000000146,0.0,0.0,100,100,0,6,0.2583851862367015,0.0,0,0.0,0.0,1
174,0,6,35.32250000000015,0.0,0.0,100,100,0,6,0.2660603486918156,4.0,0,0.0,0.0,1
175,0,6,36.42250000000015,0.0,0.0,100,100,0,6,0.262074724872446,12.0,0,0.0,0.0,1
176,0,6,37.02250000000015,0.0,0.0,100,100,0,6,0.24582273542365374,8.0,0,0.0,0.0,1
177,0,6,36.62250000000015,0.0,0.0,100,100,0,6,0.24850767212020575,0.0,0,0.0,0.0,1
178,0,6,36.72250000000015,0.0,0.0,100,100,0,6,0.25591712619420415,4.0,0,0.0,0.0,1
179,0,6,37.822500000000154,0.0,0.0,100,100,0,6,0.2523740278053186,12.0,0,0.0,0.0,1
180,0,6,37.922500000000156,0.0,0.0,100,100,0,6,0.24072120772628391,4.0,0,0.0,0.0,1
181,0,6,37.52250000000016,0.0,0.0,100,100,0,6,0.24328736091678316,0.0,0,0.0,0.0,1
182,0,6,37.12250000000016,0.0,0.0,100,100,0,6,0.24590881540844478,0.0,0,0.0,0.0,1
183,0,6,37.72250000000016,0.0,0.0,100,100,0,6,0.24641571122451222,8.0,0,0.0,0.0,1
184,0,6,38.1558333333335,0.0,0.0,100,100,0,6,0.24434519259469578,7.0,0,0.0,0.0,1
185,0,6,37.75583333333349,0.0,0.0,100,100,0,6,0.24693388071011846,0.0,0,0.0,0.0,1
186,0,6,37.3558333333335,0.0,0.0,100,100,0,6,0.24957800730214652,0.0,0,0.0,0.0,1
187,0,6,37.455833333333494,0.0,0.0,100,100,0,6,0.2422371533880645,4.0,0,0.0,0.0,1
188,0,6,37.5558333333335,0.0,0.0,100,100,0,6,0.24381106648619433,4.0,0,0.0,0.0,1
189,0,6,37.6558333333335,0.0,0.0,100,100,0,6,0.25422872360044546,4.0,0,0.0,0.0,1
190,0,6,37.2558333333335,0.0,0.0,100,100,0,6,0.2569582690257304,0.0,0,0.0,0.0,1
191,0,6,37.3558333333335,0.0,0.0,100,100,0,6,0.24957800730214674,4.0,0,0.0,0.0,1
192,0,6,37.78916666666684,0.0,0.0,100,100,0,6,0.24745113605457192,7.0,0,0.0,0.0,1
193,0,6,37.88916666666684,0.0,0.0,100,100,0,6,0.25779503082821953,4.0,0,0.0,0.0,1
194,0,6,37.48916666666684,0.0,0.0,100,100,0,6,0.2605456391105576,0.0,0,0.0,0.0,1
195,0,6,37.08916666666684,0.0,0.0,100,100,0,6,0.2633555770253364,0.0,0,0.0,0.0,1
196,0,6,36.68916666666684,0.0,0.0,100,100,0,6,0.2662267850788529,0.0,0,0.0,0.0,1
197,0,6,36.789166666666844,0.0,0.0,100,100,0,6,0.2722986084369641,0.0,5,0.0,0.0,1
198,0,6,37.389166666666846,0.0,0.0,100,100,0,6,0.2768441542039062,8.0,0,0.0,0.0,1
199,0,6,36.98916666666684,0.0,0.0,100,100,0,6,0.2798379405381455,0.0,0,0.0,0.0,1
200,0,6,37.42250000000018,0.0,0.0,100,100,0,6,0.27140163745815404,7.0,0,0.0,0.0,1
201,0,6,37.02250000000018,0.0,0.0,100,100,0,6,0.2743339260659807,0.0,0,0.0,0.0,1
202,0,6,37.62250000000018,0.0,0.0,100,100,0,6,0.2788188214794629,8.0,0,0.0,0.0,1
203,0,6,37.722500000000174,0.0,0.75,100,100,0,6,0.2847070345579188,0.0,5,0.0,0.0,1
204,0,6,37.322500000000176,0.0,0.73,100,100,0,6,0.28775835249812043,0.0,0,0.0,0.0,1
205,0,6,37.42250000000018,0.0,2.19,100,100,0,6,0.2758552861098118,0.0,5,0.0,0.0,1
206,0,6,37.52250000000018,0.0,2.13,100,100,0,6,0.27289922342890516,4.0,0,0.0,0.0,1
207,0,6,37.12250000000018,0.0,2.07,100,100,0,6,0.2758397497773879,0.0,0,0.0,0.0,1
208,0,6,38.05583333333351,0.0,2.01,100,100,0,6,0.27783373843986503,11.0,0,0.0,0.0,1
209,0,6,37.65583333333351,0.0,1.9499999999999997,100,100,0,6,0.28078503404371413,0.0,0,0.0,0.0,1
210,0,6,37.755833333333506,0.0,1.8899999999999997,100,100,0,6,0.2778341830916482,4.0,0,0.0,0.0,1
211,0,6,37.35583333333351,0.0,1.8299999999999996,100,100,0,6,0.2808091849406231,0.0,0,0.0,0.0,1
212,0,6,37.45583333333351,0.0,1.7699999999999996,100,100,0,6,0.2911836904205687,4.0,0,0.0,0.0,1
213,0,6,37.05583333333351,0.0,1.7099999999999995,100,100,0,6,0.2943268791088518,0.0,0,0.0,0.0,1
214,0,6,37.15583333333351,0.0,1.6499999999999995,100,100,0,6,0.29577754352912966,4.0,0,0.0,0.0,1
215,0,6,36.755833333333506,0.0,1.5899999999999994,100,100,0,6,0.2989963800152651,0.0,0,0.0,0.0,1
216,0,6,36.02250000000017,0.0,1.5299999999999994,100,100,0,6,0.30508324272638165,4.0,0,0.0,0.0,1
217,0,6,36.12250000000018,0.0,1.4699999999999993,100,100,0,6,0.2973177690113109,4.0,0,0.0,0.0,1
218,0,6,36.722500000000174,0.0,1.4099999999999993,100,100,0,6,0.2924599662634919,8.0,0,0.0,0.0,1
219,0,6,36.822500000000176,0.0,1.3499999999999992,100,100,0,6,0.29845505088223434,4.0,0,0.0,0.0,1
220,0,6,36.92250000000018,0.0,1.2899999999999991,100,100,0,6,0.30893162103805927,4.0,0,0.0,0.0,1
221,0,6,37.02250000000017,0.0,1.229999999999999,100,100,0,6,0.30134452772713205,4.0,0,0.0,0.0,1
222,0,6,37.62250000000017,0.0,1.169999999999999,100,100,0,6,0.29653871427411116,8.0,0,0.0,0.0,1
223,0,6,37.62500000000018,0.0,1.109999999999999,100,100,0,6,0.3018678479143586,3.415000000000001,0,0.0,0.0,1
224,0,6,37.72500000000017,0.0,1.049999999999999,100,100,0,6,0.3121125101244375,4.0,0,0.0,0.0,1
225,0,6,37.32500000000017,0.0,0.9899999999999989,100,100,0,6,0.31545731934211396,0.0,0,0.0,0.0,1
226,0,6,38.425000000000175,0.0,0.9299999999999988,100,100,0,6,0.29992048001156557,12.0,0,0.0,0.0,1
227,0,6,38.025000000000176,0.0,0.8699999999999988,100,100,0,6,0.30307546204981994,0.0,0,0.0,0.0,1
228,0,6,38.12500000000018,0.0,0.8099999999999987,100,100,0,6,0.31320947176684766,4.0,0,0.0,0.0,1
229,0,6,37.72500000000017,0.0,0.7499999999999988,100,100,0,6,0.3165304469479411,0.0,0,0.0,0.0,1
230,0,6,38.82500000000017,0.0,0.6899999999999988,100,100,0,6,0.3033912856836223,12.0,0,0.0,0.0,1
231,0,6,38.425000000000175,0.0,0.6299999999999988,100,100,0,6,0.3065495554109725,0.0,0,0.0,0.0,1
232,0,6,38.525000000000176,0.0,0.5699999999999988,100,100,0,6,0.31656932727665876,4.0,0,0.0,0.0,1
233,0,5,45.790000000000205,0.0,0.5099999999999989,100,100,0,5,0.18265996942563767,0.0,0,0.0,0.0,1
234,0,5,45.9900000000002,0.0,0.4499999999999989,100,100,0,5,0.17142857142857038,4.0,0,0.0,0.0,1
235,0,5,46.190000000000204,0.0,0.3899999999999989,100,100,0,5,0.16823554882008995,4.0,0,0.0,0.0,1
236,0,5,46.9900000000002,0.0,0.3299999999999989,100,100,0,5,0.18069376463077158,8.0,0,0.0,0.0,1
237,0,5,46.5900000000002,0.0,0.2699999999999989,100,100,0,5,0.18224511697789114,0.0,0,0.0,0.0,1
238,0,5,46.790000000000205,0.0,0.2099999999999989,100,100,0,5,0.17120752297499342,4.0,0,0.0,0.0,1
239,0,5,46.9900000000002,0.0,0.14999999999999888,100,100,0,5,0.170478825281974,4.0,0,0.0,0.0,1
240,0,5,47.190000000000204,0.0,0.08999999999999889,100,100,0,5,0.1748421275693992,4.0,0,0.0,0.0,1
241,0,5,47.3900000000002,0.0,0.03999999999999926,100,100,0,5,0.1842329605401971,4.0,0,0.0,0.0,1
242,0,5,47.5900000000002,0.0,0.009999999999999627,100,100,0,5,0.1733725572599274,4.0,0,0.0,0.0,1
243,0,5,47.190000000000204,0.0,0.0,100,100,0,5,0.1748421275693992,0.0,0,0.0,0.0,1
244,0,5,47.3900000000002,0.0,0.0,100,100,0,5,0.17916860097066767,4.0,0,0.0,0.0,1
245,0,5,47.5900000000002,0.0,0.0,100,100,0,5,0.1885017860895133,4.0,0,0.0,0.0,1
246,0,5,47.790000000000205,0.0,0.0,100,100,0,5,0.18771291065076245,4.0,0,0.0,0.0,1
247,0,5,47.3900000000002,0.0,0.0,100,100,0,5,0.18929732010972633,0.0,0,0.0,0.0,1
248,0,5,46.9900000000002,0.0,0.0,100,100,0,5,0.19090870397956872,0.0,0,0.0,0.0,1
249,0,5,47.190000000000204,0.0,0.0,100,100,0,5,0.2002712439076062,4.0,0,0.0,0.0,1
250,0,5,47.790000000000205,0.0,0.0,100,100,0,5,0.19106089139987303,7.0,0,0.0,0.0,1
251,0,5,47.3900000000002,0.0,0.0,100,100,0,5,0.19267355982274603,0.0,0,0.0,0.0,1
252,0,5,47.3900000000002,0.0,0.0,100,100,0,5,0.19604979953576573,3.0,0,0.0,0.0,1
253,0,5,47.5900000000002,0.0,0.0,100,100,0,5,0.20531204034460848,4.0,0,0.0,0.0,1
254,0,5,47.790000000000205,0.0,0.0,100,100,0,5,0.20612680477087109,4.0,0,0.0,0.0,1
255,0,5,47.3900000000002,0.0,0.0,100,100,0,5,0.20786663853133436,0.0,0,0.0,0.0,1
256,0,5,46.9900000000002,0.0,0.0,100,100,0,5,0.2096360927856975,0.0,0,0.0,0.0,1
257,0,5,47.190000000000204,0.0,0.0,100,100,0,5,0.21891926255562444,4.0,0,0.0,0.0,1
258,0,5,47.9900000000002,0.0,0.0,100,100,0,5,0.21026880600124853,8.0,0,0.0,0.0,1
259,0,5,47.5900000000002,0.0,0.0,100,100,0,5,0.21203614204664678,0.0,0,0.0,0.0,1
260,0,5,47.5900000000002,0.0,0.0,100,100,0,5,0.21203614204664656,3.0,0,0.0,0.0,1
261,0,5,47.190000000000204,0.0,0.0,100,100,0,5,0.21383343928798282,0.0,0,0.0,0.0,1
262,0,5,47.9900000000002,0.0,0.0,100,100,0,5,0.20526776411752268,8.0,0,0.0,0.0,1
263,0,5,47.190000000000204,0.0,0.0,100,100,0,5,0.23242212333121204,4.0,0,0.0,0.0,1
264,0,5,46.790000000000205,0.0,0.0,100,100,0,5,0.23440906176533227,0.0,0,0.0,0.0,1
265,0,5,46.3900000000002,0.0,0.0,100,100,0,5,0.23643026514334764,0.0,0,0.0,0.0,1
266,0,5,47.790000000000205,0.0,0.0,100,100,0,5,0.21946013810420384,12.0,0,0.0,0.0,1
267,0,5,47.9900000000002,0.0,0.0,100,100,0,5,0.2285476140862659,4.0,0,0.0,0.0,1
268,0,5,47.9900000000002,0.0,0.0,100,100,0,5,0.2285476140862659,3.0,0,0.0,0.0,1
269,0,5,47.5900000000002,0.0,0.0,100,100,0,5,0.23046858583735852,0.0,0,0.0,0.0,1
270,0,5,48.3900000000002,0.0,0.0,100,100,0,5,0.2117792932424034,8.0,0,0.0,0.0,1
271,0,5,49.190000000000204,0.0,0.0,100,100,0,5,0.22297214881073169,8.0,0,0.0,0.0,1
272,0,5,48.790000000000205,0.0,0.0,100,100,0,5,0.22480016396802394,0.0,0,0.0,0.0,1
273,0,5,48.3900000000002,0.0,0.0,100,100,0,5,0.22665840049596775,0.0,0,0.0,0.0,1
274,0,5,49.190000000000204,0.0,0.0,100,100,0,5,0.2083350274446003,8.0,0,0.0,0.0,1
275,0,5,49.9900000000002,0.0,0.0,100,100,0,5,0.21940388077615314,8.0,0,0.0,0.0,1
276,0,5,49.9900000000002,0.0,0.0,100,100,0,5,0.21940388077615292,3.0,0,0.0,0.0,1
277,0,5,49.5900000000002,0.0,0.0,100,100,0,5,0.22117362371445615,0.0,0,0.0,0.0,1
278,0,5,50.3900000000002,0.0,0.0,100,100,0,5,0.20337368525500876,8.0,0,0.0,0.0,1
279,0,5,51.190000000000204,0.0,0.0,100,100,0,5,0.21426059777300033,8.0,0,0.0,0.0,1
280,0,5,49.790000000000205,0.0,0.0,100,100,0,5,0.23635268126129505,0.0,0,0.0,0.0,1
281,0,5,49.3900000000002,0.0,0.0,100,100,0,5,0.2382668556387908,0.0,0,0.0,0.0,1
282,0,5,49.5900000000002,0.0,0.0,100,100,0,5,0.23246622302883413,4.0,0,0.0,0.0,1
283,0,5,50.3900000000002,0.0,0.0,100,100,0,5,0.2240127009327224,8.0,0,0.0,0.0,1
284,0,5,50.5900000000002,0.0,0.0,100,100,0,5,0.2326151413322768,4.0,0,0.0,0.0,1
285,0,5,50.790000000000205,0.0,0.0,100,100,0,5,0.23169915337664637,4.0,0,0.0,0.0,1
286,0,5,50.3900000000002,0.0,0.0,100,100,0,5,0.23353840047628238,0.0,0,0.0,0.0,1
287,0,5,49.5900000000002,0.0,0.0,100,100,0,5,0.23574914297237126,4.0,0,0.0,0.0,1
288,0,5,49.790000000000205,0.0,0.0,100,100,0,5,0.24444265916850538,4.0,0,0.0,0.0,1
289,0,5,49.9900000000002,0.0,0.0,100,100,0,5,0.2434646929385853,4.0,0,0.0,0.0,1
290,0,5,50.190000000000204,0.0,0.0,100,100,0,5,0.2376569037656877,4.0,0,0.0,0.0,1
291,0,5,50.9900000000002,0.0,0.0,100,100,0,5,0.22927632869189796,8.0,0,0.0,0.0,1
292,0,5,51.190000000000204,0.0,0.0,100,100,0,5,0.2377573744872019,4.0,0,0.0,0.0,1
293,0,5,50.790000000000205,0.0,0.0,100,100,0,5,0.23962984839535095,0.0,0,0.0,0.0,1
294,0,5,50.9900000000002,0.0,0.0,100,100,0,5,0.23392822121984436,4.0,0,0.0,0.0,1
295,0,5,51.190000000000204,0.0,0.0,100,100,0,5,0.22369212736862432,4.0,0,0.0,0.0,1
296,0,5,51.3900000000002,0.0,2.21,100,100,0,5,0.2228215606149031,0.0,5,0.0,0.0,1
297,0,5,52.190000000000204,0.0,2.15,100,100,0,5,0.23320176278980398,8.0,0,0.0,0.0,1
298,0,5,52.3900000000002,0.0,2.09,100,100,0,5,0.2276770376025934,4.0,0,0.0,0.0,1
299,0,5,52.5900000000002,0.0,2.03,100,100,0,5,0.21773721239779187,4.0,0,0.0,0.0,1
300,0,5,52.190000000000204,0.0,1.9699999999999998,100,100,0,5,0.2194060164782501,0.0,0,0.0,0.0,1
0,0,15,20.0,0.0,0.0,100,100,0,15,0.0,0.0,0,0.0,0.0,2
1,0,15,18.6,0.0,0.0,100,100,0,15,0.043010752688172005,0.0,0,0.0,0.0,2
2,0,15,18.200000000000003,0.0,0.0,100,100,0,15,0.04395604395604402,0.0,0,0.0,0.0,2
3,0,15,17.466666666666672,0.0,0.0,100,100,0,15,0.05597964376590325,0.0,0,0.0,0.0,2
4,0,15,17.733333333333338,0.0,2.21,100,100,0,15,0.0641604010025063,12.0,10,0.0,0.0,2
5,0,15,17.53333333333334,0.0,2.15,100,100,0,15,0.07249683143219254,0.0,5,0.0,0.0,2
6,0,15,17.33333333333334,0.0,2.09,100,100,0,15,0.0641025641025641,4.0,0,0.0,0.0,2
7,0,15,17.33333333333334,0.0,2.76,100,100,0,15,0.05948717948717941,4.0,5,0.0,0.0,2
8,0,15,17.533333333333342,0.0,2.6799999999999997,100,100,0,15,0.049683143219264814,12.0,0,0.0,0.0,2
9,0,15,17.533333333333342,0.0,3.4499999999999997,100,100,0,15,0.06337135614702172,0.0,10,0.0,0.0,2
10,0,15,17.333333333333346,0.0,3.3499999999999996,100,100,0,15,0.057435897435897276,4.0,0,0.0,0.0,2
11,0,15,16.66666666666668,0.0,3.2499999999999996,100,100,0,15,0.08053333333333357,4.0,5,0.0,0.0,2
12,0,15,16.662333333333343,0.0,3.1499999999999995,100,100,0,15,0.09055154340128446,7.935,0,0.0,0.0,2
13,0,15,16.26233333333335,0.0,3.0499999999999994,100,100,0,15,0.09277881402832722,0.0,0,0.0,0.0,2
14,0,15,16.662333333333347,0.0,3.6799999999999993,100,100,0,15,0.08155187015290677,12.0,5,0.0,0.0,2
15,0,15,16.129000000000012,0.0,5.059999999999999,100,100,0,15,0.11455969578605818,0.0,5,0.0,0.0,2
16,0,15,15.929000000000013,0.0,3.559999999999999,100,100,0,15,0.12381052029492001,4.0,0,0.0,0.0,2
17,0,15,15.529000000000016,0.0,3.439999999999999,100,100,0,15,0.1269996637116222,0.0,0,0.0,0.0,2
18,0,15,15.670000000000016,0.0,3.319999999999999,100,100,0,15,0.10890448840672184,11.115,0,0.0,0.0,2
19,0,15,15.470000000000017,0.0,4.699999999999999,100,100,0,15,0.11663290957408634,0.0,5,0.0,0.0,2
20,0,15,15.670000000000016,0.0,5.269999999999999,100,100,0,15,0.1377976317095655,4.0,10,0.0,0.0,2
21,0,15,15.470000000000017,0.0,5.089999999999998,100,100,0,15,0.13836385836385867,4.0,0,0.0,0.0,2
22,0,15,15.136666666666683,0.0,4.909999999999998,100,100,0,15,0.13932026719518475,4.0,5,0.0,0.0,2
23,0,15,14.736666666666682,0.0,4.729999999999999,100,100,0,15,0.14310186232375788,0.0,0,0.0,0.0,2
24,0,15,14.176666666666684,0.0,4.549999999999998,100,100,0,15,0.17191315933850615,3.6000000000000005,0,0.0,0.0,2
25,0,15,14.376666666666685,0.0,5.869999999999997,100,100,0,15,0.18606383800911974,8.0,5,0.0,0.0,2
26,0,15,14.320666666666684,0.0,5.649999999999998,100,100,0,15,0.18389894945921226,7.16,0,0.0,0.0,2
27,0,15,14.520666666666683,0.0,8.369999999999997,100,100,0,15,0.17181641491820132,4.0,10,0.0,0.0,2
28,0,15,13.987333333333352,0.0,8.069999999999997,100,100,0,15,0.1755715488616687,0.0,5,0.0,0.0,2
29,0,15,13.987333333333352,0.0,7.769999999999997,100,100,0,15,0.1857363010978188,8.0,0,0.0,0.0,2
30,0,15,12.587333333333353,0.0,7.469999999999997,100,100,0,15,0.2274455802129125,0.0,0,0.0,0.0,2
31,0,15,12.587333333333353,0.0,7.169999999999996,100,100,0,15,0.23238882121356585,8.0,0,0.0,0.0,2
32,0,15,12.187333333333353,0.0,6.8699999999999966,100,100,0,15,0.24001604580347546,0.0,0,0.0,0.0,2
33,0,15,13.104666666666684,0.0,7.459999999999996,100,100,0,15,0.24302453748452635,18.76,10,0.0,0.0,2
34,0,15,12.704666666666688,0.0,4.699999999999997,100,100,0,15,0.25067604204929084,0.0,0,0.0,0.0,2
35,0,15,12.659333333333354,0.0,4.459999999999996,100,100,0,15,0.26139694911088895,7.320000000000001,0,0.0,0.0,2
36,0,15,12.259333333333354,0.0,4.219999999999996,100,100,0,15,0.2699258614751574,0.0,0,0.0,0.0,2
37,0,15,12.648666666666687,0.0,3.9799999999999964,100,100,0,15,0.2639997188987864,15.84,0,0.0,0.0,2
38,0,15,12.248666666666686,0.0,3.739999999999996,100,100,0,15,0.27262105626009214,0.0,0,0.0,0.0,2
39,0,15,12.248666666666686,0.0,3.499999999999996,100,100,0,15,0.2887352818447364,0.0,10,0.0,0.0,2
40,0,15,11.515333333333354,0.0,3.259999999999996,100,100,0,15,0.2892143808255663,0.0,0,0.0,0.0,2
41,0,15,11.58200000000002,0.0,3.7799999999999963,100,100,0,15,0.3115677583990488,12.0,5,0.0,0.0,2
42,0,15,11.18200000000002,0.0,3.5499999999999963,100,100,0,15,0.3227130904827209,0.0,0,0.0,0.0,2
43,0,15,10.648666666666687,0.0,3.3299999999999965,100,100,0,15,0.3525323984223381,4.0,0,0.0,0.0,2
44,0,15,10.84700000000002,0.0,2.729999999999997,100,100,0,15,0.343046208373027,7.9750000000000005,5,0.0,0.0,2
45,0,15,10.913666666666689,0.0,2.5499999999999967,100,100,0,15,0.37287804282092796,12.0,5,0.0,0.0,2
46,0,15,10.713666666666688,0.0,2.3799999999999972,100,100,0,15,0.3738610082656628,4.0,0,0.0,0.0,2
47,0,15,10.513666666666689,0.0,2.219999999999997,100,100,0,15,0.390801390782368,4.0,0,0.0,0.0,2
48,0,15,10.31366666666669,0.0,2.059999999999997,100,100,0,15,0.3917994462579317,4.0,0,0.0,0.0,2
49,0,15,10.51366666666669,0.0,1.899999999999997,100,100,0,15,0.4018726947993616,12.0,0,0.0,0.0,2
50,0,15,10.31366666666669,0.0,1.739999999999997,100,100,0,15,0.4051409672171771,4.0,0,0.0,0.0,2
51,0,12,13.242083333333362,0.0,2.3199999999999976,100,100,0,12,0.28036929821801304,4.0,10,0.0,0.0,2
52,0,12,13.092083333333361,0.0,2.1599999999999975,100,100,0,12,0.2737208660874366,4.0,0,0.0,0.0,2
53,0,12,12.525416666666695,0.0,1.9999999999999976,100,100,0,12,0.2684402825366201,4.0,0,0.0,0.0,2
54,0,12,12.838750000000028,0.0,1.8399999999999974,100,100,0,12,0.2695263903763565,7.5600000000000005,5,0.0,0.0,2
55,0,12,12.438750000000029,0.0,1.6799999999999975,100,100,0,12,0.27819370470862803,0.0,0,0.0,0.0,2
56,0,11,12.987727272727305,0.0,1.5199999999999974,100,100,0,11,0.1921967019086681,4.0,0,0.0,0.0,2
57,0,11,12.860454545454576,0.0,1.3899999999999986,100,100,0,11,0.19371961583816155,4.0,0,0.0,0.0,2
58,0,11,12.460454545454576,0.0,1.2899999999999985,100,100,0,11,0.1999383172549194,0.0,0,0.0,0.0,2
59,0,11,12.60590909090912,0.0,3.4399999999999986,100,100,0,11,0.23216188131631887,4.0,5,0.0,0.0,2
60,0,11,13.024090909090942,0.0,4.759999999999998,100,100,0,11,0.23634523435591448,8.0,5,0.0,0.0,2
61,0,11,12.62409090909094,0.0,4.579999999999998,100,100,0,11,0.2438339394375837,0.0,0,0.0,0.0,2
62,0,11,12.769545454545487,0.0,5.879999999999998,100,100,0,11,0.24207906854829653,0.0,10,0.0,0.0,2
63,0,11,12.642272727272761,0.0,5.679999999999998,100,100,0,11,0.26412763161765485,4.0,0,0.0,0.0,2
64,0,11,12.33318181818185,0.0,5.489999999999998,100,100,0,11,0.3048887131738274,8.0,0,0.0,0.0,2
65,0,11,11.93318181818185,0.0,5.309999999999998,100,100,0,11,0.3151085763358652,0.0,0,0.0,0.0,2
66,0,11,12.078636363636399,0.0,5.879999999999998,100,100,0,11,0.30720861571725266,4.0,5,0.0,0.0,2
67,0,11,11.678636363636398,0.0,4.359999999999998,100,100,0,11,0.32196954954126156,7.000000000000001,0,0.0,0.0,2
68,0,10,13.042500000000038,0.0,4.1999999999999975,100,100,0,10,0.2782863714778605,8.0,0,0.0,0.0,2
69,0,10,12.942500000000038,0.0,4.039999999999997,100,100,0,10,0.2873903805292637,0.0,5,0.0,0.0,2
70,0,10,12.842500000000038,0.0,3.8799999999999972,100,100,0,10,0.2846992408020246,4.0,0,0.0,0.0,2
71,0,10,12.226500000000039,0.0,3.719999999999997,100,100,0,10,0.30199566515356047,3.8400000000000003,0,0.0,0.0,2
72,0,10,12.426500000000038,0.0,3.559999999999997,100,100,0,10,0.3293244276344911,8.0,0,0.0,0.0,2
73,0,10,12.026500000000038,0.0,3.399999999999997,100,100,0,10,0.3402777200349234,0.0,0,0.0,0.0,2
74,0,10,12.526500000000038,0.0,3.2399999999999967,100,100,0,10,0.31386660280206,8.0,5,0.0,0.0,2
75,0,10,12.28300000000004,0.0,3.079999999999997,100,100,0,10,0.3290075714402019,2.5650000000000004,0,0.0,0.0,2
76,0,9,13.581111111111152,0.0,2.919999999999997,100,100,0,9,0.2695828447280635,4.0,0,0.0,0.0,2
77,0,9,13.181111111111154,0.0,2.7599999999999967,100,100,0,9,0.27776372849288666,0.0,0,0.0,0.0,2
78,0,9,13.688333333333375,0.0,2.5999999999999965,100,100,0,9,0.2613652249595273,7.165000000000002,5,0.0,0.0,2
79,0,9,13.288333333333377,0.0,2.4499999999999966,100,100,0,9,0.26923273455319174,0.0,0,0.0,0.0,2
80,0,8,14.275000000000048,0.0,2.3099999999999965,100,100,0,8,0.24263353765324047,4.0,0,0.0,0.0,2
81,0,8,13.00000000000005,0.0,2.1699999999999964,100,100,0,8,0.32445913461538467,4.0,0,0.0,0.0,2
82,0,8,12.60000000000005,0.0,2.0299999999999963,100,100,0,8,0.33475942460317487,0.0,0,0.0,0.0,2
83,0,8,12.575000000000049,0.0,1.8899999999999963,100,100,0,8,0.31678677932405597,4.0,0,0.0,0.0,2
84,0,8,13.64500000000005,0.0,1.7499999999999962,100,100,0,8,0.2966173506779044,15.760000000000002,0,0.0,0.0,2
85,0,8,13.62000000000005,0.0,1.6099999999999963,100,100,0,8,0.3157466042584438,4.0,0,0.0,0.0,2
86,0,8,13.22000000000005,0.0,1.4699999999999962,100,100,0,8,0.3253002080181546,0.0,0,0.0,0.0,2
87,0,8,13.570000000000052,0.0,2.0799999999999965,100,100,0,8,0.2892755158437734,4.0,5,0.0,0.0,2
88,0,8,14.240000000000052,0.0,1.9299999999999966,100,100,0,8,0.29690791783707904,11.56,0,0.0,0.0,2
89,0,8,13.215000000000051,0.0,1.7899999999999967,100,100,0,8,0.34494419220582717,0.0,0,0.0,0.0,2
90,0,8,12.815000000000053,0.0,1.6499999999999968,100,100,0,8,0.355711080764729,0.0,0,0.0,0.0,2
91,0,8,13.165000000000052,0.0,2.2399999999999967,100,100,0,8,0.34625427269274645,4.0,5,0.0,0.0,2
92,0,8,13.890000000000054,0.0,2.079999999999997,100,100,0,8,0.332602141828654,12.0,0,0.0,0.0,2
93,0,8,13.490000000000054,0.0,1.9199999999999968,100,100,0,8,0.34246432542624206,0.0,0,0.0,0.0,2
94,0,7,15.397857142857204,0.0,2.4899999999999967,100,100,0,7,0.27466053452971906,0.0,5,0.0,0.0,2
95,0,7,15.426428571428632,0.0,2.3099999999999965,100,100,0,7,0.26056529015273333,4.0,0,0.0,0.0,2
96,0,7,16.55857142857149,0.0,2.8799999999999963,100,100,0,7,0.23883061981586762,10.725000000000001,5,0.0,0.0,2
97,0,7,16.158571428571488,0.0,1.3699999999999977,100,100,0,7,0.24474279146721978,0.0,0,0.0,0.0,2
98,0,7,15.75857142857149,0.0,1.2699999999999976,100,100,0,7,0.2509551005607582,0.0,0,0.0,0.0,2
99,0,7,15.78714285714292,0.0,1.179999999999998,100,100,0,7,0.27221841591581963,4.0,0,0.0,0.0,2
100,0,7,15.815714285714348,0.0,1.0999999999999996,100,100,0,7,0.28875956488638344,4.0,0,0.0,0.0,2
101,0,7,15.844285714285776,0.0,1.0599999999999996,100,100,0,7,0.28823885518502834,4.0,0,0.0,0.0,2
102,0,7,15.444285714285778,0.0,1.0199999999999996,100,100,0,7,0.2957041108923457,0.0,0,0.0,0.0,2
103,0,7,15.872857142857209,0.0,1.7299999999999995,100,100,0,7,0.31549172634583544,3.800000000000001,5,0.0,0.0,2
104,0,7,15.901428571428637,0.0,1.6699999999999995,100,100,0,7,0.3045035101454112,4.0,0,0.0,0.0,2
105,0,7,15.930000000000065,0.0,1.6099999999999994,100,100,0,7,0.32138052961297525,4.0,0,0.0,0.0,2
106,0,7,15.530000000000067,0.0,1.5499999999999994,100,100,0,7,0.32965819940339336,0.0,0,0.0,0.0,2
107,0,7,14.415714285714353,0.0,1.4899999999999993,100,100,0,7,0.36663504961988735,0.0,0,0.0,0.0,2
108,0,7,14.015714285714353,0.0,1.4299999999999993,100,100,0,7,0.37709859195946227,0.0,0,0.0,0.0,2
109,0,7,14.044285714285781,0.0,1.3699999999999992,100,100,0,7,0.40248775738552944,4.0,0,0.0,0.0,2
110,0,7,14.501428571428638,0.0,2.039999999999999,100,100,0,7,0.3868162179658583,4.0,5,0.0,0.0,2
111,0,7,14.10142857142864,0.0,1.959999999999999,100,100,0,7,0.3977886160035893,0.0,0,0.0,0.0,2
112,0,7,13.73000000000007,0.0,1.879999999999999,100,100,0,7,0.4067660567504492,7.200000000000001,0,0.0,0.0,2
113,0,7,13.33000000000007,0.0,1.799999999999999,100,100,0,7,0.41897208996126567,0.0,0,0.0,0.0,2
114,0,7,13.787142857142927,0.0,1.7199999999999989,100,100,0,7,0.37843598738842754,4.0,5,0.0,0.0,2
115,0,6,16.164166666666752,0.0,1.6399999999999988,100,100,0,6,0.2801550067879912,4.0,0,0.0,0.0,2
116,0,6,15.764166666666753,0.0,1.559999999999999,100,100,0,6,0.2872636605522363,0.0,0,0.0,0.0,2
117,0,6,15.364166666666753,0.0,1.4799999999999989,100,100,0,6,0.2947424562926,0.0,0,0.0,0.0,2
118,0,6,15.464166666666754,0.0,1.3999999999999988,100,100,0,6,0.2874476837132436,4.0,0,0.0,0.0,2
119,0,6,15.537500000000088,0.0,1.3199999999999987,100,100,0,6,0.2911683203718596,3.8400000000000003,0,0.0,0.0,2
120,0,6,15.137500000000088,0.0,1.2399999999999987,100,100,0,6,0.2988622809432051,0.0,0,0.0,0.0,2
121,0,6,16.23750000000009,0.0,1.8899999999999988,100,100,0,6,0.304276794115131,8.0,5,0.0,0.0,2
122,0,6,16.337500000000087,0.0,1.7899999999999987,100,100,0,6,0.29731361047351834,4.0,0,0.0,0.0,2
123,0,6,15.93750000000009,0.0,1.6899999999999986,100,100,0,6,0.3047755991285399,0.0,0,0.0,0.0,2
124,0,6,15.537500000000092,0.0,1.5899999999999985,100,100,0,6,0.31262179315276595,0.0,0,0.0,0.0,2
125,0,6,16.13750000000009,0.0,1.499999999999999,100,100,0,6,0.34231000946725154,8.0,0,0.0,0.0,2
126,0,6,16.737500000000093,0.0,1.4199999999999988,100,100,0,6,0.31012364119160174,8.0,0,0.0,0.0,2
127,0,6,16.337500000000095,0.0,1.3399999999999987,100,100,0,6,0.31771656890249034,0.0,0,0.0,0.0,2
128,0,6,15.937500000000092,0.0,1.2599999999999987,100,100,0,6,0.3256906318082786,0.0,0,0.0,0.0,2
129,0,6,16.037500000000094,0.0,1.1799999999999986,100,100,0,6,0.34964059928985836,4.0,0,0.0,0.0,2
130,0,6,16.990000000000094,0.0,1.0999999999999988,100,100,0,6,0.31966516251389687,11.115,0,0.0,0.0,2
131,0,6,16.590000000000092,0.0,1.029999999999999,100,100,0,6,0.32737258053713725,0.0,0,0.0,0.0,2
132,0,6,16.190000000000094,0.0,0.969999999999999,100,100,0,6,0.3354608468876532,0.0,0,0.0,0.0,2
133,0,5,19.5760000000001,0.0,0.909999999999999,100,100,0,5,0.22872905598692328,4.0,0,0.0,0.0,2
134,0,5,18.6610000000001,0.0,0.849999999999999,100,100,0,5,0.28281442580783467,3.4250000000000016,0,0.0,0.0,2
135,0,5,18.8610000000001,0.0,0.7899999999999989,100,100,0,5,0.29254016223954205,4.0,0,0.0,0.0,2
136,0,5,19.061000000000103,0.0,0.729999999999999,100,100,0,5,0.2768794921567599,4.0,0,0.0,0.0,2
137,0,5,19.861000000000104,0.0,0.6699999999999989,100,100,0,5,0.26572680126881854,8.0,0,0.0,0.0,2
138,0,5,19.461000000000105,0.0,0.609999999999999,100,100,0,5,0.27118853090797024,0.0,0,0.0,0.0,2
139,0,5,19.661000000000104,0.0,0.5499999999999989,100,100,0,5,0.2806367936524088,4.0,0,0.0,0.0,2
140,0,5,19.861000000000107,0.0,0.48999999999999894,100,100,0,5,0.2673782790393231,4.0,0,0.0,0.0,2
141,0,5,20.661000000000108,0.0,0.4399999999999993,100,100,0,5,0.25702531339238144,8.0,0,0.0,0.0,2
142,0,5,20.861000000000107,0.0,1.8799999999999992,100,100,0,5,0.25298883083265444,0.0,5,0.0,0.0,2
143,0,5,21.06100000000011,0.0,1.8199999999999992,100,100,0,5,0.26198186220977204,4.0,0,0.0,0.0,2
144,0,5,21.26100000000011,0.0,1.7599999999999991,100,100,0,5,0.249771882790085,4.0,0,0.0,0.0,2
145,0,5,22.06100000000011,0.0,1.699999999999999,100,100,0,5,0.24071438284755908,8.0,0,0.0,0.0,2
146,0,5,21.66100000000011,0.0,1.639999999999999,100,100,0,5,0.24515950325469738,0.0,0,0.0,0.0,2
147,0,5,21.86100000000011,0.0,1.579999999999999,100,100,0,5,0.253895064269704,4.0,0,0.0,0.0,2
148,0,5,22.061000000000114,0.0,1.5199999999999991,100,100,0,5,0.25159330946013325,4.0,0,0.0,0.0,2
149,0,5,21.261000000000116,0.0,1.459999999999999,100,100,0,5,0.2023611307088098,4.0,0,0.0,0.0,2
150,0,5,20.861000000000114,0.0,1.399999999999999,100,100,0,5,0.20624131153827774,0.0,0,0.0,0.0,2
151,0,5,21.061000000000114,0.0,1.339999999999999,100,100,0,5,0.22707373818907017,4.0,0,0.0,0.0,2
152,0,5,21.861000000000118,0.0,1.279999999999999,100,100,0,5,0.2297424637482275,8.0,0,0.0,0.0,2
153,0,5,22.061000000000117,0.0,1.2199999999999989,100,100,0,5,0.20590181768732174,4.0,0,0.0,0.0,2
154,0,5,21.66100000000012,0.0,1.1599999999999988,100,100,0,5,0.20970407645076428,0.0,0,0.0,0.0,2
155,0,5,21.861000000000118,0.0,1.0999999999999988,100,100,0,5,0.2297424637482275,4.0,0,0.0,0.0,2
156,0,5,22.661000000000122,0.0,1.0399999999999987,100,100,0,5,0.23222276157274613,8.0,0,0.0,0.0,2
157,0,5,22.26100000000012,0.0,0.9799999999999988,100,100,0,5,0.23639548987017656,0.0,0,0.0,0.0,2
158,0,5,21.86100000000012,0.0,0.929999999999999,100,100,0,5,0.24072091853071687,0.0,0,0.0,0.0,2
159,0,5,21.46100000000012,0.0,0.889999999999999,100,100,0,5,0.24520758585340863,0.0,0,0.0,0.0,2
160,0,5,21.061000000000124,0.0,0.849999999999999,100,100,0,5,0.24986467879018104,0.0,0,0.0,0.0,2
161,0,5,20.661000000000122,0.0,0.8099999999999989,100,100,0,5,0.2547020957359276,0.0,0,0.0,0.0,2
162,0,5,20.261000000000124,0.0,0.7699999999999989,100,100,0,5,0.25973051675632974,0.0,0,0.0,0.0,2
163,0,5,20.461000000000123,0.0,0.7299999999999989,100,100,0,5,0.23578515224084762,4.0,0,0.0,0.0,2
164,0,5,21.261000000000127,0.0,0.6899999999999988,100,100,0,5,0.26077795023752337,8.0,0,0.0,0.0,2
165,0,5,21.461000000000126,0.0,0.6499999999999988,100,100,0,5,0.2583477004799395,4.0,0,0.0,0.0,2
166,0,5,21.061000000000128,0.0,0.6099999999999988,100,100,0,5,0.2632543563933327,0.0,0,0.0,0.0,2
167,0,5,21.261000000000127,0.0,0.5699999999999987,100,100,0,5,0.24948967593245763,4.0,0,0.0,0.0,2
168,0,5,22.061000000000128,0.0,0.5299999999999988,100,100,0,5,0.27307918951996624,8.0,0,0.0,0.0,2
169,0,5,22.26100000000013,0.0,0.48999999999999877,100,100,0,5,0.270625758052198,4.0,0,0.0,0.0,2
170,0,5,21.86100000000013,0.0,0.44999999999999873,100,100,0,5,0.27557751246511963,0.0,0,0.0,0.0,2
171,0,5,22.061000000000128,0.0,0.40999999999999875,100,100,0,5,0.2622002629073925,4.0,0,0.0,0.0,2
172,0,5,22.26100000000013,0.0,0.3699999999999988,100,100,0,5,0.2799694533039836,4.0,0,0.0,0.0,2
173,0,5,22.461000000000134,0.0,0.3299999999999988,100,100,0,5,0.2774765148479579,4.0,0,0.0,0.0,2
174,0,5,22.06100000000013,0.0,0.2899999999999988,100,100,0,5,0.28250759258419755,0.0,0,0.0,0.0,2
175,0,5,22.26100000000013,0.0,0.24999999999999878,100,100,0,5,0.2691882664750005,4.0,0,0.0,0.0,2
176,0,5,23.061000000000135,0.0,0.2099999999999988,100,100,0,5,0.29107150600580955,8.0,0,0.0,0.0,2
177,0,5,23.261000000000134,0.0,0.16999999999999882,100,100,0,5,0.28856884914663916,4.0,0,0.0,0.0,2
178,0,5,22.861000000000136,0.0,0.1299999999999988,100,100,0,5,0.29361795197060414,0.0,0,0.0,0.0,2
179,0,5,22.461000000000134,0.0,0.09999999999999917,100,100,0,5,0.2988468901651744,0.0,0,0.0,0.0,2
180,0,5,22.06100000000014,0.0,0.07999999999999917,100,100,0,5,0.30426544580934567,0.0,0,0.0,0.0,2
181,0,5,21.661000000000136,0.0,0.059999999999999165,100,100,0,5,0.3098841235400016,0.0,0,0.0,0.0,2
182,0,5,21.86100000000014,0.0,0.03999999999999916,100,100,0,5,0.3290059924065676,4.0,0,0.0,0.0,2
183,0,5,21.461000000000137,0.0,0.01999999999999916,100,100,0,5,0.335138157588182,0.0,0,0.0,0.0,2
184,0,5,21.66100000000014,0.0,0.0,100,100,0,5,0.32096394441623066,4.0,0,0.0,0.0,2
185,0,5,21.66100000000014,0.0,0.0,100,100,0,5,0.3283504916670501,3.0,0,0.0,0.0,2
186,0,5,22.46100000000014,0.0,0.0,100,100,0,5,0.3380259115800712,8.0,0,0.0,0.0,2
187,0,5,22.061000000000142,0.0,0.0,100,100,0,5,0.34415484338878444,0.0,0,0.0,0.0,2
188,0,5,21.661000000000143,0.0,0.0,100,100,0,5,0.35051013341950843,0.0,0,0.0,0.0,2
189,0,4,26.578750000000127,0.0,0.0,100,100,0,4,0.1962446503315629,0.0,0,0.0,0.0,2
190,0,4,26.92875000000013,0.0,0.0,100,100,0,4,0.21458246298101558,4.0,0,0.0,0.0,2
191,0,4,26.52875000000013,0.0,0.0,100,100,0,4,0.21781793337417055,0.0,0,0.0,0.0,2
192,0,4,26.12875000000013,0.0,0.0,100,100,0,4,0.22115246615318473,0.0,0,0.0,0.0,2
193,0,4,26.978750000000133,0.0,0.0,100,100,0,4,0.1979683083908641,7.0,0,0.0,0.0,2
194,0,4,28.078750000000134,0.0,0.73,100,100,0,4,0.203568089747586,4.0,5,0.0,0.0,2
195,0,4,27.678750000000136,0.0,0.71,100,100,0,4,0.20650995800027205,0.0,0,0.0,0.0,2
196,0,4,27.278750000000137,0.0,0.69,100,100,0,4,0.20953810200247536,0.0,0,0.0,0.0,2
197,0,4,26.87875000000014,0.0,0.6699999999999999,100,100,0,4,0.2126563735292759,0.0,0,0.0,0.0,2
198,0,4,27.228750000000137,0.0,0.6499999999999999,100,100,0,4,0.23058118716430331,4.0,0,0.0,0.0,2
199,0,4,26.828750000000138,0.0,0.6299999999999999,100,100,0,4,0.23401900945813825,0.0,0,0.0,0.0,2
200,0,4,26.42875000000014,0.0,0.6099999999999999,100,100,0,4,0.23756089485881948,0.0,0,0.0,0.0,2
201,0,4,26.77875000000014,0.0,0.5899999999999999,100,100,0,4,0.22745413807590076,0.0,5,0.0,0.0,2
202,0,4,27.128750000000142,0.0,0.5699999999999998,100,100,0,4,0.23143113855227493,4.0,0,0.0,0.0,2
203,0,4,26.728750000000144,0.0,0.5499999999999998,100,100,0,4,0.23489454239349117,0.0,0,0.0,0.0,2
204,0,4,27.078750000000145,0.0,0.5299999999999998,100,100,0,4,0.2526312145132261,4.0,0,0.0,0.0,2
205,0,4,26.678750000000143,0.0,0.5099999999999998,100,100,0,4,0.25641896640584827,0.0,0,0.0,0.0,2
206,0,4,27.778750000000144,0.0,1.2399999999999998,100,100,0,4,0.24626513072042555,4.0,5,0.0,0.0,2
207,0,4,27.378750000000146,0.0,1.1999999999999997,100,100,0,4,0.24986303246130737,0.0,0,0.0,0.0,2
208,0,4,27.728750000000147,0.0,1.1599999999999997,100,100,0,4,0.26699499616823763,4.0,0,0.0,0.0,2
209,0,4,27.32875000000015,0.0,1.1199999999999997,100,100,0,4,0.2709028953025667,0.0,0,0.0,0.0,2
210,0,4,26.92875000000015,0.0,1.0799999999999996,100,100,0,4,0.27492689040523666,0.0,0,0.0,0.0,2
211,0,4,26.52875000000015,0.0,1.0399999999999996,100,100,0,4,0.2790722329548141,0.0,0,0.0,0.0,2
212,0,4,27.628750000000153,0.0,3.2299999999999995,100,100,0,4,0.28153418088042415,4.0,5,0.0,0.0,2
213,0,4,27.228750000000154,0.0,1.7899999999999996,100,100,0,4,0.2856700179038707,0.0,0,0.0,0.0,2
214,0,4,27.328750000000152,0.0,1.7299999999999995,100,100,0,4,0.2891986461144407,3.0,0,0.0,0.0,2
215,0,4,26.928750000000154,0.0,1.6699999999999995,100,100,0,4,0.2934944065357663,0.0,0,0.0,0.0,2
216,0,4,27.278750000000155,0.0,1.6099999999999994,100,100,0,4,0.26910828025477773,4.0,0,0.0,0.0,2
217,0,4,27.628750000000156,0.0,0.8999999999999995,100,100,0,4,0.25891281726462534,0.0,5,0.0,0.0,2
218,0,4,27.228750000000158,0.0,0.8599999999999994,100,100,0,4,0.26271633842905096,0.0,0,0.0,0.0,2
219,0,4,27.57875000000016,0.0,0.8199999999999994,100,100,0,4,0.27977836196346884,4.0,0,0.0,0.0,2
220,0,4,27.92875000000016,0.0,0.7799999999999995,100,100,0,4,0.25613167434990913,4.0,0,0.0,0.0,2
221,0,4,27.52875000000016,0.0,0.7399999999999994,100,100,0,4,0.2598533351496173,0.0,0,0.0,0.0,2
222,0,4,27.87875000000016,0.0,1.4299999999999995,100,100,0,4,0.2543491906918356,0.0,5,0.0,0.0,2
223,0,4,28.97875000000016,0.0,1.3699999999999994,100,100,0,4,0.26626191605918215,8.0,0,0.0,0.0,2
224,0,4,28.578750000000163,0.0,1.3099999999999994,100,100,0,4,0.2699886279140977,0.0,0,0.0,0.0,2
225,0,4,25.678750000000164,0.0,1.2499999999999993,100,100,0,4,0.3491578639926012,0.0,0,0.0,0.0,2
226,0,4,25.278750000000166,0.0,1.1899999999999993,100,100,0,4,0.3546827869257776,0.0,0,0.0,0.0,2
227,0,4,25.628750000000167,0.0,1.1299999999999992,100,100,0,4,0.3717870555528462,4.0,0,0.0,0.0,2
228,0,4,26.72875000000017,0.0,1.0699999999999992,100,100,0,4,0.3284267876350375,8.0,0,0.0,0.0,2
229,0,4,26.32875000000017,0.0,1.0099999999999991,100,100,0,4,0.3334164174144236,0.0,0,0.0,0.0,2
230,0,4,25.92875000000017,0.0,0.9499999999999992,100,100,0,4,0.3385599961432777,0.0,0,0.0,0.0,2
231,0,4,26.27875000000017,0.0,0.8999999999999995,100,100,0,4,0.35545592922037805,4.0,0,0.0,0.0,2
232,0,4,27.165000000000173,0.0,0.8599999999999994,100,100,0,4,0.3458264310693908,7.145,0,0.0,0.0,2
233,0,4,26.76500000000017,0.0,0.8199999999999994,100,100,0,4,0.35099476928825,0.0,0,0.0,0.0,2
234,0,4,26.365000000000173,0.0,0.7799999999999994,100,100,0,4,0.3563199317276695,0.0,0,0.0,0.0,2
235,0,4,26.715000000000174,0.0,0.7399999999999993,100,100,0,4,0.37270728055399616,4.0,0,0.0,0.0,2
236,0,4,26.315000000000175,0.0,0.6999999999999993,100,100,0,4,0.3783726011780355,0.0,0,0.0,0.0,2
237,0,4,26.665000000000177,0.0,0.2299999999999996,100,100,0,4,0.36637446090380665,0.0,5,0.0,0.0,2
238,0,3,35.04833333333359,0.0,0.2099999999999996,100,100,0,3,0.1613961671976789,0.0,0,0.0,0.0,2
239,0,3,34.64833333333359,0.0,0.1899999999999996,100,100,0,3,0.16325941603732685,0.0,0,0.0,0.0,2
240,0,3,34.24833333333359,0.0,0.16999999999999962,100,100,0,3,0.1651661881356754,0.0,0,0.0,0.0,2
241,0,3,35.84833333333359,0.0,0.14999999999999963,100,100,0,3,0.17639127806964483,8.0,0,0.0,0.0,2
242,0,3,35.44833333333359,0.0,0.12999999999999964,100,100,0,3,0.17838168226056617,0.0,0,0.0,0.0,2
243,0,3,35.048333333333595,0.0,0.10999999999999964,100,100,0,3,0.18041751866470057,0.0,0,0.0,0.0,2
244,0,3,34.648333333333596,0.0,0.08999999999999964,100,100,0,3,0.18250036076771292,0.0,0,0.0,0.0,2
245,0,3,35.2483333333336,0.0,0.06999999999999963,100,100,0,3,0.19830724856967152,4.0,0,0.0,0.0,2
246,0,3,34.8483333333336,0.0,0.04999999999999963,100,100,0,3,0.20058348079774158,0.0,0,0.0,0.0,2
247,0,3,34.4483333333336,0.0,0.029999999999999628,100,100,0,3,0.20291257438676213,0.0,0,0.0,0.0,2
248,0,3,34.0483333333336,0.0,0.009999999999999627,100,100,0,3,0.2052963923833755,0.0,0,0.0,0.0,2
249,0,3,34.6483333333336,0.0,0.0,100,100,0,3,0.22098225022848528,4.0,0,0.0,0.0,2
250,0,3,34.248333333333605,0.0,0.0,100,100,0,3,0.2235631904228903,0.0,0,0.0,0.0,2
251,0,3,34.848333333333606,0.0,0.0,100,100,0,3,0.21971399875651532,4.0,0,0.0,0.0,2
252,0,3,34.44833333333361,0.0,0.0,100,100,0,3,0.22226522811940486,0.0,0,0.0,0.0,2
253,0,3,35.04833333333361,0.0,0.0,100,100,0,3,0.23748157306576534,4.0,0,0.0,0.0,2
254,0,3,34.64833333333361,0.0,0.0,100,100,0,3,0.24022319495887112,0.0,0,0.0,0.0,2
255,0,3,35.24833333333361,0.0,0.0,100,100,0,3,0.23613409617475867,4.0,0,0.0,0.0,2
256,0,3,34.84833333333361,0.0,0.0,100,100,0,3,0.23884451671528906,0.0,0,0.0,0.0,2
257,0,3,35.448333333333615,0.0,0.0,100,100,0,3,0.25360853824815344,4.0,0,0.0,0.0,2
258,0,3,35.048333333333616,0.0,0.0,100,100,0,3,0.25650292453278634,0.0,0,0.0,0.0,2
259,0,3,35.64833333333362,0.0,0.0,100,100,0,3,0.25218570293141207,4.0,0,0.0,0.0,2
260,0,3,35.24833333333362,0.0,0.0,100,100,0,3,0.2550475199773026,0.0,0,0.0,0.0,2
261,0,3,34.84833333333362,0.0,0.0,100,100,0,3,0.25797503467406235,0.0,0,0.0,0.0,2
262,0,3,34.44833333333362,0.0,0.0,100,100,0,3,0.2609705355846905,0.0,0,0.0,0.0,2
263,0,3,34.04833333333362,0.0,0.0,100,100,0,3,0.26403641881638706,0.0,0,0.0,0.0,2
264,0,3,34.648333333333625,0.0,0.0,100,100,0,3,0.27870508441964326,4.0,0,0.0,0.0,2
265,0,3,34.248333333333626,0.0,0.0,100,100,0,3,0.2819601927101061,0.0,0,0.0,0.0,2
266,0,3,33.84833333333362,0.0,0.0,100,100,0,3,0.28529223496971623,0.0,0,0.0,0.0,2
267,0,3,33.44833333333363,0.0,0.0,100,100,0,3,0.2887039712990165,0.0,0,0.0,0.0,2
268,0,3,35.04833333333362,0.0,0.0,100,100,0,3,0.2945456274668301,8.0,0,0.0,0.0,2
269,0,3,34.64833333333363,0.0,0.0,100,100,0,3,0.2979460291500293,0.0,0,0.0,0.0,2
270,0,3,34.248333333333626,0.0,0.0,100,100,0,3,0.3014258601391777,0.0,0,0.0,0.0,2
271,0,3,33.84833333333363,0.0,0.0,100,100,0,3,0.3049879363828827,0.0,0,0.0,0.0,2
272,0,3,35.44833333333363,0.0,0.0,100,100,0,3,0.31002868023884345,8.0,0,0.0,0.0,2
273,0,3,35.04833333333363,0.0,0.0,100,100,0,3,0.31356697893385155,0.0,0,0.0,0.0,2
274,0,3,34.64833333333363,0.0,0.0,100,100,0,3,0.3171869738804154,0.0,0,0.0,0.0,2
275,0,3,34.24833333333363,0.0,0.0,100,100,0,3,0.32089152756824957,0.0,0,0.0,0.0,2
276,0,3,35.848333333333635,0.0,0.0,100,100,0,3,0.32516620949369845,8.0,0,0.0,0.0,2
277,0,3,35.448333333333636,0.0,0.0,100,100,0,3,0.32883539423574026,0.0,0,0.0,0.0,2
278,0,3,35.04833333333364,0.0,0.0,100,100,0,3,0.332588330400873,0.0,0,0.0,0.0,2
279,0,3,34.64833333333363,0.0,0.0,100,100,0,3,0.3364279186108019,0.0,0,0.0,0.0,2
280,0,3,36.24833333333363,0.0,0.0,100,100,0,3,0.33996965377718324,8.0,0,0.0,0.0,2
281,0,3,35.848333333333635,0.0,0.0,100,100,0,3,0.34376307592170496,0.0,0,0.0,0.0,2
282,0,3,35.44833333333363,0.0,0.0,100,100,0,3,0.34764210823263686,0.0,0,0.0,0.0,2
283,0,3,35.04833333333363,0.0,0.0,100,100,0,3,0.3516096818678949,0.0,0,0.0,0.0,2
284,0,3,36.64833333333363,0.0,1.48,100,100,0,3,0.336259038610212,4.0,5,0.0,0.0,2
285,0,3,36.24833333333363,0.0,1.44,100,100,0,3,0.33996965377718324,0.0,0,0.0,0.0,2
286,0,3,34.18166666666696,0.0,1.4,100,100,0,3,0.39303070196823864,0.0,0,0.0,0.0,2
287,0,3,33.78166666666696,0.0,1.3599999999999999,100,100,0,3,0.3976844771161192,0.0,0,0.0,0.0,2
288,0,3,34.38166666666696,0.0,1.3199999999999998,100,100,0,3,0.39074442128395037,4.0,0,0.0,0.0,2
289,0,3,34.98166666666696,0.0,1.2799999999999998,100,100,0,3,0.3649848333253902,4.0,0,0.0,0.0,2
290,0,3,34.581666666666955,0.0,1.2399999999999998,100,100,0,3,0.3692065481067335,0.0,0,0.0,0.0,2
291,0,3,35.18166666666696,0.0,1.1999999999999997,100,100,0,3,0.3818592385554318,4.0,0,0.0,0.0,2
292,0,3,34.78166666666696,0.0,1.1599999999999997,100,100,0,3,0.3862507387352827,0.0,0,0.0,0.0,2
293,0,3,35.328333333333624,0.0,1.1199999999999997,100,100,0,3,0.36240977496815385,3.8400000000000003,0,0.0,0.0,2
294,0,3,34.92833333333362,0.0,1.0799999999999996,100,100,0,3,0.36656009925084465,0.0,0,0.0,0.0,2
295,0,3,33.861666666666956,0.0,1.0399999999999996,100,100,0,3,0.43060819346687995,4.0,0,0.0,0.0,2
296,0,3,33.46166666666695,0.0,0.9999999999999996,100,100,0,3,0.4357556739884745,0.0,0,0.0,0.0,2
297,0,3,34.06166666666695,0.0,0.9599999999999995,100,100,0,3,0.4280797899235016,4.0,0,0.0,0.0,2
298,0,3,34.66166666666695,0.0,0.9199999999999995,100,100,0,3,0.4014361045663608,4.0,0,0.0,0.0,2
299,0,3,35.26166666666695,0.0,0.8799999999999994,100,100,0,3,0.41351168250066683,4.0,0,0.0,0.0,2
300,0,3,34.86166666666695,0.0,0.8399999999999994,100,100,0,3,0.4182562827683989,0.0,0,0.0,0.0,2
0,0,15,20.0,0.0,0.0,100,100,0,15,0.0,0.0,0,0.0,0.0,3
1,0,15,18.933333333333334,0.0,0.0,100,100,0,15,0.030516431924882736,0.0,0,0.0,0.0,3
2,0,15,18.53333333333334,0.0,0.0,100,100,0,15,0.031175059952038398,0.0,0,0.0,0.0,3
3,0,15,18.133333333333336,0.0,0.0,100,100,0,15,0.0318627450980391,0.0,0,0.0,0.0,3
4,0,15,18.400000000000002,0.0,3.67,100,100,0,15,0.06811594202898541,5.0,20,0.0,0.0,3
5,0,15,18.40000000000001,0.0,3.57,100,100,0,15,0.07536231884057942,0.0,10,0.0,0.0,3
6,0,15,18.000000000000007,0.0,3.4699999999999998,100,100,0,15,0.07703703703703701,0.0,0,0.0,0.0,3
7,0,15,17.666666666666675,0.0,3.3699999999999997,100,100,0,15,0.07345911949685524,4.0,5,0.0,0.0,3
8,0,15,17.266666666666673,0.0,3.2699999999999996,100,100,0,15,0.07516087516087522,0.0,0,0.0,0.0,3
9,0,15,16.866666666666678,0.0,3.1699999999999995,100,100,0,15,0.07694334650856405,0.0,0,0.0,0.0,3
10,0,15,16.66666666666668,0.0,3.0699999999999994,100,100,0,15,0.07413333333333338,4.0,0,0.0,0.0,3
11,0,15,15.800000000000011,0.0,2.9699999999999993,100,100,0,15,0.09563994374120965,4.0,0,0.0,0.0,3
12,0,15,15.86666666666668,0.0,5.809999999999999,100,100,0,15,0.12885154061624626,4.0,15,0.0,0.0,3
13,0,15,15.46666666666668,0.0,5.629999999999999,100,100,0,15,0.13218390804597702,0.0,0,0.0,0.0,3
14,0,15,15.474333333333346,0.0,6.909999999999998,100,100,0,15,0.13582922258363306,11.115,5,0.0,0.0,3
15,0,15,14.274333333333347,0.0,6.689999999999999,100,100,0,15,0.14358327689948536,4.0,0,0.0,0.0,3
16,0,15,13.20766666666668,0.0,6.469999999999999,100,100,0,15,0.14718050963665896,0.0,0,0.0,0.0,3
17,0,15,12.341000000000014,0.0,6.249999999999998,100,100,0,15,0.1834463261576138,4.0,0,0.0,0.0,3
18,0,15,12.941000000000013,0.0,6.029999999999998,100,100,0,15,0.16722733087774433,20.0,0,0.0,0.0,3
19,0,15,12.741000000000014,0.0,5.809999999999998,100,100,0,15,0.1656663963233309,4.0,0,0.0,0.0,3
20,0,15,13.141000000000014,0.0,7.839999999999998,100,100,0,15,0.1607792405448596,8.0,10,0.0,0.0,3
21,0,15,12.898000000000016,0.0,6.419999999999998,100,100,0,15,0.16060715700970007,3.3550000000000004,0,0.0,0.0,3
22,0,15,13.420666666666682,0.0,6.179999999999998,100,100,0,15,0.15420330170715157,18.84,0,0.0,0.0,3
23,0,15,12.887333333333348,0.0,5.939999999999998,100,100,0,15,0.14259652026968772,4.0,0,0.0,0.0,3
24,0,15,13.050333333333349,0.0,7.1999999999999975,100,100,0,15,0.11699318025082395,7.445,5,0.0,0.0,3
25,0,15,13.050333333333349,0.0,6.469999999999997,100,100,0,15,0.12477842200710088,0.0,10,0.0,0.0,3
26,0,15,13.250333333333348,0.0,6.209999999999997,100,100,0,15,0.11686079176205211,12.0,0,0.0,0.0,3
27,0,15,13.050333333333349,0.0,5.949999999999997,100,100,0,15,0.12546295113790196,4.0,0,0.0,0.0,3
28,0,15,12.773000000000016,0.0,5.689999999999997,100,100,0,15,0.11922370973494445,2.8400000000000003,0,0.0,0.0,3
29,0,15,12.346000000000014,0.0,6.179999999999996,100,100,0,15,0.14737296830282398,2.5950000000000006,5,0.0,0.0,3
30,0,15,12.714000000000015,0.0,4.5399999999999965,100,100,0,15,0.1616310978274167,15.520000000000001,0,0.0,0.0,3
31,0,15,12.46066666666668,0.0,4.299999999999996,100,100,0,15,0.1640896688245681,3.200000000000001,0,0.0,0.0,3
32,0,15,12.660666666666682,0.0,4.059999999999996,100,100,0,15,0.1526547662928055,8.0,5,0.0,0.0,3
33,0,15,12.860666666666681,0.0,6.779999999999996,100,100,0,15,0.12470754928896066,0.0,15,0.0,0.0,3
34,0,15,12.860666666666681,0.0,5.399999999999996,100,100,0,15,0.13115269642147465,8.0,0,0.0,0.0,3
35,0,15,12.594000000000015,0.0,5.119999999999996,100,100,0,15,0.1362730047818188,3.0,0,0.0,0.0,3
36,0,15,12.498000000000015,0.0,4.839999999999996,100,100,0,15,0.15691043900357404,2.560000000000002,5,0.0,0.0,3
37,0,15,11.764666666666681,0.0,4.559999999999996,100,100,0,15,0.19057063523545104,0.0,0,0.0,0.0,3
38,0,15,11.951333333333347,0.0,4.279999999999996,100,100,0,15,0.19637418419144348,11.8,0,0.0,0.0,3
39,0,15,11.951333333333347,0.0,3.9999999999999956,100,100,0,15,0.2081292649820572,4.0,5,0.0,0.0,3
40,0,15,11.810000000000015,0.0,3.7199999999999958,100,100,0,15,0.19730924828299945,11.88,0,0.0,0.0,3
41,0,15,11.410000000000016,0.0,3.479999999999997,100,100,0,15,0.20422631220177245,0.0,0,0.0,0.0,3
42,0,15,11.410000000000016,0.0,3.279999999999997,100,100,0,15,0.21824909923069447,4.0,5,0.0,0.0,3
43,0,15,11.410000000000016,0.0,2.549999999999997,100,100,0,15,0.2065634433732595,4.0,5,0.0,0.0,3
44,0,15,11.210000000000013,0.0,2.369999999999997,100,100,0,15,0.21513331350976328,4.0,0,0.0,0.0,3
45,0,15,10.99133333333335,0.0,2.189999999999997,100,100,0,15,0.23009239602919496,3.7200000000000006,0,0.0,0.0,3
46,0,15,10.791333333333347,0.0,2.0099999999999967,100,100,0,15,0.2468029900537474,0.0,5,0.0,0.0,3
47,0,14,11.3732142857143,0.0,1.8299999999999967,100,100,0,14,0.1973554942466862,4.0,0,0.0,0.0,3
48,0,14,11.127500000000014,0.0,1.6499999999999968,100,100,0,14,0.20783910059193356,3.160000000000003,0,0.0,0.0,3
49,0,14,10.941785714285729,0.0,1.4899999999999975,100,100,0,14,0.22261830932719118,0.0,5,0.0,0.0,3
50,0,13,11.365000000000013,0.0,1.3599999999999979,100,100,0,13,0.17056414768689354,0.0,0,0.0,0.0,3
51,0,13,10.580384615384629,0.0,1.2499999999999982,100,100,0,13,0.2041849240947724,0.0,0,0.0,0.0,3
52,0,13,10.180384615384629,0.0,1.1499999999999981,100,100,0,13,0.2122076042511276,0.0,0,0.0,0.0,3
53,0,13,10.165000000000013,0.0,1.049999999999998,100,100,0,13,0.217890021741852,3.0,5,0.0,0.0,3
54,0,13,10.457307692307705,0.0,1.6999999999999982,100,100,0,13,0.20062977957714878,4.0,10,0.0,0.0,3
55,0,13,10.057307692307706,0.0,1.579999999999998,100,100,0,13,0.20860924230078015,0.0,0,0.0,0.0,3
56,0,13,9.888076923076936,0.0,1.459999999999998,100,100,0,13,0.22458462615606112,4.0,0,0.0,0.0,3
57,0,13,9.488076923076935,0.0,1.339999999999998,100,100,0,13,0.23405270395420041,0.0,0,0.0,0.0,3
58,0,13,9.318846153846167,0.0,1.2399999999999987,100,100,0,13,0.22687370823901465,4.0,0,0.0,0.0,3
59,0,13,9.149615384615398,0.0,0.5099999999999988,100,100,0,13,0.2212916765020685,0.0,5,0.0,0.0,3
60,0,13,8.749615384615398,0.0,0.44999999999999885,100,100,0,13,0.2314083121151571,0.0,0,0.0,0.0,3
61,0,13,8.118846153846166,0.0,0.38999999999999885,100,100,0,13,0.2905505125411332,3.0,0,0.0,0.0,3
62,0,13,7.949615384615395,0.0,0.3299999999999989,100,100,0,13,0.296735728348289,4.0,0,0.0,0.0,3
63,0,13,7.7803846153846274,0.0,0.27999999999999925,100,100,0,13,0.3305688330158154,0.0,5,0.0,0.0,3
64,0,13,7.611153846153858,0.0,0.23999999999999927,100,100,0,13,0.31633735913891603,4.0,0,0.0,0.0,3
65,0,12,7.832916666666679,0.0,0.1999999999999993,100,100,0,12,0.2747530897033539,0.0,0,0.0,0.0,3
66,0,12,7.432916666666679,0.0,0.15999999999999925,100,100,0,12,0.28953883812620385,0.0,0,0.0,0.0,3
67,0,12,7.032916666666679,0.0,0.11999999999999926,100,100,0,12,0.3060064774769442,0.0,0,0.0,0.0,3
68,0,12,6.466250000000012,0.0,1.5399999999999991,100,100,0,12,0.3512092703567682,0.0,5,0.0,0.0,3
69,0,12,6.566250000000012,0.0,1.459999999999999,100,100,0,12,0.37758846796539625,0.0,10,0.0,0.0,3
70,0,12,6.916250000000012,0.0,2.1199999999999997,100,100,0,12,0.4217372532481882,8.0,5,0.0,0.0,3
71,0,12,6.766250000000011,0.0,2.05,100,100,0,12,0.4145421516103216,4.0,0,0.0,0.0,3
72,0,12,6.3662500000000115,0.0,1.9899999999999998,100,100,0,12,0.4405883892924938,0.0,0,0.0,0.0,3
73,0,10,6.699500000000015,0.0,1.9299999999999997,100,100,0,10,0.41632211359056703,0.0,0,0.0,0.0,3
74,0,9,7.1150000000000135,0.0,1.8699999999999997,100,100,0,9,0.4147731709221527,4.0,5,0.0,0.0,3
75,0,9,6.715000000000014,0.0,1.8099999999999996,100,100,0,9,0.4394804335236211,0.0,0,0.0,0.0,3
76,0,9,6.648333333333347,0.0,1.7499999999999996,100,100,0,9,0.4067481871442771,4.0,0,0.0,0.0,3
77,0,9,6.026111111111124,0.0,1.6899999999999995,100,100,0,9,0.379090992901264,4.0,0,0.0,0.0,3
78,0,9,5.959444444444458,0.0,1.6299999999999994,100,100,0,9,0.42890732626912453,4.0,0,0.0,0.0,3
79,0,9,5.559444444444457,0.0,1.5699999999999994,100,100,0,9,0.45976705195252277,0.0,0,0.0,0.0,3
80,0,7,7.06214285714288,0.0,1.5099999999999993,100,100,0,7,0.3703853545059166,4.0,0,0.0,0.0,3
81,0,7,7.0907142857143075,0.0,1.4499999999999993,100,100,0,7,0.3799450272705034,4.0,0,0.0,0.0,3
82,0,7,7.119285714285737,0.0,1.3899999999999992,100,100,0,7,0.42428585761584614,4.0,0,0.0,0.0,3
83,0,6,7.8725000000000245,0.0,1.3299999999999992,100,100,0,6,0.3513461063476937,0.0,0,0.0,0.0,3
84,0,6,7.972500000000024,0.0,1.2699999999999991,100,100,0,6,0.3852653217657922,4.0,0,0.0,0.0,3
85,0,6,7.572500000000024,0.0,1.209999999999999,100,100,0,6,0.40561608158174645,0.0,0,0.0,0.0,3
86,0,6,7.672500000000024,0.0,1.149999999999999,100,100,0,6,0.41119076065312576,4.0,0,0.0,0.0,3
87,0,6,7.272500000000023,0.0,1.089999999999999,100,100,0,6,0.4338069592452538,0.0,0,0.0,0.0,3
88,0,4,11.130000000000026,0.0,1.029999999999999,100,100,0,4,0.21495956873315403,4.0,0,0.0,0.0,3
89,0,4,10.730000000000025,0.0,0.9699999999999989,100,100,0,4,0.22297297297297347,0.0,0,0.0,0.0,3
90,0,4,11.080000000000025,0.0,0.9099999999999988,100,100,0,4,0.20036101083032554,4.0,0,0.0,0.0,3
91,0,4,10.680000000000025,0.0,0.8499999999999988,100,100,0,4,0.20786516853932668,0.0,0,0.0,0.0,3
92,0,4,10.280000000000026,0.0,0.7899999999999987,100,100,0,4,0.2159533073929969,0.0,0,0.0,0.0,3
93,0,4,9.880000000000026,0.0,0.7299999999999988,100,100,0,4,0.22469635627530438,0.0,0,0.0,0.0,3
94,0,4,10.230000000000025,0.0,0.6699999999999988,100,100,0,4,0.23533724340176,4.0,0,0.0,0.0,3
95,0,4,9.830000000000025,0.0,0.6099999999999988,100,100,0,4,0.24491353001017346,0.0,0,0.0,0.0,3
96,0,4,10.180000000000025,0.0,0.5499999999999988,100,100,0,4,0.29174852652259387,4.0,0,0.0,0.0,3
97,0,4,9.780000000000024,0.0,0.4899999999999989,100,100,0,4,0.3036809815950927,0.0,0,0.0,0.0,3
98,0,4,10.130000000000026,0.0,0.42999999999999894,100,100,0,4,0.3116979269496549,4.0,0,0.0,0.0,3
99,0,4,9.730000000000025,0.0,0.3699999999999989,100,100,0,4,0.32451181911613625,0.0,0,0.0,0.0,3
100,0,4,9.330000000000025,0.0,0.30999999999999894,100,100,0,4,0.33842443729903593,0.0,0,0.0,0.0,3
101,0,3,11.973333333333366,0.0,0.2499999999999989,100,100,0,3,0.12991833704528655,0.0,0,0.0,0.0,3
102,0,3,12.573333333333366,0.0,0.1899999999999989,100,100,0,3,0.16118769883350992,4.0,0,0.0,0.0,3
103,0,3,12.173333333333366,0.0,0.1299999999999989,100,100,0,3,0.16648411829134724,0.0,0,0.0,0.0,3
104,0,3,11.773333333333367,0.0,0.06999999999999888,100,100,0,3,0.17214043035107585,0.0,0,0.0,0.0,3
105,0,3,11.373333333333365,0.0,0.029999999999999628,100,100,0,3,0.17819460726846414,0.0,0,0.0,0.0,3
106,0,3,12.973333333333365,0.0,0.009999999999999627,100,100,0,3,0.20760534429599176,8.0,0,0.0,0.0,3
107,0,3,12.573333333333366,0.0,0.0,100,100,0,3,0.2142099681866383,0.0,0,0.0,0.0,3
108,0,3,12.173333333333366,0.0,0.0,100,100,0,3,0.22124863088718505,0.0,0,0.0,0.0,3
109,0,3,11.773333333333367,0.0,0.0,100,100,0,3,0.22876557191392966,0.0,0,0.0,0.0,3
110,0,3,13.373333333333365,0.0,0.0,100,100,0,3,0.25124626121635063,8.0,0,0.0,0.0,3
111,0,3,12.973333333333366,0.0,0.0,100,100,0,3,0.2589928057553956,0.0,0,0.0,0.0,3
112,0,3,12.573333333333368,0.0,0.0,100,100,0,3,0.26723223753976644,0.0,0,0.0,0.0,3
113,0,3,12.17333333333337,0.0,0.0,100,100,0,3,0.27601314348302286,0.0,0,0.0,0.0,3
114,0,3,13.773333333333369,0.0,0.0,100,100,0,3,0.2923523717328169,8.0,0,0.0,0.0,3
115,0,3,13.37333333333337,0.0,0.0,100,100,0,3,0.30109670987038895,0.0,0,0.0,0.0,3
116,0,3,12.973333333333372,0.0,0.0,100,100,0,3,0.3103802672147993,0.0,0,0.0,0.0,3
117,0,3,12.573333333333373,0.0,0.0,100,100,0,3,0.3202545068928946,0.0,0,0.0,0.0,3
118,0,3,13.173333333333375,0.0,0.0,100,100,0,3,0.3205128205128205,4.0,0,0.0,0.0,3
119,0,3,12.773333333333374,0.0,0.0,100,100,0,3,0.3305497564370221,0.0,0,0.0,0.0,3
120,0,3,12.373333333333376,0.0,0.0,100,100,0,3,0.34123563218390807,0.0,0,0.0,0.0,3
121,0,2,18.16000000000006,0.0,0.0,100,100,0,2,0.012114537444934514,0.0,0,0.0,0.0,3
122,0,2,17.760000000000062,0.0,0.0,100,100,0,2,0.012387387387388094,0.0,0,0.0,0.0,3
123,0,2,18.860000000000063,0.0,0.0,100,100,0,2,0.028101802757157568,4.0,0,0.0,0.0,3
124,0,2,18.460000000000065,0.0,0.0,100,100,0,2,0.028710725893823952,0.0,0,0.0,0.0,3
125,0,2,18.060000000000066,0.0,0.0,100,100,0,2,0.02934662236987773,0.0,0,0.0,0.0,3
126,0,2,19.160000000000068,0.0,1.48,100,100,0,2,0.011482254697286587,0.0,5,0.0,0.0,3
127,0,2,18.76000000000007,0.0,1.44,100,100,0,2,0.011727078891258458,0.0,0,0.0,0.0,3
128,0,2,18.36000000000007,0.0,1.4,100,100,0,2,0.01198257080610099,0.0,0,0.0,0.0,3
129,0,2,17.960000000000072,0.0,1.3599999999999999,100,100,0,2,0.012249443207127397,0.0,0,0.0,0.0,3
130,0,2,19.060000000000073,0.0,1.3199999999999998,100,100,0,2,0.027806925498425672,4.0,0,0.0,0.0,3
131,0,2,18.660000000000075,0.0,1.2799999999999998,100,100,0,2,0.02840300107181082,0.0,0,0.0,0.0,3
132,0,2,19.760000000000076,0.0,2.11,100,100,0,2,0.011133603238866918,0.0,5,0.0,0.0,3
133,0,2,19.360000000000078,0.0,0.73,100,100,0,2,0.011363636363636909,0.0,0,0.0,0.0,3
134,0,2,20.46000000000008,0.0,0.71,100,100,0,2,0.025904203323557695,4.0,0,0.0,0.0,3
135,0,2,20.06000000000008,0.0,0.69,100,100,0,2,0.02642073778663967,0.0,0,0.0,0.0,3
136,0,2,19.660000000000082,0.0,0.6699999999999999,100,100,0,2,0.02695829094608304,0.0,0,0.0,0.0,3
137,0,2,19.260000000000083,0.0,0.6499999999999999,100,100,0,2,0.02751817237798493,0.0,0,0.0,0.0,3
138,0,2,20.360000000000085,0.0,0.6299999999999999,100,100,0,2,0.0628683693516694,4.0,0,0.0,0.0,3
139,0,2,19.960000000000086,0.0,0.6099999999999999,100,100,0,2,0.06412825651302545,0.0,0,0.0,0.0,3
140,0,2,19.560000000000088,0.0,0.5899999999999999,100,100,0,2,0.06543967280163532,0.0,0,0.0,0.0,3
141,0,2,19.16000000000009,0.0,0.5699999999999998,100,100,0,2,0.06680584551148172,0.0,0,0.0,0.0,3
142,0,2,20.26000000000009,0.0,0.5499999999999998,100,100,0,2,0.1001974333662381,4.0,0,0.0,0.0,3
143,0,2,19.860000000000092,0.0,0.5299999999999998,100,100,0,2,0.10221550855991857,0.0,0,0.0,0.0,3
144,0,2,19.460000000000093,0.0,0.5099999999999998,100,100,0,2,0.10431654676258906,0.0,0,0.0,0.0,3
145,0,2,19.060000000000095,0.0,0.48999999999999977,100,100,0,2,0.10650577124868743,0.0,0,0.0,0.0,3
146,0,2,20.160000000000096,0.0,0.46999999999999975,100,100,0,2,0.13789682539682446,4.0,0,0.0,0.0,3
147,0,2,19.760000000000097,0.0,0.44999999999999973,100,100,0,2,0.1406882591093106,0.0,0,0.0,0.0,3
148,0,2,19.360000000000095,0.0,0.4299999999999997,100,100,0,2,0.14359504132231304,0.0,0,0.0,0.0,3
149,0,2,18.960000000000097,0.0,0.4099999999999997,100,100,0,2,0.1466244725738386,0.0,0,0.0,0.0,3
150,0,2,18.560000000000098,0.0,0.3899999999999997,100,100,0,2,0.14978448275861944,0.0,0,0.0,0.0,3
151,0,2,18.160000000000096,0.0,0.36999999999999966,100,100,0,2,0.15308370044052766,0.0,0,0.0,0.0,3
152,0,2,17.760000000000097,0.0,0.34999999999999964,100,100,0,2,0.15653153153153054,0.0,0,0.0,0.0,3
153,0,2,17.3600000000001,0.0,0.3299999999999996,100,100,0,2,0.16013824884792505,0.0,0,0.0,0.0,3
154,0,2,16.9600000000001,0.0,0.3099999999999996,100,100,0,2,0.16391509433962126,0.0,0,0.0,0.0,3
155,0,2,18.0600000000001,0.0,0.2899999999999996,100,100,0,2,0.19545957918050805,4.0,0,0.0,0.0,3
156,0,2,17.6600000000001,0.0,0.2699999999999996,100,100,0,2,0.19988674971687304,0.0,0,0.0,0.0,3
157,0,2,17.2600000000001,0.0,0.24999999999999958,100,100,0,2,0.20451911935109957,0.0,0,0.0,0.0,3
158,0,2,16.860000000000102,0.0,0.2299999999999996,100,100,0,2,0.20937129300118462,0.0,0,0.0,0.0,3
159,0,2,16.4600000000001,0.0,0.2099999999999996,100,100,0,2,0.21445929526123808,0.0,0,0.0,0.0,3
160,0,2,16.0600000000001,0.0,0.1899999999999996,100,100,0,2,0.21980074719800613,0.0,0,0.0,0.0,3
161,0,2,15.660000000000103,0.0,0.16999999999999962,100,100,0,2,0.22541507024265472,0.0,0,0.0,0.0,3
162,0,2,15.260000000000105,0.0,0.14999999999999963,100,100,0,2,0.23132372214940844,0.0,0,0.0,0.0,3
163,0,2,15.860000000000104,0.0,0.12999999999999964,100,100,0,2,0.2540983606557361,3.0,0,0.0,0.0,3
164,0,2,15.460000000000104,0.0,0.10999999999999964,100,100,0,2,0.26067270375161544,0.0,0,0.0,0.0,3
165,0,2,15.060000000000105,0.0,0.08999999999999964,100,100,0,2,0.2675962815405031,0.0,0,0.0,0.0,3
166,0,2,14.660000000000107,0.0,0.06999999999999963,100,100,0,2,0.2748976807639816,0.0,0,0.0,0.0,3
167,0,2,14.260000000000106,0.0,0.04999999999999963,100,100,0,2,0.28260869565217184,0.0,0,0.0,0.0,3
168,0,2,13.860000000000106,0.0,0.029999999999999628,100,100,0,2,0.2907647907647888,0.0,0,0.0,0.0,3
169,0,2,14.960000000000107,0.0,0.009999999999999627,100,100,0,2,0.31951871657753794,4.0,0,0.0,0.0,3
170,0,2,14.560000000000109,0.0,0.0,100,100,0,2,0.328296703296701,0.0,0,0.0,0.0,3
171,0,2,14.160000000000108,0.0,0.0,100,100,0,2,0.33757062146892425,0.0,0,0.0,0.0,3
172,0,2,13.760000000000108,0.0,0.0,100,100,0,2,0.3473837209302304,0.0,0,0.0,0.0,3
173,0,2,14.86000000000011,0.0,0.0,100,100,0,2,0.37213997308209734,4.0,0,0.0,0.0,3
174,0,2,14.460000000000111,0.0,0.0,100,100,0,2,0.38243430152143576,0.0,0,0.0,0.0,3
175,0,2,14.06000000000011,0.0,0.0,100,100,0,2,0.3933143669985748,0.0,0,0.0,0.0,3
176,0,2,13.660000000000112,0.0,0.0,100,100,0,2,0.4048316251830133,0.0,0,0.0,0.0,3
177,0,2,13.260000000000112,0.0,0.0,100,100,0,2,0.4170437405731495,0.0,0,0.0,0.0,3
178,0,2,12.860000000000113,0.0,0.0,100,100,0,2,0.43001555209953035,0.0,0,0.0,0.0,3
179,0,2,12.460000000000115,0.0,0.0,100,100,0,2,0.44382022471909743,0.0,0,0.0,0.0,3
180,0,2,12.060000000000114,0.0,0.0,100,100,0,2,0.45854063018241753,0.0,0,0.0,0.0,3
181,0,2,11.660000000000116,0.0,0.0,100,100,0,2,0.47427101200685695,0.0,0,0.0,0.0,3
182,0,2,12.760000000000117,0.0,0.0,100,100,0,2,0.49216300940438473,4.0,0,0.0,0.0,3
183,0,1,24.920000000000133,0.0,0.0,100,100,0,1,0.0,0.0,0,0.0,0.0,3
184,0,1,24.520000000000135,0.0,0.0,100,100,0,1,0.0,0.0,0,0.0,0.0,3
185,0,1,24.120000000000136,0.0,0.0,100,100,0,1,0.0,0.0,0,0.0,0.0,3
186,0,1,26.720000000000137,0.0,0.0,100,100,0,1,0.0,4.0,0,0.0,0.0,3
187,0,1,26.32000000000014,0.0,0.0,100,100,0,1,0.0,0.0,0,0.0,0.0,3
188,0,1,25.92000000000014,0.0,0.0,100,100,0,1,0.0,0.0,0,0.0,0.0,3
189,0,1,25.52000000000014,0.0,0.0,100,100,0,1,0.0,0.0,0,0.0,0.0,3
190,0,1,25.120000000000143,0.0,0.0,100,100,0,1,0.0,0.0,0,0.0,0.0,3
191,0,1,24.720000000000145,0.0,0.0,100,100,0,1,0.0,0.0,0,0.0,0.0,3
192,0,1,24.320000000000146,0.0,0.0,100,100,0,1,0.0,0.0,0,0.0,0.0,3
193,0,1,26.920000000000147,0.0,0.0,100,100,0,1,0.0,4.0,0,0.0,0.0,3
194,0,1,26.52000000000015,0.0,0.0,100,100,0,1,0.0,0.0,0,0.0,0.0,3
195,0,1,26.12000000000015,0.0,0.0,100,100,0,1,0.0,0.0,0,0.0,0.0,3
196,0,1,25.72000000000015,0.0,0.0,100,100,0,1,0.0,0.0,0,0.0,0.0,3
197,0,1,28.320000000000153,0.0,0.0,100,100,0,1,0.0,4.0,0,0.0,0.0,3
198,0,1,27.920000000000154,0.0,0.0,100,100,0,1,0.0,0.0,0,0.0,0.0,3
199,0,1,27.520000000000156,0.0,0.0,100,100,0,1,0.0,0.0,0,0.0,0.0,3
200,0,1,27.120000000000157,0.0,0.0,100,100,0,1,0.0,0.0,0,0.0,0.0,3
201,0,1,29.72000000000016,0.0,0.0,100,100,0,1,0.0,4.0,0,0.0,0.0,3
202,0,1,29.32000000000016,0.0,0.0,100,100,0,1,0.0,0.0,0,0.0,0.0,3
203,0,1,28.92000000000016,0.0,0.0,100,100,0,1,0.0,0.0,0,0.0,0.0,3
204,0,1,28.520000000000163,0.0,0.0,100,100,0,1,0.0,0.0,0,0.0,0.0,3
205,0,1,31.120000000000164,0.0,0.0,100,100,0,1,0.0,4.0,0,0.0,0.0,3
206,0,1,30.720000000000166,0.0,0.0,100,100,0,1,0.0,0.0,0,0.0,0.0,3
207,0,1,30.320000000000167,0.0,0.0,100,100,0,1,0.0,0.0,0,0.0,0.0,3
208,0,1,29.92000000000017,0.0,0.0,100,100,0,1,0.0,0.0,0,0.0,0.0,3
209,0,1,32.52000000000017,0.0,0.0,100,100,0,1,0.0,4.0,0,0.0,0.0,3
210,0,1,32.12000000000017,0.0,0.0,100,100,0,1,0.0,0.0,0,0.0,0.0,3
211,0,1,31.72000000000017,0.0,0.0,100,100,0,1,0.0,0.0,0,0.0,0.0,3
212,0,1,31.32000000000017,0.0,0.0,100,100,0,1,0.0,0.0,0,0.0,0.0,3
213,0,1,33.92000000000017,0.0,0.0,100,100,0,1,0.0,4.0,0,0.0,0.0,3
214,0,1,33.520000000000174,0.0,0.0,100,100,0,1,0.0,0.0,0,0.0,0.0,3
215,0,1,33.120000000000175,0.0,0.0,100,100,0,1,0.0,0.0,0,0.0,0.0,3
216,0,1,32.72000000000018,0.0,0.0,100,100,0,1,0.0,0.0,0,0.0,0.0,3
217,0,1,35.32000000000018,0.0,0.0,100,100,0,1,0.0,4.0,0,0.0,0.0,3
218,0,1,34.92000000000018,0.0,0.0,100,100,0,1,0.0,0.0,0,0.0,0.0,3
219,0,1,34.52000000000018,0.0,0.0,100,100,0,1,0.0,0.0,0,0.0,0.0,3
220,0,1,34.12000000000018,0.0,0.0,100,100,0,1,0.0,0.0,0,0.0,0.0,3
221,0,1,36.720000000000184,0.0,0.0,100,100,0,1,0.0,4.0,0,0.0,0.0,3
222,0,1,36.320000000000185,0.0,0.0,100,100,0,1,0.0,0.0,0,0.0,0.0,3
223,0,1,35.920000000000186,0.0,0.0,100,100,0,1,0.0,0.0,0,0.0,0.0,3
224,0,1,35.52000000000019,0.0,0.0,100,100,0,1,0.0,0.0,0,0.0,0.0,3
225,0,1,38.12000000000019,0.0,0.0,100,100,0,1,0.0,4.0,0,0.0,0.0,3
226,0,1,37.72000000000019,0.0,0.0,100,100,0,1,0.0,0.0,0,0.0,0.0,3
227,0,1,37.32000000000019,0.0,0.0,100,100,0,1,0.0,0.0,0,0.0,0.0,3
228,0,1,36.92000000000019,0.0,0.0,100,100,0,1,0.0,0.0,0,0.0,0.0,3
229,0,1,36.520000000000195,0.0,0.0,100,100,0,1,0.0,0.0,0,0.0,0.0,3
230,0,1,36.120000000000196,0.0,0.0,100,100,0,1,0.0,0.0,0,0.0,0.0,3
231,0,1,35.7200000000002,0.0,0.0,100,100,0,1,0.0,0.0,0,0.0,0.0,3
232,0,1,35.3200000000002,0.0,0.0,100,100,0,1,0.0,0.0,0,0.0,0.0,3
233,0,1,34.9200000000002,0.0,0.0,100,100,0,1,0.0,0.0,0,0.0,0.0,3
234,0,1,37.5200000000002,0.0,0.0,100,100,0,1,0.0,4.0,0,0.0,0.0,3
235,0,1,37.1200000000002,0.0,0.0,100,100,0,1,0.0,0.0,0,0.0,0.0,3
236,0,1,36.720000000000205,0.0,0.0,100,100,0,1,0.0,0.0,0,0.0,0.0,3
237,0,1,36.320000000000206,0.0,0.0,100,100,0,1,0.0,0.0,0,0.0,0.0,3
238,0,1,38.92000000000021,0.0,0.0,100,100,0,1,0.0,4.0,0,0.0,0.0,3
239,0,1,38.52000000000021,0.0,0.0,100,100,0,1,0.0,0.0,0,0.0,0.0,3
240,0,1,38.12000000000021,0.0,0.0,100,100,0,1,0.0,0.0,0,0.0,0.0,3
241,0,1,37.72000000000021,0.0,0.0,100,100,0,1,0.0,0.0,0,0.0,0.0,3
242,0,1,37.32000000000021,0.0,0.0,100,100,0,1,0.0,0.0,0,0.0,0.0,3
243,0,1,36.920000000000215,0.0,0.0,100,100,0,1,0.0,0.0,0,0.0,0.0,3
244,0,1,36.520000000000216,0.0,0.0,100,100,0,1,0.0,0.0,0,0.0,0.0,3
245,0,1,36.12000000000022,0.0,0.0,100,100,0,1,0.0,0.0,0,0.0,0.0,3
246,0,1,35.72000000000022,0.0,0.0,100,100,0,1,0.0,0.0,0,0.0,0.0,3
247,0,1,38.32000000000022,0.0,0.0,100,100,0,1,0.0,4.0,0,0.0,0.0,3
248,0,1,37.92000000000022,0.0,0.0,100,100,0,1,0.0,0.0,0,0.0,0.0,3
249,0,1,37.52000000000022,0.0,0.0,100,100,0,1,0.0,0.0,0,0.0,0.0,3
250,0,1,37.120000000000225,0.0,0.0,100,100,0,1,0.0,0.0,0,0.0,0.0,3
251,0,1,36.720000000000226,0.0,0.0,100,100,0,1,0.0,0.0,0,0.0,0.0,3
252,0,1,36.32000000000023,0.0,0.0,100,100,0,1,0.0,0.0,0,0.0,0.0,3
253,0,1,35.92000000000023,0.0,0.0,100,100,0,1,0.0,0.0,0,0.0,0.0,3
254,0,1,35.52000000000023,0.0,0.0,100,100,0,1,0.0,0.0,0,0.0,0.0,3
255,0,1,35.12000000000023,0.0,0.0,100,100,0,1,0.0,0.0,0,0.0,0.0,3
256,0,1,37.72000000000023,0.0,0.0,100,100,0,1,0.0,4.0,0,0.0,0.0,3
257,0,1,37.320000000000235,0.0,0.0,100,100,0,1,0.0,0.0,0,0.0,0.0,3
258,0,1,36.920000000000236,0.0,0.0,100,100,0,1,0.0,0.0,0,0.0,0.0,3
259,0,1,36.52000000000024,0.0,0.0,100,100,0,1,0.0,0.0,0,0.0,0.0,3
260,0,1,39.12000000000024,0.0,0.0,100,100,0,1,0.0,4.0,0,0.0,0.0,3
261,0,1,38.72000000000024,0.0,0.0,100,100,0,1,0.0,0.0,0,0.0,0.0,3
262,0,1,38.32000000000024,0.0,0.0,100,100,0,1,0.0,0.0,0,0.0,0.0,3
263,0,1,37.92000000000024,0.0,0.0,100,100,0,1,0.0,0.0,0,0.0,0.0,3
264,0,1,37.520000000000245,0.0,0.0,100,100,0,1,0.0,0.0,0,0.0,0.0,3
265,0,1,37.120000000000246,0.0,0.0,100,100,0,1,0.0,0.0,0,0.0,0.0,3
266,0,1,36.72000000000025,0.0,0.0,100,100,0,1,0.0,0.0,0,0.0,0.0,3
267,0,1,36.32000000000025,0.0,0.0,100,100,0,1,0.0,0.0,0,0.0,0.0,3
268,0,1,38.92000000000025,0.0,0.0,100,100,0,1,0.0,4.0,0,0.0,0.0,3
269,0,1,38.52000000000025,0.0,0.0,100,100,0,1,0.0,0.0,0,0.0,0.0,3
270,0,1,38.12000000000025,0.0,0.0,100,100,0,1,0.0,0.0,0,0.0,0.0,3
271,0,1,37.720000000000255,0.0,0.0,100,100,0,1,0.0,0.0,0,0.0,0.0,3
272,0,1,37.320000000000256,0.0,0.0,100,100,0,1,0.0,0.0,0,0.0,0.0,3
273,0,1,36.92000000000026,0.0,0.0,100,100,0,1,0.0,0.0,0,0.0,0.0,3
274,0,1,36.52000000000026,0.0,0.0,100,100,0,1,0.0,0.0,0,0.0,0.0,3
275,0,1,36.12000000000026,0.0,0.0,100,100,0,1,0.0,0.0,0,0.0,0.0,3
276,0,1,35.72000000000026,0.0,0.0,100,100,0,1,0.0,0.0,0,0.0,0.0,3
277,0,1,35.32000000000026,0.0,0.0,100,100,0,1,0.0,0.0,0,0.0,0.0,3
278,0,1,37.920000000000265,0.0,0.0,100,100,0,1,0.0,4.0,0,0.0,0.0,3
279,0,1,37.520000000000266,0.0,0.0,100,100,0,1,0.0,0.0,0,0.0,0.0,3
280,0,1,37.12000000000027,0.0,0.0,100,100,0,1,0.0,0.0,0,0.0,0.0,3
281,0,1,36.72000000000027,0.0,0.0,100,100,0,1,0.0,0.0,0,0.0,0.0,3
282,0,1,36.32000000000027,0.0,0.0,100,100,0,1,0.0,0.0,0,0.0,0.0,3
283,0,1,35.92000000000027,0.0,0.0,100,100,0,1,0.0,0.0,0,0.0,0.0,3
284,0,1,35.52000000000027,0.0,0.0,100,100,0,1,0.0,0.0,0,0.0,0.0,3
285,0,1,35.120000000000275,0.0,0.0,100,100,0,1,0.0,0.0,0,0.0,0.0,3
286,0,1,36.720000000000276,0.0,0.0,100,100,0,1,0.0,3.0,0,0.0,0.0,3
287,0,1,36.32000000000028,0.0,0.0,100,100,0,1,0.0,0.0,0,0.0,0.0,3
288,0,1,35.92000000000028,0.0,0.0,100,100,0,1,0.0,0.0,0,0.0,0.0,3
289,0,1,35.52000000000028,0.0,0.0,100,100,0,1,0.0,0.0,0,0.0,0.0,3
290,0,1,35.12000000000028,0.0,0.0,100,100,0,1,0.0,0.0,0,0.0,0.0,3
291,0,1,34.72000000000028,0.0,0.0,100,100,0,1,0.0,0.0,0,0.0,0.0,3
292,0,1,34.320000000000285,0.0,0.0,100,100,0,1,0.0,0.0,0,0.0,0.0,3
293,0,1,33.920000000000286,0.0,0.0,100,100,0,1,0.0,0.0,0,0.0,0.0,3
294,0,1,36.52000000000029,0.0,0.0,100,100,0,1,0.0,4.0,0,0.0,0.0,3
295,0,1,36.12000000000029,0.0,0.0,100,100,0,1,0.0,0.0,0,0.0,0.0,3
296,0,1,35.72000000000029,0.0,0.0,100,100,0,1,0.0,0.0,0,0.0,0.0,3
297,0,1,35.32000000000029,0.0,0.0,100,100,0,1,0.0,0.0,0,0.0,0.0,3
298,0,1,34.92000000000029,0.0,0.0,100,100,0,1,0.0,0.0,0,0.0,0.0,3
299,0,1,34.520000000000294,0.0,0.0,100,100,0,1,0.0,0.0,0,0.0,0.0,3
300,0,1,34.120000000000296,0.0,0.0,100,100,0,1,0.0,0.0,0,0.0,0.0,3
0,0,15,20.0,0.0,0.0,100,100,0,15,0.0,0.0,0,0.0,0.0,4
1,0,15,18.6,0.0,0.0,100,100,0,15,0.043010752688172005,0.0,0,0.0,0.0,4
2,0,15,17.86666666666667,0.0,0.0,100,100,0,15,0.054726368159204064,0.0,0,0.0,0.0,4
3,0,15,17.466666666666672,0.0,0.0,100,100,0,15,0.05597964376590325,0.0,0,0.0,0.0,4
4,0,15,17.733333333333338,0.0,1.48,100,100,0,15,0.0641604010025063,12.0,10,0.0,0.0,4
5,0,15,17.53333333333334,0.0,1.44,100,100,0,15,0.055766793409378845,4.0,0,0.0,0.0,4
6,0,15,17.000000000000007,0.0,1.4,100,100,0,15,0.05960784313725509,0.0,5,0.0,0.0,4
7,0,15,16.800000000000008,0.0,1.3599999999999999,100,100,0,15,0.049206349206349254,4.0,0,0.0,0.0,4
8,0,15,17.200000000000006,0.0,2.8,100,100,0,15,0.051162790697674376,12.0,5,0.0,0.0,4
9,0,15,17.200000000000006,0.0,2.7199999999999998,100,100,0,15,0.04031007751937987,8.0,0,0.0,0.0,4
10,0,15,16.466666666666676,0.0,2.6399999999999997,100,100,0,15,0.05614035087719271,0.0,0,0.0,0.0,4
11,0,15,16.46666666666668,0.0,2.5599999999999996,100,100,0,15,0.060998650472334326,4.0,5,0.0,0.0,4
12,0,15,17.066666666666677,0.0,2.4799999999999995,100,100,0,15,0.07187500000000013,8.0,15,0.0,0.0,4
13,0,15,16.917333333333346,0.0,2.3999999999999995,100,100,0,15,0.07948717948717943,11.760000000000002,0,0.0,0.0,4
14,0,15,16.717333333333347,0.0,3.8199999999999994,100,100,0,15,0.08800978359121592,0.0,5,0.0,0.0,4
15,0,15,16.584000000000014,0.0,1.7699999999999996,100,100,0,15,0.08174947740794325,4.0,10,0.0,0.0,4
16,0,15,16.25066666666668,0.0,1.7099999999999995,100,100,0,15,0.0789191554534514,8.0,0,0.0,0.0,4
17,0,15,16.25066666666668,0.0,1.6499999999999995,100,100,0,15,0.08001312766655744,8.0,0,0.0,0.0,4
18,0,15,15.717333333333352,0.0,1.5899999999999994,100,100,0,15,0.083949779436715,4.0,0,0.0,0.0,4
19,0,15,15.917333333333351,0.0,1.5299999999999994,100,100,0,15,0.09741441894231295,8.0,5,0.0,0.0,4
20,0,15,15.917333333333351,0.0,1.4699999999999993,100,100,0,15,0.09754844474227964,8.0,0,0.0,0.0,4
21,0,15,15.917333333333351,0.0,1.4099999999999993,100,100,0,15,0.09518065560953826,8.0,0,0.0,0.0,4
22,0,15,15.917333333333351,0.0,1.3499999999999992,100,100,0,15,0.09462221477634447,8.0,0,0.0,0.0,4
23,0,15,15.58400000000002,0.0,1.2899999999999991,100,100,0,15,0.12616929044033776,8.0,0,0.0,0.0,4
24,0,15,15.58400000000002,0.0,1.229999999999999,100,100,0,15,0.13201003878621953,8.0,0,0.0,0.0,4
25,0,15,15.58400000000002,0.0,1.169999999999999,100,100,0,15,0.13746292493725742,8.0,0,0.0,0.0,4
26,0,15,15.78400000000002,0.0,1.109999999999999,100,100,0,15,0.13008954215239021,12.0,0,0.0,0.0,4
27,0,15,15.78400000000002,0.0,1.049999999999999,100,100,0,15,0.1430421805485158,8.0,0,0.0,0.0,4
28,0,15,15.78400000000002,0.0,0.9899999999999989,100,100,0,15,0.1544405023371065,8.0,0,0.0,0.0,4
29,0,15,15.78400000000002,0.0,0.9299999999999989,100,100,0,15,0.16331587542940795,8.0,0,0.0,0.0,4
30,0,15,15.984000000000021,0.0,0.8699999999999989,100,100,0,15,0.1607162718273829,12.0,0,0.0,0.0,4
31,0,15,15.784000000000022,0.0,0.8099999999999989,100,100,0,15,0.17120009010531057,4.0,0,0.0,0.0,4
32,0,15,15.250666666666689,0.0,0.7499999999999989,100,100,0,15,0.19350702337238435,0.0,5,0.0,0.0,4
33,0,15,15.250666666666689,0.0,0.689999999999999,100,100,0,15,0.2098268928134288,4.0,5,0.0,0.0,4
34,0,15,14.917333333333357,0.0,0.6299999999999989,100,100,0,15,0.22371588606840676,8.0,0,0.0,0.0,4
35,0,15,15.050666666666691,0.0,1.299999999999999,100,100,0,15,0.20578785731159943,7.0,5,0.0,0.0,4
36,0,15,14.984000000000025,0.0,1.2199999999999989,100,100,0,15,0.2179747285993947,7.0,0,0.0,0.0,4
37,0,15,14.984000000000027,0.0,1.1399999999999988,100,100,0,15,0.22302900872041254,8.0,0,0.0,0.0,4
38,0,15,14.784000000000026,0.0,1.0599999999999987,100,100,0,15,0.23386243386243377,4.0,0,0.0,0.0,4
39,0,15,14.584000000000026,0.0,1.7299999999999986,100,100,0,15,0.24728469555677424,7.0,5,0.0,0.0,4
40,0,15,14.784000000000026,0.0,2.3599999999999985,100,100,0,15,0.25115440115440113,4.0,10,0.0,0.0,4
41,0,15,14.784000000000026,0.0,2.249999999999999,100,100,0,15,0.26002886002886005,8.0,0,0.0,0.0,4
42,0,15,14.584000000000028,0.0,2.1599999999999993,100,100,0,15,0.2520143841043456,4.0,0,0.0,0.0,4
43,0,15,13.850666666666694,0.0,2.079999999999999,100,100,0,15,0.24289564882556802,0.0,0,0.0,0.0,4
44,0,15,14.050666666666695,0.0,3.479999999999999,100,100,0,15,0.2596824191813756,8.0,5,0.0,0.0,4
45,0,15,14.050666666666695,0.0,3.359999999999999,100,100,0,15,0.2676029607136077,8.0,0,0.0,0.0,4
46,0,15,13.717333333333363,0.0,3.239999999999999,100,100,0,15,0.2689217210990149,8.0,0,0.0,0.0,4
47,0,15,12.98400000000003,0.0,3.119999999999999,100,100,0,15,0.2676798795098241,0.0,0,0.0,0.0,4
48,0,15,13.58400000000003,0.0,2.999999999999999,100,100,0,15,0.28072241853160573,12.0,10,0.0,0.0,4
49,0,15,13.38400000000003,0.0,2.879999999999999,100,100,0,15,0.2882380288238031,4.0,0,0.0,0.0,4
50,0,15,13.450666666666699,0.0,4.969999999999999,100,100,0,15,0.31060005286809433,12.0,5,0.0,0.0,4
51,0,15,12.384000000000032,0.0,4.789999999999998,100,100,0,15,0.35512489233419475,0.0,0,0.0,0.0,4
52,0,15,12.050666666666698,0.0,4.619999999999999,100,100,0,15,0.38834550416758873,8.0,0,0.0,0.0,4
53,0,14,12.860357142857177,0.0,4.459999999999999,100,100,0,14,0.342293394905242,7.085,0,0.0,0.0,4
54,0,14,13.531785714285748,0.0,4.299999999999999,100,100,0,14,0.33862259306319586,20.0,0,0.0,0.0,4
55,0,14,13.346071428571463,0.0,4.139999999999999,100,100,0,14,0.3395270334845919,4.0,0,0.0,0.0,4
56,0,14,13.160357142857178,0.0,3.979999999999998,100,100,0,14,0.35556111233877274,4.0,0,0.0,0.0,4
57,0,14,13.188928571428606,0.0,3.819999999999998,100,100,0,14,0.35788559513816076,8.0,0,0.0,0.0,4
58,0,12,15.95375000000004,0.0,3.659999999999998,100,100,0,12,0.23676730479598196,16.0,0,0.0,0.0,4
59,0,12,16.30375000000004,0.0,3.499999999999998,100,100,0,12,0.24298048335846434,8.0,5,0.0,0.0,4
60,0,12,15.90375000000004,0.0,3.3399999999999976,100,100,0,12,0.24909175858244526,0.0,0,0.0,0.0,4
61,0,12,15.587083333333373,0.0,3.1799999999999975,100,100,0,12,0.24308989815285154,8.0,0,0.0,0.0,4
62,0,12,15.437083333333375,0.0,3.0199999999999974,100,100,0,12,0.2548989176495995,4.0,0,0.0,0.0,4
63,0,12,15.74750000000004,0.0,2.859999999999997,100,100,0,12,0.24657353018997763,7.525,5,0.0,0.0,4
64,0,12,15.597500000000041,0.0,2.6999999999999975,100,100,0,12,0.25465708535912124,4.0,0,0.0,0.0,4
65,0,12,15.530833333333376,0.0,2.5399999999999974,100,100,0,12,0.27652429754431185,12.0,0,0.0,0.0,4
66,0,12,15.630833333333376,0.0,3.109999999999997,100,100,0,12,0.2845293312718813,4.0,5,0.0,0.0,4
67,0,12,15.81416666666671,0.0,2.929999999999997,100,100,0,12,0.3051325288507145,12.0,5,0.0,0.0,4
68,0,12,15.91416666666671,0.0,2.749999999999997,100,100,0,12,0.2972805501736753,8.0,0,0.0,0.0,4
69,0,12,15.597500000000045,0.0,2.5699999999999967,100,100,0,12,0.32635215757511005,8.0,0,0.0,0.0,4
70,0,12,15.697500000000042,0.0,2.389999999999997,100,100,0,12,0.3189644493992321,8.0,0,0.0,0.0,4
71,0,12,15.547500000000044,0.0,2.209999999999997,100,100,0,12,0.32338175126404733,4.0,0,0.0,0.0,4
72,0,12,15.43958333333338,0.0,2.0399999999999974,100,100,0,12,0.33927270273917176,11.505,0,0.0,0.0,4
73,0,12,15.539583333333377,0.0,1.8799999999999972,100,100,0,12,0.35682843991598556,8.0,0,0.0,0.0,4
74,0,12,15.389583333333379,0.0,1.719999999999997,100,100,0,12,0.3697825007896758,4.0,0,0.0,0.0,4
75,0,12,15.23958333333338,0.0,1.5599999999999972,100,100,0,12,0.3611187058555483,4.0,0,0.0,0.0,4
76,0,12,15.32958333333338,0.0,1.3999999999999972,100,100,0,12,0.3699251628568587,7.88,0,0.0,0.0,4
77,0,12,15.162916666666716,0.0,1.2599999999999978,100,100,0,12,0.3804031216509578,3.8000000000000016,0,0.0,0.0,4
78,0,11,16.395909090909143,0.0,1.139999999999998,100,100,0,11,0.34328256645353483,4.0,0,0.0,0.0,4
79,0,11,16.268636363636418,0.0,1.0199999999999978,100,100,0,11,0.3459681331772082,4.0,0,0.0,0.0,4
80,0,11,15.959545454545507,0.0,0.8999999999999979,100,100,0,11,0.3432490724222663,8.0,0,0.0,0.0,4
81,0,11,15.559545454545509,0.0,0.7899999999999983,100,100,0,11,0.3520732138067306,0.0,0,0.0,0.0,4
82,0,11,15.705000000000053,0.0,2.1599999999999984,100,100,0,11,0.37407153062271603,4.0,5,0.0,0.0,4
83,0,11,15.577727272727328,0.0,2.0399999999999987,100,100,0,11,0.38031094405288335,4.0,0,0.0,0.0,4
84,0,11,14.541363636363691,0.0,1.9199999999999984,100,100,0,11,0.4006297225640165,4.0,0,0.0,0.0,4
85,0,11,14.14136363636369,0.0,1.7999999999999985,100,100,0,11,0.4119618609027502,0.0,0,0.0,0.0,4
86,0,11,14.014090909090966,0.0,1.6799999999999984,100,100,0,11,0.4333949596185658,4.0,0,0.0,0.0,4
87,0,11,14.432272727272784,0.0,1.579999999999999,100,100,0,11,0.4274396511491405,12.0,0,0.0,0.0,4
88,0,10,15.755500000000064,0.0,1.5099999999999993,100,100,0,10,0.3686871251309065,4.0,0,0.0,0.0,4
89,0,10,15.655500000000064,0.0,1.4499999999999993,100,100,0,10,0.36912586630896493,4.0,0,0.0,0.0,4
90,0,9,17.283888888888963,0.0,1.3899999999999992,100,100,0,9,0.305401090718181,4.0,0,0.0,0.0,4
91,0,9,17.866111111111184,0.0,1.3299999999999992,100,100,0,9,0.3224879159454235,11.84,0,0.0,0.0,4
92,0,9,17.799444444444518,0.0,1.2699999999999991,100,100,0,9,0.3153725841075632,4.0,0,0.0,0.0,4
93,0,9,17.732777777777855,0.0,1.209999999999999,100,100,0,9,0.3123809921641929,4.0,0,0.0,0.0,4
94,0,9,17.332777777777853,0.0,1.1499999999999992,100,100,0,9,0.3195900153494944,0.0,0,0.0,0.0,4
95,0,9,17.599444444444522,0.0,1.0899999999999992,100,100,0,9,0.33849974220566703,8.0,0,0.0,0.0,4
96,0,9,17.532777777777856,0.0,1.0299999999999991,100,100,0,9,0.3313370723618192,4.0,0,0.0,0.0,4
97,0,9,17.46611111111119,0.0,0.9699999999999991,100,100,0,9,0.3283607409056688,4.0,0,0.0,0.0,4
98,0,8,19.974375000000087,0.0,0.909999999999999,100,100,0,8,0.2498396382865542,8.0,0,0.0,0.0,4
99,0,8,20.32437500000009,0.0,1.599999999999999,100,100,0,8,0.2669939112518833,4.0,5,0.0,0.0,4
100,0,7,22.787857142857238,0.0,1.519999999999999,100,100,0,7,0.1674182007066065,0.0,0,0.0,0.0,4
101,0,7,22.816428571428666,0.0,1.4399999999999988,100,100,0,7,0.15110844763663867,4.0,0,0.0,0.0,4
102,0,7,22.845000000000095,0.0,1.3599999999999988,100,100,0,7,0.1616394423823373,4.0,0,0.0,0.0,4
103,0,7,23.302142857142957,0.0,1.2899999999999991,100,100,0,7,0.17606333831083254,8.0,0,0.0,0.0,4
104,0,7,23.330714285714382,0.0,1.979999999999999,100,100,0,7,0.17926793532218643,0.0,5,0.0,0.0,4
105,0,7,23.6450000000001,0.0,0.5399999999999991,100,100,0,7,0.1558080622817961,7.0,0,0.0,0.0,4
106,0,7,23.2450000000001,0.0,0.49999999999999917,100,100,0,7,0.15848920768565544,0.0,0,0.0,0.0,4
107,0,7,24.130714285714387,0.0,2.669999999999999,100,100,0,7,0.16608522460578246,8.0,5,0.0,0.0,4
108,0,7,23.730714285714388,0.0,2.569999999999999,100,100,0,7,0.16888472271791044,0.0,0,0.0,0.0,4
109,0,7,23.33071428571439,0.0,2.469999999999999,100,100,0,7,0.17178021439724311,0.0,0,0.0,0.0,4
110,0,7,23.645000000000106,0.0,3.119999999999999,100,100,0,7,0.17969886199351826,3.0,5,0.0,0.0,4
111,0,7,23.673571428571535,0.0,2.999999999999999,100,100,0,7,0.18453368735479603,4.0,0,0.0,0.0,4
112,0,7,24.559285714285824,0.0,2.879999999999999,100,100,0,7,0.17787860279789447,12.0,0,0.0,0.0,4
113,0,7,23.873571428571534,0.0,2.759999999999999,100,100,0,7,0.16814768273344738,4.0,0,0.0,0.0,4
114,0,7,23.47357142857154,0.0,2.639999999999999,100,100,0,7,0.17101299333597053,0.0,0,0.0,0.0,4
115,0,7,23.502142857142967,0.0,2.5199999999999987,100,100,0,7,0.1812253333391225,4.0,0,0.0,0.0,4
116,0,7,24.787857142857256,0.0,2.3999999999999986,100,100,0,7,0.1718254082602988,15.8,0,0.0,0.0,4
117,0,7,24.387857142857257,0.0,2.2799999999999985,100,100,0,7,0.17464362073798867,0.0,0,0.0,0.0,4
118,0,7,24.273571428571547,0.0,2.1599999999999984,100,100,0,7,0.17882891025344594,3.0,0,0.0,0.0,4
119,0,7,24.30214285714297,0.0,2.059999999999999,100,100,0,7,0.18869588219733724,4.0,0,0.0,0.0,4
120,0,7,24.73642857142869,0.0,1.979999999999999,100,100,0,7,0.17389869522351997,7.84,0,0.0,0.0,4
121,0,7,24.76500000000012,0.0,1.899999999999999,100,100,0,7,0.18853137863261593,4.0,0,0.0,0.0,4
122,0,7,24.36500000000012,0.0,1.819999999999999,100,100,0,7,0.19162649668937948,0.0,0,0.0,0.0,4
123,0,7,24.82214285714298,0.0,1.7399999999999989,100,100,0,7,0.18316430770748626,8.0,0,0.0,0.0,4
124,0,7,24.85071428571441,0.0,1.6599999999999988,100,100,0,7,0.18113058795993964,4.0,0,0.0,0.0,4
125,0,7,25.187857142857265,0.0,1.5799999999999987,100,100,0,7,0.1867436933086477,7.16,0,0.0,0.0,4
126,0,7,25.216428571428697,0.0,1.4999999999999987,100,100,0,7,0.19010929868364013,4.0,0,0.0,0.0,4
127,0,7,25.245000000000125,0.0,1.4199999999999986,100,100,0,7,0.19959498951095522,4.0,0,0.0,0.0,4
128,0,7,25.273571428571554,0.0,1.3399999999999985,100,100,0,7,0.20064518473358817,4.0,0,0.0,0.0,4
129,0,7,25.302142857142986,0.0,2.7599999999999985,100,100,0,7,0.1951274595601722,0.0,5,0.0,0.0,4
130,0,7,25.759285714285845,0.0,1.5599999999999987,100,100,0,7,0.20942715327541817,8.0,0,0.0,0.0,4
131,0,7,26.2164285714287,0.0,1.4799999999999986,100,100,0,7,0.20110461970800309,8.0,0,0.0,0.0,4
132,0,7,26.24500000000013,0.0,1.3999999999999988,100,100,0,7,0.20211429971112005,4.0,0,0.0,0.0,4
133,0,7,25.845000000000134,0.0,1.3199999999999987,100,100,0,7,0.20524239875869,0.0,0,0.0,0.0,4
134,0,7,25.873571428571562,0.0,1.2399999999999987,100,100,0,7,0.21921352258430815,4.0,0,0.0,0.0,4
135,0,7,26.69071428571442,0.0,2.659999999999999,100,100,0,7,0.20938261032461702,7.520000000000001,5,0.0,0.0,4
136,0,7,26.290714285714422,0.0,1.1999999999999988,100,100,0,7,0.21256826147200192,0.0,0,0.0,0.0,4
137,0,7,26.31928571428585,0.0,1.1199999999999988,100,100,0,7,0.21698994684583672,4.0,0,0.0,0.0,4
138,0,7,26.347857142857283,0.0,1.039999999999999,100,100,0,7,0.2167546444934132,4.0,0,0.0,0.0,4
139,0,7,26.37642857142871,0.0,0.9599999999999989,100,100,0,7,0.2304469435836718,4.0,0,0.0,0.0,4
140,0,7,25.690714285714424,0.0,1.6299999999999988,100,100,0,7,0.24771913936981815,0.0,5,0.0,0.0,4
141,0,7,26.147857142857283,0.0,1.5299999999999987,100,100,0,7,0.2379560505601961,8.0,0,0.0,0.0,4
142,0,7,25.74785714285729,0.0,1.4299999999999988,100,100,0,7,0.24165276286118376,0.0,0,0.0,0.0,4
143,0,7,26.205000000000144,0.0,1.3299999999999987,100,100,0,7,0.23818479881935528,8.0,0,0.0,0.0,4
144,0,7,25.805000000000145,0.0,1.2499999999999993,100,100,0,7,0.24187687088010867,0.0,0,0.0,0.0,4
145,0,7,25.83357142857157,0.0,1.2999999999999998,100,100,0,7,0.24110376862885974,0.0,5,0.0,0.0,4
146,0,7,25.433571428571575,0.0,1.2599999999999998,100,100,0,7,0.24489566658241269,0.0,0,0.0,0.0,4
147,0,7,25.890714285714434,0.0,1.2199999999999998,100,100,0,7,0.24530108895711455,8.0,0,0.0,0.0,4
148,0,7,26.34785714285729,0.0,1.1799999999999997,100,100,0,7,0.2461881654008955,8.0,0,0.0,0.0,4
149,0,7,26.376428571428722,0.0,1.8899999999999997,100,100,0,7,0.2319943982142365,0.0,5,0.0,0.0,4
150,0,7,25.976428571428723,0.0,1.8299999999999996,100,100,0,7,0.2355667815012814,0.0,0,0.0,0.0,4
151,0,7,26.57642857142872,0.0,1.7699999999999996,100,100,0,7,0.26200906895399734,12.0,5,0.0,0.0,4
152,0,7,26.605000000000153,0.0,1.7099999999999995,100,100,0,7,0.2709326542118433,4.0,0,0.0,0.0,4
153,0,7,26.205000000000155,0.0,1.6499999999999995,100,100,0,7,0.27506824137783226,0.0,0,0.0,0.0,4
154,0,7,25.519285714285868,0.0,1.5899999999999994,100,100,0,7,0.2717752480117068,4.0,0,0.0,0.0,4
155,0,7,26.405000000000154,0.0,1.5299999999999994,100,100,0,7,0.27193365511324696,12.0,0,0.0,0.0,4
156,0,7,26.433571428571586,0.0,1.4699999999999993,100,100,0,7,0.2809043848847117,4.0,0,0.0,0.0,4
157,0,7,26.462142857143014,0.0,1.4099999999999993,100,100,0,7,0.27702262377134734,4.0,0,0.0,0.0,4
158,0,7,26.490714285714443,0.0,1.3499999999999992,100,100,0,7,0.2628568347014153,4.0,0,0.0,0.0,4
159,0,7,27.376428571428733,0.0,1.2899999999999991,100,100,0,7,0.2640138060076993,12.0,0,0.0,0.0,4
160,0,7,27.40500000000016,0.0,1.959999999999999,100,100,0,7,0.2620108798856151,0.0,5,0.0,0.0,4
161,0,7,27.43357142857159,0.0,1.879999999999999,100,100,0,7,0.2582862499023606,4.0,0,0.0,0.0,4
162,0,7,26.667142857143023,0.0,1.799999999999999,100,100,0,7,0.26983446724165505,3.4350000000000005,0,0.0,0.0,4
163,0,7,26.69571428571445,0.0,1.7199999999999989,100,100,0,7,0.27413251381785564,4.0,0,0.0,0.0,4
164,0,7,26.72428571428588,0.0,1.639999999999999,100,100,0,7,0.2875852431099115,4.0,0,0.0,0.0,4
165,0,7,27.395000000000163,0.0,1.559999999999999,100,100,0,7,0.280544267351035,10.495000000000001,0,0.0,0.0,4
166,0,7,26.995000000000168,0.0,1.4799999999999989,100,100,0,7,0.2847012485305278,0.0,0,0.0,0.0,4
167,0,7,27.023571428571596,0.0,1.3999999999999988,100,100,0,7,0.2889314317432614,4.0,0,0.0,0.0,4
168,0,7,27.052142857143025,0.0,1.3199999999999987,100,100,0,7,0.30220549128478136,4.0,0,0.0,0.0,4
169,0,7,26.79500000000017,0.0,1.2399999999999987,100,100,0,7,0.31802308533041734,8.0,0,0.0,0.0,4
170,0,7,26.39500000000017,0.0,1.1599999999999986,100,100,0,7,0.3228425296998876,0.0,0,0.0,0.0,4
171,0,7,26.326428571428742,0.0,1.0799999999999985,100,100,0,7,0.31289268563056316,3.3200000000000007,0,0.0,0.0,4
172,0,7,26.35500000000017,0.0,0.9999999999999986,100,100,0,7,0.3032612020334584,4.0,0,0.0,0.0,4
173,0,7,26.812142857143034,0.0,0.9299999999999989,100,100,0,7,0.3072244908832795,8.0,0,0.0,0.0,4
174,0,7,26.777857142857318,0.0,0.869999999999999,100,100,0,7,0.3076178536180125,3.560000000000001,0,0.0,0.0,4
175,0,7,26.37785714285732,0.0,0.8099999999999989,100,100,0,7,0.31228264275462836,0.0,0,0.0,0.0,4
176,0,7,26.406428571428744,0.0,0.7499999999999989,100,100,0,7,0.3026705772790319,4.0,0,0.0,0.0,4
177,0,7,27.292142857143034,0.0,0.689999999999999,100,100,0,7,0.3063077883669878,12.0,0,0.0,0.0,4
178,0,7,26.892142857143035,0.0,0.6299999999999989,100,100,0,7,0.31086388179537905,0.0,0,0.0,0.0,4
179,0,7,26.492142857143033,0.0,0.569999999999999,100,100,0,7,0.3155575584597654,0.0,0,0.0,0.0,4
180,0,7,26.86357142857161,0.0,1.9899999999999989,100,100,0,7,0.2902268833827759,3.4000000000000004,5,0.0,0.0,4
181,0,7,27.749285714285897,0.0,1.9099999999999988,100,100,0,7,0.299570130505288,12.0,0,0.0,0.0,4
182,0,7,27.349285714285894,0.0,1.8299999999999987,100,100,0,7,0.3039515265480932,0.0,0,0.0,0.0,4
183,0,7,26.9492857142859,0.0,1.7599999999999991,100,100,0,7,0.3084629860319632,0.0,0,0.0,0.0,4
184,0,7,26.977857142857328,0.0,1.699999999999999,100,100,0,7,0.3039832364410706,4.0,0,0.0,0.0,4
185,0,7,27.435000000000183,0.0,1.639999999999999,100,100,0,7,0.2989180363233306,8.0,0,0.0,0.0,4
186,0,7,27.03500000000019,0.0,1.579999999999999,100,100,0,7,0.30334071856965306,0.0,0,0.0,0.0,4
187,0,7,26.635000000000186,0.0,1.5199999999999991,100,100,0,7,0.30789623902874297,0.0,0,0.0,0.0,4
188,0,7,26.66357142857161,0.0,1.459999999999999,100,100,0,7,0.30756631190609984,4.0,0,0.0,0.0,4
189,0,7,26.962142857143043,0.0,1.399999999999999,100,100,0,7,0.3092014881031211,6.890000000000001,0,0.0,0.0,4
190,0,7,27.84785714285733,0.0,1.339999999999999,100,100,0,7,0.29497011824454145,12.0,0,0.0,0.0,4
191,0,7,27.447857142857327,0.0,1.279999999999999,100,100,0,7,0.2992687433315102,0.0,0,0.0,0.0,4
192,0,7,27.476428571428755,0.0,1.2199999999999989,100,100,0,7,0.29895754802817875,4.0,0,0.0,0.0,4
193,0,7,27.505000000000187,0.0,1.1599999999999988,100,100,0,7,0.3120026414492336,4.0,0,0.0,0.0,4
194,0,7,27.962142857143043,0.0,1.0999999999999988,100,100,0,7,0.293764528571792,8.0,0,0.0,0.0,4
195,0,7,27.99071428571447,0.0,1.0399999999999987,100,100,0,7,0.28034078356889336,0.0,5,0.0,0.0,4
196,0,7,27.590714285714473,0.0,0.9799999999999988,100,100,0,7,0.2844050608567641,0.0,0,0.0,0.0,4
197,0,7,27.190714285714474,0.0,0.929999999999999,100,100,0,7,0.28858891653437935,0.0,0,0.0,0.0,4
198,0,7,26.847142857143044,0.0,0.889999999999999,100,100,0,7,0.3105487605567401,7.395000000000002,0,0.0,0.0,4
199,0,7,26.447142857143042,0.0,0.849999999999999,100,100,0,7,0.3152456574916447,0.0,0,0.0,0.0,4
200,0,7,26.04714285714304,0.0,0.8099999999999989,100,100,0,7,0.3200868127649219,0.0,0,0.0,0.0,4
201,0,7,26.93285714285733,0.0,0.7699999999999989,100,100,0,7,0.2959210735691913,12.0,0,0.0,0.0,4
202,0,7,27.247142857143043,0.0,0.7299999999999989,100,100,0,7,0.3059897686332942,7.0,0,0.0,0.0,4
203,0,7,26.847142857143044,0.0,0.6899999999999988,100,100,0,7,0.31054876055673986,0.0,0,0.0,0.0,4
204,0,7,26.447142857143042,0.0,0.6499999999999988,100,100,0,7,0.31524565749164446,0.0,0,0.0,0.0,4
205,0,7,27.332857142857332,0.0,0.6099999999999988,100,100,0,7,0.29598076621543723,12.0,0,0.0,0.0,4
206,0,7,27.361428571428757,0.0,0.5699999999999988,100,100,0,7,0.3090974185319699,4.0,0,0.0,0.0,4
207,0,7,27.390000000000185,0.0,0.5299999999999988,100,100,0,7,0.29992325517282303,4.0,0,0.0,0.0,4
208,0,7,26.990000000000187,0.0,0.48999999999999877,100,100,0,7,0.304368208936036,0.0,0,0.0,0.0,4
209,0,7,27.875714285714473,0.0,0.4499999999999988,100,100,0,7,0.2891259306982139,12.0,0,0.0,0.0,4
210,0,7,28.19000000000019,0.0,0.4099999999999988,100,100,0,7,0.2960378191716537,7.0,0,0.0,0.0,4
211,0,7,27.790000000000187,0.0,0.3699999999999988,100,100,0,7,0.3002988888970466,0.0,0,0.0,0.0,4
212,0,7,27.39000000000019,0.0,0.32999999999999874,100,100,0,7,0.3046844148393182,0.0,0,0.0,0.0,4
213,0,7,27.388571428571616,0.0,0.28999999999999876,100,100,0,7,0.2946707996780997,3.7900000000000054,0,0.0,0.0,4
214,0,7,26.988571428571618,0.0,0.24999999999999878,100,100,0,7,0.2990381416170085,0.0,0,0.0,0.0,4
215,0,7,27.445714285714473,0.0,0.2099999999999988,100,100,0,7,0.31190327473900004,8.0,0,0.0,0.0,4
216,0,7,27.045714285714475,0.0,0.1699999999999988,100,100,0,7,0.3165162536597117,0.0,0,0.0,0.0,4
217,0,7,26.645714285714472,0.0,0.13999999999999918,100,100,0,7,0.3212677307680498,0.0,0,0.0,0.0,4
218,0,7,26.674285714285904,0.0,0.11999999999999918,100,100,0,7,0.33010466397355565,4.0,0,0.0,0.0,4
219,0,7,27.13142857142876,0.0,0.09999999999999917,100,100,0,7,0.34259537850523225,8.0,0,0.0,0.0,4
220,0,7,27.16000000000019,0.0,0.07999999999999917,100,100,0,7,0.3422349794114965,4.0,0,0.0,0.0,4
221,0,7,27.188571428571613,0.0,0.059999999999999165,100,100,0,7,0.33737164474869097,4.0,0,0.0,0.0,4
222,0,7,27.485714285714472,0.0,0.03999999999999916,100,100,0,7,0.3370507870507842,6.880000000000001,0,0.0,0.0,4
223,0,7,27.942857142857328,0.0,0.01999999999999916,100,100,0,7,0.3490651475314024,8.0,0,0.0,0.0,4
224,0,7,27.97142857142876,0.0,0.0,100,100,0,7,0.3487085947760076,4.0,0,0.0,0.0,4
225,0,7,28.00000000000019,0.0,0.0,100,100,0,7,0.3439795918367319,4.0,0,0.0,0.0,4
226,0,7,28.028571428571617,0.0,0.0,100,100,0,7,0.35236638998106584,4.0,0,0.0,0.0,4
227,0,7,28.485714285714472,0.0,0.0,100,100,0,7,0.3639060037254589,8.0,0,0.0,0.0,4
228,0,7,28.08571428571447,0.0,0.0,100,100,0,7,0.3690887952332478,0.0,0,0.0,0.0,4
229,0,7,28.114285714285902,0.0,0.0,100,100,0,7,0.3683434959349561,4.0,0,0.0,0.0,4
230,0,7,27.7142857142859,0.0,0.0,100,100,0,7,0.3736597938144297,0.0,0,0.0,0.0,4
231,0,7,28.600000000000186,0.0,0.0,100,100,0,7,0.37065077779363165,12.0,0,0.0,0.0,4
232,0,7,28.200000000000188,0.0,0.0,100,100,0,7,0.3759082356346759,0.0,0,0.0,0.0,4
233,0,7,28.657142857143043,0.0,0.0,100,100,0,7,0.37454778521577814,8.0,0,0.0,0.0,4
234,0,7,28.257142857143045,0.0,0.0,100,100,0,7,0.3798497761086199,0.0,0,0.0,0.0,4
235,0,7,28.7142857142859,0.0,0.0,100,100,0,7,0.3738024164889804,8.0,0,0.0,0.0,4
236,0,7,28.74285714285733,0.0,0.0,100,100,0,7,0.37306873047429345,4.0,0,0.0,0.0,4
237,0,7,29.200000000000188,0.0,0.0,100,100,0,7,0.3717780262790016,8.0,0,0.0,0.0,4
238,0,7,28.800000000000185,0.0,0.0,100,100,0,7,0.37694160997732085,0.0,0,0.0,0.0,4
239,0,7,29.68571428571447,0.0,0.0,100,100,0,7,0.3574453457995297,12.0,0,0.0,0.0,4
240,0,7,29.7142857142859,0.0,0.0,100,100,0,7,0.35675137362637077,4.0,0,0.0,0.0,4
241,0,7,30.171428571428756,0.0,0.0,100,100,0,7,0.35574945887445586,8.0,0,0.0,0.0,4
242,0,7,29.77142857142876,0.0,0.0,100,100,0,7,0.36052920208390127,0.0,0,0.0,0.0,4
243,0,7,29.800000000000185,0.0,0.0,100,100,0,7,0.3478564580194461,4.0,0,0.0,0.0,4
244,0,7,29.828571428571614,0.0,0.0,100,100,0,7,0.3507252326217811,4.0,0,0.0,0.0,4
245,0,7,30.285714285714473,0.0,0.0,100,100,0,7,0.3656469002695386,8.0,0,0.0,0.0,4
246,0,7,29.88571428571447,0.0,0.0,100,100,0,7,0.3705408358371993,0.0,0,0.0,0.0,4
247,0,7,30.342857142857326,0.0,0.0,100,100,0,7,0.35673258003766195,8.0,0,0.0,0.0,4
248,0,7,30.37142857142876,0.0,0.0,100,100,0,7,0.35988442413653776,4.0,0,0.0,0.0,4
249,0,7,31.25714285714304,0.0,0.0,100,100,0,7,0.35820057456254584,12.0,0,0.0,0.0,4
250,0,7,31.285714285714473,0.0,0.0,100,100,0,7,0.35395955642530685,4.0,0,0.0,0.0,4
251,0,7,31.74285714285733,0.0,0.0,100,100,0,7,0.3409990999099881,8.0,0,0.0,0.0,4
252,0,7,31.771428571428753,0.0,0.0,100,100,0,7,0.3440262076053413,4.0,0,0.0,0.0,4
253,0,7,32.22857142857161,0.0,0.0,100,100,0,7,0.33600557244173945,8.0,0,0.0,0.0,4
254,0,7,32.68571428571447,0.0,0.0,100,100,0,7,0.3387987012986984,8.0,0,0.0,0.0,4
255,0,7,33.14285714285732,0.0,0.0,100,100,0,7,0.3265948275862045,8.0,0,0.0,0.0,4
256,0,7,33.171428571428756,0.0,0.0,100,100,0,7,0.3295065829949524,4.0,0,0.0,0.0,4
257,0,7,33.20000000000018,0.0,0.0,100,100,0,7,0.3187976395377399,4.0,0,0.0,0.0,4
258,0,7,34.085714285714474,0.0,0.0,100,100,0,7,0.32488324751526454,12.0,0,0.0,0.0,4
259,0,7,34.1142857142859,0.0,0.0,100,100,0,7,0.32509571667862835,4.0,0,0.0,0.0,4
260,0,7,33.7142857142859,0.0,0.0,100,100,0,7,0.3289527845036291,0.0,0,0.0,0.0,4
261,0,7,33.3142857142859,0.0,0.0,100,100,0,7,0.3329024748836038,0.0,0,0.0,0.0,4
262,0,7,33.342857142857326,0.0,0.0,100,100,0,7,0.33996205165870674,4.0,0,0.0,0.0,4
263,0,7,33.37142857142876,0.0,0.0,100,100,0,7,0.3506788160469638,4.0,0,0.0,0.0,4
264,0,7,32.97142857142875,0.0,0.0,100,100,0,7,0.354933151770237,0.0,0,0.0,0.0,4
265,0,7,33.428571428571615,0.0,0.0,100,100,0,7,0.34592185592185265,8.0,0,0.0,0.0,4
266,0,7,33.88571428571447,0.0,0.0,100,100,0,7,0.34486870633581956,8.0,0,0.0,0.0,4
267,0,7,33.914285714285896,0.0,0.0,100,100,0,7,0.3554097966060865,4.0,0,0.0,0.0,4
268,0,7,33.94285714285733,0.0,0.0,100,100,0,7,0.35559764309763975,4.0,0,0.0,0.0,4
269,0,7,33.54285714285733,0.0,0.0,100,100,0,7,0.359838160136283,0.0,0,0.0,0.0,4
270,0,7,33.57142857142876,0.0,0.0,100,100,0,7,0.3668267477203613,4.0,0,0.0,0.0,4
271,0,7,33.600000000000186,0.0,0.0,100,100,0,7,0.3774477648202106,4.0,0,0.0,0.0,4
272,0,7,33.62857142857161,0.0,0.0,100,100,0,7,0.3807682971234341,4.0,0,0.0,0.0,4
273,0,7,33.5142857142859,0.0,0.0,100,100,0,7,0.3820667397393702,3.0,0,0.0,0.0,4
274,0,7,33.1142857142859,0.0,0.0,100,100,0,7,0.3866818686059377,0.0,0,0.0,0.0,4
275,0,7,34.000000000000185,0.0,0.0,100,100,0,7,0.35499999999999665,12.0,0,0.0,0.0,4
276,0,7,34.45714285714304,0.0,0.0,100,100,0,7,0.3645048566690323,8.0,0,0.0,0.0,4
277,0,7,34.05714285714304,0.0,0.0,100,100,0,7,0.3687859539789038,0.0,0,0.0,0.0,4
278,0,7,33.65714285714304,0.0,0.0,100,100,0,7,0.3731688091195695,0.0,0,0.0,0.0,4
279,0,7,34.1142857142859,0.0,0.0,100,100,0,7,0.3645788466140192,8.0,0,0.0,0.0,4
280,0,7,34.571428571428754,0.0,0.0,100,100,0,7,0.3739256198347074,8.0,0,0.0,0.0,4
281,0,7,34.600000000000186,0.0,0.0,100,100,0,7,0.37361684558216,4.0,0,0.0,0.0,4
282,0,7,34.20000000000018,0.0,0.0,100,100,0,7,0.37798663324978743,0.0,0,0.0,0.0,4
283,0,7,34.22857142857161,0.0,0.0,100,100,0,7,0.38482590031003716,4.0,0,0.0,0.0,4
284,0,7,34.97142857142875,0.0,0.0,100,100,0,7,0.37781862745097694,11.0,0,0.0,0.0,4
285,0,7,35.000000000000185,0.0,0.0,100,100,0,7,0.37751020408162916,4.0,0,0.0,0.0,4
286,0,7,34.600000000000186,0.0,0.0,100,100,0,7,0.3818744838976016,0.0,0,0.0,0.0,4
287,0,7,34.62857142857161,0.0,0.0,100,100,0,7,0.38863154172559766,4.0,0,0.0,0.0,4
288,0,7,34.657142857143036,0.0,0.0,100,100,0,7,0.3989106112354224,4.0,0,0.0,0.0,4
289,0,7,34.257142857143045,0.0,0.0,100,100,0,7,0.40356844989872154,0.0,0,0.0,0.0,4
290,0,7,33.85714285714304,0.0,0.0,100,100,0,7,0.4083363471971031,0.0,0,0.0,0.0,4
291,0,7,33.45714285714304,0.0,0.0,100,100,0,7,0.41321825057947614,0.0,0,0.0,0.0,4
292,0,7,34.342857142857326,0.0,2.98,100,100,0,7,0.40445685761825145,8.0,5,0.0,0.0,4
293,0,7,34.80000000000018,0.0,2.9,100,100,0,7,0.4061810931269023,8.0,0,0.0,0.0,4
294,0,7,33.68571428571447,0.0,2.82,100,100,0,7,0.41768447837149725,0.0,0,0.0,0.0,4
295,0,7,33.7142857142859,0.0,2.7399999999999998,100,100,0,7,0.4209624697336525,4.0,0,0.0,0.0,4
296,0,7,34.171428571428756,0.0,2.6599999999999997,100,100,0,7,0.41533086478738235,8.0,0,0.0,0.0,4
297,0,7,35.05714285714304,0.0,3.3099999999999996,100,100,0,7,0.40483758295493866,8.0,5,0.0,0.0,4
298,0,7,34.657142857143036,0.0,3.2099999999999995,100,100,0,7,0.4095100694853333,0.0,0,0.0,0.0,4
299,0,7,34.68571428571447,0.0,3.1099999999999994,100,100,0,7,0.41270298893857005,4.0,0,0.0,0.0,4
300,0,7,35.14285714285732,0.0,3.0099999999999993,100,100,0,7,0.40733449477351535,8.0,0,0.0,0.0,4
0,0,15,20.0,0.0,0.0,100,100,0,15,0.0,0.0,0,0.0,0.0,5
1,0,15,18.933333333333334,0.0,0.0,100,100,0,15,0.030516431924882736,0.0,0,0.0,0.0,5
2,0,15,18.200000000000003,0.0,0.0,100,100,0,15,0.04395604395604402,0.0,0,0.0,0.0,5
3,0,15,17.800000000000004,0.0,0.0,100,100,0,15,0.04494382022471899,0.0,0,0.0,0.0,5
4,0,15,18.000000000000004,0.0,0.75,100,100,0,15,0.03851851851851862,8.0,5,0.0,0.0,5
5,0,15,17.466666666666676,0.0,0.73,100,100,0,15,0.04376590330788788,4.0,0,0.0,0.0,5
6,0,15,17.066666666666674,0.0,0.71,100,100,0,15,0.04479166666666656,0.0,0,0.0,0.0,5
7,0,15,16.666666666666675,0.0,0.69,100,100,0,15,0.04586666666666672,0.0,0,0.0,0.0,5
8,0,15,16.533333333333342,0.0,0.6699999999999999,100,100,0,15,0.04784946236559118,12.0,0,0.0,0.0,5
9,0,15,16.73333333333334,0.0,0.75,100,100,0,15,0.06321381142098259,4.0,10,0.0,0.0,5
10,0,15,16.533333333333346,0.0,1.46,100,100,0,15,0.07043010752688161,0.0,5,0.0,0.0,5
11,0,15,16.533333333333346,0.0,1.42,100,100,0,15,0.06397849462365612,4.0,5,0.0,0.0,5
12,0,15,16.733333333333345,0.0,1.38,100,100,0,15,0.06799468791500662,12.0,0,0.0,0.0,5
13,0,15,16.533333333333346,0.0,1.3399999999999999,100,100,0,15,0.07204301075268793,4.0,0,0.0,0.0,5
14,0,15,16.133333333333347,0.0,1.2999999999999998,100,100,0,15,0.07382920110192837,0.0,0,0.0,0.0,5
15,0,15,16.133333333333347,0.0,1.2599999999999998,100,100,0,15,0.06446280991735542,4.0,5,0.0,0.0,5
16,0,15,15.800000000000015,0.0,1.2199999999999998,100,100,0,15,0.08157524613220812,8.0,0,0.0,0.0,5
17,0,15,15.600000000000016,0.0,1.1799999999999997,100,100,0,15,0.09173789173789171,4.0,0,0.0,0.0,5
18,0,15,14.866666666666681,0.0,1.1399999999999997,100,100,0,15,0.08430493273542594,0.0,0,0.0,0.0,5
19,0,15,14.400000000000015,0.0,1.8299999999999996,100,100,0,15,0.1006172839506172,8.0,5,0.0,0.0,5
20,0,15,13.666666666666682,0.0,1.7699999999999996,100,100,0,15,0.10731707317073158,0.0,0,0.0,0.0,5
21,0,15,13.333333333333348,0.0,2.4599999999999995,100,100,0,15,0.1226666666666667,4.0,5,0.0,0.0,5
22,0,15,13.333333333333348,0.0,2.3799999999999994,100,100,0,15,0.10733333333333328,8.0,0,0.0,0.0,5
23,0,15,13.200000000000015,0.0,2.2999999999999994,100,100,0,15,0.12659932659932638,12.0,0,0.0,0.0,5
24,0,15,13.200000000000015,0.0,3.6999999999999993,100,100,0,15,0.12188552188552193,4.0,5,0.0,0.0,5
25,0,15,13.000000000000016,0.0,2.4199999999999995,100,100,0,15,0.13401709401709416,4.0,0,0.0,0.0,5
26,0,15,13.066666666666684,0.0,2.3399999999999994,100,100,0,15,0.1312925170068029,16.0,0,0.0,0.0,5
27,0,15,13.266666666666683,0.0,2.2599999999999993,100,100,0,15,0.13199329983249597,8.0,5,0.0,0.0,5
28,0,15,13.066666666666684,0.0,2.1799999999999993,100,100,0,15,0.12925170068027203,4.0,0,0.0,0.0,5
29,0,15,13.066666666666684,0.0,2.099999999999999,100,100,0,15,0.13537414965986394,8.0,0,0.0,0.0,5
30,0,15,13.466666666666685,0.0,2.019999999999999,100,100,0,15,0.14191419141914197,16.0,0,0.0,0.0,5
31,0,15,13.266666666666683,0.0,1.939999999999999,100,100,0,15,0.1474036850921272,4.0,0,0.0,0.0,5
32,0,15,12.850666666666683,0.0,3.319999999999999,100,100,0,15,0.18554333540845258,2.7600000000000007,5,0.0,0.0,5
33,0,15,12.791666666666684,0.0,3.199999999999999,100,100,0,15,0.19698935939196516,7.115,0,0.0,0.0,5
34,0,15,13.303666666666683,0.0,3.8299999999999987,100,100,0,15,0.20007182648058586,14.68,5,0.0,0.0,5
35,0,15,12.97033333333335,0.0,3.6899999999999986,100,100,0,15,0.21113481192122174,8.0,0,0.0,0.0,5
36,0,15,12.57033333333335,0.0,3.5499999999999985,100,100,0,15,0.2178533230799149,0.0,0,0.0,0.0,5
37,0,15,12.57033333333335,0.0,3.4099999999999984,100,100,0,15,0.2326217814430802,4.0,5,0.0,0.0,5
38,0,15,12.743666666666684,0.0,3.2699999999999982,100,100,0,15,0.24011578736278616,11.600000000000001,0,0.0,0.0,5
39,0,15,11.877000000000017,0.0,3.129999999999998,100,100,0,15,0.3033800155295485,4.0,0,0.0,0.0,5
40,0,15,11.143666666666684,0.0,2.989999999999998,100,100,0,15,0.3178526916135722,0.0,0,0.0,0.0,5
41,0,15,10.41033333333335,0.0,2.849999999999998,100,100,0,15,0.32641072438709395,0.0,0,0.0,0.0,5
42,0,15,11.210333333333352,0.0,2.709999999999998,100,100,0,15,0.31403169694626976,20.0,5,0.0,0.0,5
43,0,15,11.210333333333352,0.0,2.569999999999998,100,100,0,15,0.3279276064741854,8.0,0,0.0,0.0,5
44,0,15,11.010333333333353,0.0,2.429999999999998,100,100,0,15,0.3380824074354394,4.0,0,0.0,0.0,5
45,0,15,10.610333333333353,0.0,2.289999999999998,100,100,0,15,0.3508278093682258,0.0,0,0.0,0.0,5
46,0,14,11.825357142857161,0.0,2.1499999999999977,100,100,0,14,0.31433446804471576,16.0,0,0.0,0.0,5
47,0,14,12.017857142857162,0.0,2.019999999999998,100,100,0,14,0.32838887709615827,11.295000000000002,0,0.0,0.0,5
48,0,14,11.832142857142875,0.0,1.899999999999998,100,100,0,14,0.3387219179854255,4.0,0,0.0,0.0,5
49,0,14,11.432142857142876,0.0,1.779999999999998,100,100,0,14,0.3505734815013166,0.0,0,0.0,0.0,5
50,0,14,11.889285714285734,0.0,1.659999999999998,100,100,0,14,0.3644766768227268,16.0,0,0.0,0.0,5
51,0,14,11.703571428571449,0.0,1.5399999999999978,100,100,0,14,0.3788918435851607,4.0,0,0.0,0.0,5
52,0,14,11.517857142857164,0.0,1.419999999999998,100,100,0,14,0.392177187153931,4.0,0,0.0,0.0,5
53,0,13,11.98846153846156,0.0,1.2999999999999978,100,100,0,13,0.3587719947681449,0.0,0,0.0,0.0,5
54,0,13,12.742307692307712,0.0,3.409999999999998,100,100,0,13,0.3607420650583948,12.0,10,0.0,0.0,5
55,0,13,12.18846153846156,0.0,3.2299999999999978,100,100,0,13,0.3610165788771027,4.0,0,0.0,0.0,5
56,0,13,12.250000000000021,0.0,3.059999999999998,100,100,0,13,0.3568844342470716,4.0,5,0.0,0.0,5
57,0,13,11.850000000000021,0.0,2.8999999999999977,100,100,0,13,0.3689311662047787,0.0,0,0.0,0.0,5
58,0,11,14.659090909090933,0.0,2.739999999999998,100,100,0,11,0.2710133897110645,16.0,0,0.0,0.0,5
59,0,11,14.80454545454548,0.0,3.339999999999998,100,100,0,11,0.2694839087838783,4.0,5,0.0,0.0,5
60,0,11,14.950000000000024,0.0,3.179999999999998,100,100,0,11,0.2807927250615001,8.0,0,0.0,0.0,5
61,0,11,14.822727272727299,0.0,3.0299999999999985,100,100,0,11,0.27316773995706845,0.0,5,0.0,0.0,5
62,0,11,15.240909090909117,0.0,2.8899999999999983,100,100,0,11,0.2736816419488657,12.0,0,0.0,0.0,5
63,0,11,15.386363636363662,0.0,2.7499999999999982,100,100,0,11,0.29300926547603123,8.0,0,0.0,0.0,5
64,0,11,15.53181818181821,0.0,2.609999999999998,100,100,0,11,0.3036741426557059,8.0,0,0.0,0.0,5
65,0,11,15.404545454545483,0.0,2.469999999999998,100,100,0,11,0.3014780439389473,0.0,5,0.0,0.0,5
66,0,10,17.13350000000003,0.0,2.3299999999999983,100,100,0,10,0.2403215922024109,8.0,0,0.0,0.0,5
67,0,10,17.63350000000003,0.0,2.939999999999998,100,100,0,10,0.24630674568293354,8.0,5,0.0,0.0,5
68,0,10,17.70950000000003,0.0,2.779999999999998,100,100,0,10,0.2525904175724898,6.760000000000001,0,0.0,0.0,5
69,0,10,17.309500000000032,0.0,2.639999999999999,100,100,0,10,0.25842745313267335,0.0,0,0.0,0.0,5
70,0,10,17.509500000000035,0.0,2.5199999999999987,100,100,0,10,0.2657557326023019,8.0,0,0.0,0.0,5
71,0,10,17.709500000000034,0.0,2.3999999999999986,100,100,0,10,0.28267596487760804,8.0,0,0.0,0.0,5
72,0,10,17.309500000000035,0.0,2.2899999999999987,100,100,0,10,0.28920823825067177,0.0,0,0.0,0.0,5
73,0,10,16.709500000000034,0.0,2.1899999999999986,100,100,0,10,0.29453604237110653,0.0,5,0.0,0.0,5
74,0,10,16.609500000000033,0.0,2.0899999999999985,100,100,0,10,0.30895270778771233,4.0,0,0.0,0.0,5
75,0,10,16.50950000000004,0.0,1.9899999999999984,100,100,0,10,0.30472455253036146,4.0,0,0.0,0.0,5
76,0,9,18.94388888888893,0.0,1.8899999999999983,100,100,0,9,0.23059001404407442,12.0,0,0.0,0.0,5
77,0,9,18.80166666666671,0.0,1.7899999999999983,100,100,0,9,0.23811259180464073,3.3200000000000007,0,0.0,0.0,5
78,0,9,18.40166666666671,0.0,1.6899999999999982,100,100,0,9,0.24328848366526135,0.0,0,0.0,0.0,5
79,0,9,18.668333333333376,0.0,1.589999999999998,100,100,0,9,0.22140218961931346,4.0,5,0.0,0.0,5
80,0,9,19.268333333333377,0.0,1.4899999999999982,100,100,0,9,0.22906515199569455,12.0,0,0.0,0.0,5
81,0,9,18.86833333333338,0.0,1.3899999999999981,100,100,0,9,0.23392122800302317,0.0,0,0.0,0.0,5
82,0,9,18.468333333333376,0.0,1.2899999999999983,100,100,0,9,0.2389876565492488,0.0,0,0.0,0.0,5
83,0,9,18.702222222222268,0.0,1.1899999999999982,100,100,0,9,0.24177492606675144,7.705000000000001,0,0.0,0.0,5
84,0,9,19.30222222222227,0.0,1.089999999999998,100,100,0,9,0.2544899838821093,12.0,0,0.0,0.0,5
85,0,9,18.90222222222227,0.0,0.9899999999999982,100,100,0,9,0.2598753820832356,0.0,0,0.0,0.0,5
86,0,9,18.80000000000005,0.0,0.8899999999999981,100,100,0,9,0.26480824796427616,3.6800000000000006,0,0.0,0.0,5
87,0,9,18.40000000000005,0.0,0.7899999999999981,100,100,0,9,0.27056494900697814,0.0,0,0.0,0.0,5
88,0,8,20.650000000000055,0.0,0.6899999999999982,100,100,0,8,0.1789119249394675,4.0,0,0.0,0.0,5
89,0,8,21.000000000000057,0.0,0.5899999999999981,100,100,0,8,0.18485863095238142,8.0,0,0.0,0.0,5
90,0,8,20.97500000000006,0.0,0.4899999999999981,100,100,0,8,0.19178337306317061,4.0,0,0.0,0.0,5
91,0,8,20.575000000000056,0.0,0.39999999999999847,100,100,0,8,0.19551184690157997,0.0,0,0.0,0.0,5
92,0,8,20.550000000000058,0.0,0.3399999999999992,100,100,0,8,0.2071548053527985,4.0,0,0.0,0.0,5
93,0,8,21.27500000000006,0.0,1.7999999999999992,100,100,0,8,0.19736339600470076,8.0,5,0.0,0.0,5
94,0,8,21.25000000000006,0.0,1.7199999999999993,100,100,0,8,0.20421323529411795,4.0,0,0.0,0.0,5
95,0,8,20.600000000000062,0.0,1.6399999999999992,100,100,0,8,0.2375986043689322,4.0,0,0.0,0.0,5
96,0,8,20.200000000000063,0.0,1.5599999999999992,100,100,0,8,0.24230352722772275,0.0,0,0.0,0.0,5
97,0,8,20.550000000000065,0.0,1.4899999999999995,100,100,0,8,0.2537484793187348,8.0,0,0.0,0.0,5
98,0,8,20.900000000000063,0.0,1.4299999999999995,100,100,0,8,0.22707087320574204,8.0,0,0.0,0.0,5
99,0,8,20.874375000000065,0.0,1.3699999999999994,100,100,0,8,0.22773511182969597,3.995,0,0.0,0.0,5
100,0,8,21.099375000000066,0.0,2.789999999999999,100,100,0,8,0.23937690689890112,3.0,5,0.0,0.0,5
101,0,8,21.449375000000067,0.0,2.6899999999999995,100,100,0,8,0.25039701040240137,8.0,0,0.0,0.0,5
102,0,8,22.144375000000068,0.0,3.3399999999999994,100,100,0,8,0.21197186079986485,7.760000000000001,5,0.0,0.0,5
103,0,8,21.11937500000007,0.0,3.2199999999999993,100,100,0,8,0.2331279038797316,0.0,0,0.0,0.0,5
104,0,8,20.71937500000007,0.0,3.099999999999999,100,100,0,8,0.23762857832342932,0.0,0,0.0,0.0,5
105,0,8,21.069375000000072,0.0,2.9899999999999993,100,100,0,8,0.2518354543027501,8.0,0,0.0,0.0,5
106,0,8,21.04437500000007,0.0,2.8899999999999992,100,100,0,8,0.24545231801847356,4.0,0,0.0,0.0,5
107,0,8,20.64437500000007,0.0,2.789999999999999,100,100,0,8,0.25020813780993656,0.0,0,0.0,0.0,5
108,0,8,20.619375000000073,0.0,2.689999999999999,100,100,0,8,0.26115076839137963,4.0,0,0.0,0.0,5
109,0,8,22.094375000000074,0.0,3.339999999999999,100,100,0,8,0.24227391021470424,16.0,5,0.0,0.0,5
110,0,8,22.069375000000075,0.0,3.219999999999999,100,100,0,8,0.2378118716547255,4.0,0,0.0,0.0,5
111,0,8,22.044375000000077,0.0,3.0999999999999988,100,100,0,8,0.23431785319384213,4.0,0,0.0,0.0,5
112,0,8,21.916250000000076,0.0,2.9799999999999986,100,100,0,8,0.24275651628357986,3.1750000000000007,0,0.0,0.0,5
113,0,8,23.016250000000078,0.0,2.8599999999999985,100,100,0,8,0.24626622494976402,16.0,0,0.0,0.0,5
114,0,8,22.99125000000008,0.0,4.219999999999999,100,100,0,8,0.23226227369107844,0.0,5,0.0,0.0,5
115,0,8,22.96625000000008,0.0,2.6999999999999984,100,100,0,8,0.2304740652043762,4.0,0,0.0,0.0,5
116,0,8,22.566250000000082,0.0,2.5799999999999983,100,100,0,8,0.2345593530161194,0.0,0,0.0,0.0,5
117,0,8,23.24312500000008,0.0,2.459999999999998,100,100,0,8,0.2350728710102452,11.615,0,0.0,0.0,5
118,0,8,23.218125000000082,0.0,2.339999999999998,100,100,0,8,0.24945826267194326,4.0,0,0.0,0.0,5
119,0,8,23.568125000000084,0.0,2.219999999999998,100,100,0,8,0.24177583600731967,8.0,0,0.0,0.0,5
120,0,8,23.168125000000085,0.0,2.099999999999998,100,100,0,8,0.24595012004640004,0.0,0,0.0,0.0,5
121,0,8,23.143125000000087,0.0,1.979999999999998,100,100,0,8,0.25634300143131084,4.0,0,0.0,0.0,5
122,0,8,23.118125000000088,0.0,1.8599999999999979,100,100,0,8,0.2708136202654845,4.0,0,0.0,0.0,5
123,0,8,23.46812500000009,0.0,1.739999999999998,100,100,0,8,0.2693513808623398,8.0,0,0.0,0.0,5
124,0,8,23.068125000000087,0.0,1.6199999999999979,100,100,0,8,0.27402191877319915,0.0,0,0.0,0.0,5
125,0,8,23.04312500000009,0.0,1.4999999999999978,100,100,0,8,0.2844903577531259,4.0,0,0.0,0.0,5
126,0,8,23.39312500000009,0.0,1.379999999999998,100,100,0,8,0.29768695396617617,8.0,0,0.0,0.0,5
127,0,8,23.363125000000093,0.0,1.2599999999999978,100,100,0,8,0.30258353174072394,3.9600000000000026,0,0.0,0.0,5
128,0,8,23.338125000000094,0.0,1.139999999999998,100,100,0,8,0.29688211349455007,4.0,0,0.0,0.0,5
129,0,8,22.938125000000092,0.0,1.0199999999999978,100,100,0,8,0.3020592081959621,0.0,0,0.0,0.0,5
130,0,8,23.288125000000093,0.0,0.8999999999999978,100,100,0,8,0.31510493545530194,8.0,0,0.0,0.0,5
131,0,8,23.263125000000095,0.0,0.7999999999999986,100,100,0,8,0.3053686091185088,4.0,0,0.0,0.0,5
132,0,8,23.238125000000096,0.0,0.7199999999999985,100,100,0,8,0.3011988650116997,4.0,0,0.0,0.0,5
133,0,8,22.838125000000097,0.0,0.6399999999999986,100,100,0,8,0.3064742344216089,0.0,0,0.0,0.0,5
134,0,8,23.5631250000001,0.0,0.5599999999999985,100,100,0,8,0.32541908702686917,12.0,0,0.0,0.0,5
135,0,8,23.8887500000001,0.0,0.4799999999999985,100,100,0,8,0.30833682172570764,7.805000000000001,0,0.0,0.0,5
136,0,8,23.238750000000103,0.0,0.39999999999999847,100,100,0,8,0.3091011779893498,4.0,0,0.0,0.0,5
137,0,8,22.8387500000001,0.0,0.32999999999999885,100,100,0,8,0.31451480488205386,0.0,0,0.0,0.0,5
138,0,8,23.183125000000103,0.0,0.2799999999999992,100,100,0,8,0.3259273987005633,7.955,0,0.0,0.0,5
139,0,8,23.908125000000105,0.0,0.23999999999999921,100,100,0,8,0.3282585679554546,12.0,0,0.0,0.0,5
140,0,8,23.508125000000106,0.0,0.2099999999999996,100,100,0,8,0.3338440166963548,0.0,0,0.0,0.0,5
141,0,7,26.458571428571553,0.0,0.1899999999999996,100,100,0,7,0.24269747853787593,0.0,0,0.0,0.0,5
142,0,7,26.48714285714298,0.0,0.16999999999999962,100,100,0,7,0.2516816013930516,4.0,0,0.0,0.0,5
143,0,7,26.658571428571552,0.0,0.14999999999999963,100,100,0,7,0.25335497255544426,12.0,0,0.0,0.0,5
144,0,7,26.258571428571553,0.0,0.12999999999999964,100,100,0,7,0.2572143595482912,0.0,0,0.0,0.0,5
145,0,7,26.715714285714416,0.0,0.10999999999999964,100,100,0,7,0.22989603306163908,8.0,0,0.0,0.0,5
146,0,7,27.17285714285727,0.0,0.08999999999999964,100,100,0,7,0.23781985324490984,8.0,0,0.0,0.0,5
147,0,7,28.058571428571558,0.0,0.06999999999999963,100,100,0,7,0.240713667474016,12.0,0,0.0,0.0,5
148,0,7,27.65857142857156,0.0,0.04999999999999963,100,100,0,7,0.2441948836763157,0.0,0,0.0,0.0,5
149,0,7,27.687142857142987,0.0,0.029999999999999628,100,100,0,7,0.23067510890636655,4.0,0,0.0,0.0,5
150,0,7,27.71571428571442,0.0,0.009999999999999627,100,100,0,7,0.23316176633015995,4.0,0,0.0,0.0,5
151,0,7,27.744285714285848,0.0,0.0,100,100,0,7,0.2461621072918121,4.0,0,0.0,0.0,5
152,0,7,27.34428571428585,0.0,0.0,100,100,0,7,0.24976303671251698,0.0,0,0.0,0.0,5
153,0,7,27.230000000000135,0.0,0.0,100,100,0,7,0.24481551709923788,3.0,0,0.0,0.0,5
154,0,7,26.830000000000137,0.0,0.0,100,100,0,7,0.24846539435751924,0.0,0,0.0,0.0,5
155,0,7,27.287142857142992,0.0,0.0,100,100,0,7,0.2667399612585726,8.0,0,0.0,0.0,5
156,0,7,27.315714285714424,0.0,0.0,100,100,0,7,0.26287477492958367,4.0,0,0.0,0.0,5
157,0,7,26.915714285714426,0.0,0.0,100,100,0,7,0.26678141135972466,0.0,0,0.0,0.0,5
158,0,7,26.944285714285858,0.0,0.0,100,100,0,7,0.27104304422580205,4.0,0,0.0,0.0,5
159,0,7,26.544285714285856,0.0,0.0,100,100,0,7,0.2751274343223109,0.0,0,0.0,0.0,5
160,0,7,27.001428571428715,0.0,0.0,100,100,0,7,0.27046943850287564,8.0,0,0.0,0.0,5
161,0,7,26.60142857142872,0.0,0.0,100,100,0,7,0.2745364296838435,0.0,0,0.0,0.0,5
162,0,7,27.058571428571575,0.0,0.0,100,100,0,7,0.26537292494739284,8.0,0,0.0,0.0,5
163,0,7,26.658571428571577,0.0,0.0,100,100,0,7,0.2693547275831183,0.0,0,0.0,0.0,5
164,0,7,28.40142857142872,0.0,0.0,100,100,0,7,0.2571371086536318,20.0,0,0.0,0.0,5
165,0,7,28.001428571428722,0.0,0.0,100,100,0,7,0.2608103085119564,0.0,0,0.0,0.0,5
166,0,7,28.03000000000015,0.0,0.0,100,100,0,7,0.25180746576190205,4.0,0,0.0,0.0,5
167,0,7,27.630000000000155,0.0,0.0,100,100,0,7,0.25545288690937795,0.0,0,0.0,0.0,5
168,0,7,28.944285714285865,0.0,0.0,100,100,0,7,0.26839036290692153,16.0,0,0.0,0.0,5
169,0,7,28.54428571428587,0.0,0.0,100,100,0,7,0.272151400973782,0.0,0,0.0,0.0,5
170,0,7,28.5728571428573,0.0,0.0,100,100,0,7,0.2635296806588241,4.0,0,0.0,0.0,5
171,0,7,28.1728571428573,0.0,0.0,100,100,0,7,0.2672712916615356,0.0,0,0.0,0.0,5
172,0,7,29.487142857143017,0.0,0.0,100,100,0,7,0.28027434994151723,16.0,0,0.0,0.0,5
173,0,7,29.3728571428573,0.0,0.0,100,100,0,7,0.27837028493611315,3.0,0,0.0,0.0,5
174,0,7,28.9728571428573,0.0,0.0,100,100,0,7,0.28221347214493475,0.0,0,0.0,0.0,5
175,0,7,28.572857142857305,0.0,0.0,100,100,0,7,0.2861642632154102,0.0,0,0.0,0.0,5
176,0,7,29.887142857143015,0.0,0.0,100,100,0,7,0.273580203076881,16.0,0,0.0,0.0,5
177,0,7,29.48714285714302,0.0,0.0,100,100,0,7,0.2772913826157368,0.0,0,0.0,0.0,5
178,0,7,29.515714285714445,0.0,0.0,100,100,0,7,0.2894687713912336,4.0,0,0.0,0.0,5
179,0,7,29.544285714285877,0.0,0.0,100,100,0,7,0.2824953200660365,4.0,0,0.0,0.0,5
180,0,7,30.43000000000016,0.0,0.0,100,100,0,7,0.27024888167557504,12.0,0,0.0,0.0,5
181,0,7,30.030000000000165,0.0,0.0,100,100,0,7,0.27384860037921244,0.0,0,0.0,0.0,5
182,0,7,30.48714285714302,0.0,0.0,100,100,0,7,0.2858080020349827,8.0,0,0.0,0.0,5
183,0,7,30.94428571428588,0.0,0.0,100,100,0,7,0.26971449675849235,8.0,0,0.0,0.0,5
184,0,7,31.401428571428735,0.0,0.0,100,100,0,7,0.25408957086314765,8.0,0,0.0,0.0,5
185,0,7,31.001428571428733,0.0,0.0,100,100,0,7,0.257367994891611,0.0,0,0.0,0.0,5
186,0,7,31.45857142857159,0.0,0.0,100,100,0,7,0.26919758412424444,8.0,0,0.0,0.0,5
187,0,7,31.915714285714447,0.0,0.0,100,100,0,7,0.2538318402424753,8.0,0,0.0,0.0,5
188,0,7,31.94428571428588,0.0,0.0,100,100,0,7,0.2421051959086924,4.0,0,0.0,0.0,5
189,0,7,32.40142857142873,0.0,2.25,100,100,0,7,0.24624764592138138,4.0,5,0.0,0.0,5
190,0,7,32.858571428571594,0.0,2.19,100,100,0,7,0.25772792487283147,8.0,0,0.0,0.0,5
191,0,7,33.31571428571445,0.0,2.13,100,100,0,7,0.24316526490532708,8.0,0,0.0,0.0,5
192,0,7,33.34428571428588,0.0,2.07,100,100,0,7,0.23194011763481748,4.0,0,0.0,0.0,5
193,0,7,32.944285714285876,0.0,2.01,100,100,0,7,0.234756267538887,0.0,0,0.0,0.0,5
194,0,7,32.97285714285731,0.0,1.9499999999999997,100,100,0,7,0.2382664776841803,4.0,0,0.0,0.0,5
195,0,7,33.858571428571594,0.0,1.8899999999999997,100,100,0,7,0.23203360919069071,12.0,0,0.0,0.0,5
196,0,7,33.458571428571595,0.0,1.8299999999999996,100,100,0,7,0.2348075902578266,0.0,0,0.0,0.0,5
197,0,7,33.0585714285716,0.0,1.7699999999999996,100,100,0,7,0.23764870020433682,0.0,0,0.0,0.0,5
198,0,7,33.51571428571445,0.0,1.7099999999999995,100,100,0,7,0.245367692279588,8.0,0,0.0,0.0,5
199,0,7,33.97285714285731,0.0,1.6499999999999995,100,100,0,7,0.247886968588368,8.0,0,0.0,0.0,5
200,0,7,33.57285714285731,0.0,1.5899999999999994,100,100,0,7,0.25084038977064727,0.0,0,0.0,0.0,5
201,0,7,33.17285714285731,0.0,1.5299999999999994,100,100,0,7,0.2538650359588295,0.0,0,0.0,0.0,5
202,0,7,33.201428571428735,0.0,1.4699999999999993,100,100,0,7,0.26083829685223714,4.0,0,0.0,0.0,5
203,0,7,33.6585714285716,0.0,1.4099999999999993,100,100,0,7,0.2677245084188755,8.0,0,0.0,0.0,5
204,0,7,33.68714285714302,0.0,1.3499999999999992,100,100,0,7,0.2611424451889224,4.0,0,0.0,0.0,5
205,0,7,33.715714285714455,0.0,2.039999999999999,100,100,0,7,0.2500257253021956,0.0,5,0.0,0.0,5
206,0,7,33.60142857142874,0.0,1.959999999999999,100,100,0,7,0.2533055567365323,3.0,0,0.0,0.0,5
207,0,7,34.0585714285716,0.0,1.879999999999999,100,100,0,7,0.26069136601412835,8.0,0,0.0,0.0,5
208,0,7,34.51571428571445,0.0,1.799999999999999,100,100,0,7,0.26078627303742064,8.0,0,0.0,0.0,5
209,0,7,34.11571428571445,0.0,1.7199999999999989,100,100,0,7,0.2638439404906461,0.0,0,0.0,0.0,5
210,0,7,33.715714285714455,0.0,1.6399999999999988,100,100,0,7,0.26697415969056904,0.0,0,0.0,0.0,5
211,0,7,33.74428571428588,0.0,1.5599999999999987,100,100,0,7,0.27763430845434045,4.0,0,0.0,0.0,5
212,0,7,34.20142857142874,0.0,1.4799999999999986,100,100,0,7,0.2788820135213339,8.0,0,0.0,0.0,5
213,0,7,33.80142857142874,0.0,1.3999999999999986,100,100,0,7,0.28218225289354915,0.0,0,0.0,0.0,5
214,0,7,33.83000000000017,0.0,1.3199999999999985,100,100,0,7,0.28556347161980233,4.0,0,0.0,0.0,5
215,0,7,33.8585714285716,0.0,1.2399999999999987,100,100,0,7,0.296171951756103,4.0,0,0.0,0.0,5
216,0,7,33.887142857143026,0.0,1.1599999999999986,100,100,0,7,0.3031491083849738,4.0,0,0.0,0.0,5
217,0,7,33.48714285714303,0.0,1.0799999999999987,100,100,0,7,0.3067701889851102,0.0,0,0.0,0.0,5
218,0,7,33.51571428571445,0.0,0.9999999999999987,100,100,0,7,0.3051020843101304,4.0,0,0.0,0.0,5
219,0,7,33.544285714285884,0.0,0.9199999999999986,100,100,0,7,0.31579331617660333,4.0,0,0.0,0.0,5
220,0,7,34.43000000000017,0.0,1.5899999999999987,100,100,0,7,0.3054822858565427,8.0,5,0.0,0.0,5
221,0,7,34.4585714285716,0.0,1.5099999999999987,100,100,0,7,0.2945684554655976,4.0,0,0.0,0.0,5
222,0,7,34.48714285714303,0.0,1.4299999999999986,100,100,0,7,0.2929574464307889,4.0,0,0.0,0.0,5
223,0,7,34.51571428571446,0.0,1.3499999999999985,100,100,0,7,0.2962625719134129,4.0,0,0.0,0.0,5
224,0,7,34.972857142857315,0.0,1.2699999999999985,100,100,0,7,0.30989630442267013,8.0,0,0.0,0.0,5
225,0,7,35.00142857142874,0.0,1.1899999999999984,100,100,0,7,0.2991481397260738,4.0,0,0.0,0.0,5
226,0,7,35.03000000000017,0.0,1.1099999999999985,100,100,0,7,0.2989041463002544,4.0,0,0.0,0.0,5
227,0,7,35.0585714285716,0.0,1.0499999999999992,100,100,0,7,0.30215324791747755,4.0,0,0.0,0.0,5
228,0,7,35.08714285714303,0.0,1.0099999999999991,100,100,0,7,0.31237676455704855,4.0,0,0.0,0.0,5
229,0,7,35.11571428571445,0.0,0.9699999999999991,100,100,0,7,0.3016615620659382,4.0,0,0.0,0.0,5
230,0,7,36.00142857142875,0.0,0.929999999999999,100,100,0,7,0.2976412500637713,12.0,0,0.0,0.0,5
231,0,7,35.60142857142874,0.0,0.889999999999999,100,100,0,7,0.30098539957694737,0.0,0,0.0,0.0,5
232,0,7,35.63000000000017,0.0,0.8499999999999991,100,100,0,7,0.31105408764684506,4.0,0,0.0,0.0,5
233,0,7,35.652857142857314,0.0,0.809999999999999,100,100,0,7,0.30156440506241955,3.9600000000000026,0,0.0,0.0,5
234,0,7,36.5385714285716,0.0,0.769999999999999,100,100,0,7,0.2976055496288499,12.0,0,0.0,0.0,5
235,0,7,36.56714285714303,0.0,0.7299999999999991,100,100,0,7,0.3007216247439688,4.0,0,0.0,0.0,5
236,0,7,36.59571428571446,0.0,0.6899999999999991,100,100,0,7,0.31052481889816286,4.0,0,0.0,0.0,5
237,0,7,36.19571428571446,0.0,0.649999999999999,100,100,0,7,0.3139564386357594,0.0,0,0.0,0.0,5
238,0,7,37.08142857142874,0.0,0.609999999999999,100,100,0,7,0.3097595473833077,12.0,0,0.0,0.0,5
239,0,7,36.68142857142875,0.0,0.569999999999999,100,100,0,7,0.31313738253801127,0.0,0,0.0,0.0,5
240,0,7,36.28142857142874,0.0,0.5299999999999989,100,100,0,7,0.31658969844582097,0.0,0,0.0,0.0,5
241,0,7,36.31000000000017,0.0,0.48999999999999894,100,100,0,7,0.32645754528746007,4.0,0,0.0,0.0,5
242,0,7,36.76714285714303,0.0,0.4499999999999989,100,100,0,7,0.33083553971769164,8.0,0,0.0,0.0,5
243,0,7,36.36714285714303,0.0,0.41999999999999926,100,100,0,7,0.3344743797664387,0.0,0,0.0,0.0,5
244,0,7,35.96714285714303,0.0,0.39999999999999925,100,100,0,7,0.3381941567984361,0.0,0,0.0,0.0,5
245,0,7,36.42428571428589,0.0,0.3799999999999992,100,100,0,7,0.345603684467078,8.0,0,0.0,0.0,5
246,0,7,36.7385714285716,0.0,0.3599999999999992,100,100,0,7,0.3422027674856518,7.0,0,0.0,0.0,5
247,0,7,36.3385714285716,0.0,0.3399999999999992,100,100,0,7,0.3459695943479384,0.0,0,0.0,0.0,5
248,0,7,36.36714285714303,0.0,0.3199999999999992,100,100,0,7,0.35243183182845916,4.0,0,0.0,0.0,5
249,0,7,37.25285714285731,0.0,0.29999999999999916,100,100,0,7,0.3480352143925389,12.0,0,0.0,0.0,5
250,0,7,37.71000000000017,0.0,0.27999999999999914,100,100,0,7,0.3366345742752128,8.0,0,0.0,0.0,5
251,0,7,37.31000000000017,0.0,0.2599999999999991,100,100,0,7,0.3402436289444726,0.0,0,0.0,0.0,5
252,0,7,36.62428571428588,0.0,0.23999999999999913,100,100,0,7,0.3588730573557166,4.0,0,0.0,0.0,5
253,0,7,36.652857142857314,0.0,0.21999999999999914,100,100,0,7,0.35105986113508214,4.0,0,0.0,0.0,5
254,0,7,37.53857142857159,0.0,0.19999999999999915,100,100,0,7,0.3468704298707699,12.0,0,0.0,0.0,5
255,0,7,37.567142857143025,0.0,0.17999999999999916,100,100,0,7,0.34334714986500137,4.0,0,0.0,0.0,5
256,0,7,37.59571428571446,0.0,0.15999999999999917,100,100,0,7,0.34960020410489423,4.0,0,0.0,0.0,5
257,0,7,37.910000000000174,0.0,0.13999999999999918,100,100,0,7,0.3394182785221691,7.0,0,0.0,0.0,5
258,0,7,38.79571428571445,0.0,0.11999999999999918,100,100,0,7,0.33563038206408,12.0,0,0.0,0.0,5
259,0,7,38.824285714285885,0.0,0.09999999999999917,100,100,0,7,0.3322294587334855,4.0,0,0.0,0.0,5
260,0,7,38.42428571428588,0.0,0.07999999999999917,100,100,0,7,0.33568799494367174,0.0,0,0.0,0.0,5
261,0,7,38.45285714285732,0.0,0.059999999999999165,100,100,0,7,0.3282577659365542,4.0,0,0.0,0.0,5
262,0,7,39.3385714285716,0.0,0.03999999999999916,100,100,0,7,0.3247734217338727,12.0,0,0.0,0.0,5
263,0,7,38.9385714285716,0.0,0.01999999999999916,100,100,0,7,0.32810968610946345,0.0,0,0.0,0.0,5
264,0,7,38.967142857143024,0.0,0.0,100,100,0,7,0.3341538397079673,4.0,0,0.0,0.0,5
265,0,7,39.42428571428588,0.0,0.0,100,100,0,7,0.32327530425149553,8.0,0,0.0,0.0,5
266,0,7,39.45285714285732,0.0,0.0,100,100,0,7,0.33235222611331317,4.0,0,0.0,0.0,5
267,0,7,39.05285714285731,0.0,0.0,100,100,0,7,0.3357563532418104,0.0,0,0.0,0.0,5
268,0,7,39.51000000000017,0.0,0.0,100,100,0,7,0.3349707384852172,8.0,0,0.0,0.0,5
269,0,7,39.53857142857159,0.0,0.0,100,100,0,7,0.3285347813295185,4.0,0,0.0,0.0,5
270,0,7,39.1385714285716,0.0,0.0,100,100,0,7,0.3318924386924511,0.0,0,0.0,0.0,5
271,0,7,39.16714285714303,0.0,0.0,100,100,0,7,0.3347766505661218,4.0,0,0.0,0.0,5
272,0,7,38.76714285714303,0.0,0.0,100,100,0,7,0.3382308814007211,0.0,0,0.0,0.0,5
273,0,7,39.224285714285884,0.0,0.0,100,100,0,7,0.33741070453019795,8.0,0,0.0,0.0,5
274,0,7,39.11000000000017,0.0,0.0,100,100,0,7,0.33839667291104414,3.0,0,0.0,0.0,5
275,0,7,39.56714285714303,0.0,0.0,100,100,0,7,0.34377111497376966,8.0,0,0.0,0.0,5
276,0,7,39.59571428571446,0.0,0.0,100,100,0,7,0.34043057638684626,4.0,0,0.0,0.0,5
277,0,7,39.62428571428588,0.0,0.0,100,100,0,7,0.3494558583429024,4.0,0,0.0,0.0,5
278,0,7,39.652857142857314,0.0,0.0,100,100,0,7,0.3399399893977815,4.0,0,0.0,0.0,5
279,0,7,40.11000000000018,0.0,0.0,100,100,0,7,0.34522410310421625,8.0,0,0.0,0.0,5
280,0,7,39.71000000000017,0.0,0.0,100,100,0,7,0.3487015556663333,0.0,0,0.0,0.0,5
281,0,7,39.7385714285716,0.0,0.0,100,100,0,7,0.35769493475212766,4.0,0,0.0,0.0,5
282,0,7,39.76714285714303,0.0,0.0,100,100,0,7,0.34820049369030714,4.0,0,0.0,0.0,5
283,0,7,40.652857142857314,0.0,0.0,100,100,0,7,0.34965034965034736,12.0,0,0.0,0.0,5
284,0,7,40.252857142857316,0.0,0.0,100,100,0,7,0.35312488909393935,0.0,0,0.0,0.0,5
285,0,7,40.99571428571446,0.0,0.0,100,100,0,7,0.347721762852262,11.0,0,0.0,0.0,5
286,0,7,41.02428571428589,0.0,0.0,100,100,0,7,0.3385252140344921,4.0,0,0.0,0.0,5
287,0,7,41.481428571428744,0.0,0.0,100,100,0,7,0.3436502196704674,8.0,0,0.0,0.0,5
288,0,7,41.08142857142875,0.0,0.0,100,100,0,7,0.34699625929587086,0.0,0,0.0,0.0,5
289,0,7,41.11000000000018,0.0,0.0,100,100,0,7,0.34104120850480535,4.0,0,0.0,0.0,5
290,0,7,41.56714285714303,0.0,0.0,100,100,0,7,0.3372905405073643,8.0,0,0.0,0.0,5
291,0,7,42.02428571428589,0.0,0.0,100,100,0,7,0.342362773711991,8.0,0,0.0,0.0,5
292,0,7,42.05285714285732,0.0,0.0,100,100,0,7,0.3421301666027665,4.0,0,0.0,0.0,5
293,0,7,42.36714285714304,0.0,0.0,100,100,0,7,0.3328484241253544,7.0,0,0.0,0.0,5
294,0,7,42.39571428571446,0.0,0.0,100,100,0,7,0.34128882877071454,4.0,0,0.0,0.0,5
295,0,7,42.42428571428589,0.0,0.0,100,100,0,7,0.3439452758575876,4.0,0,0.0,0.0,5
296,0,7,42.024285714285895,0.0,0.0,100,100,0,7,0.34721905215157167,0.0,0,0.0,0.0,5
297,0,7,42.48142857142875,0.0,0.0,100,100,0,7,0.34636503826401643,8.0,0,0.0,0.0,5
298,0,7,42.08142857142875,0.0,0.0,100,100,0,7,0.3496573698223533,0.0,0,0.0,0.0,5
299,0,7,42.11000000000018,0.0,0.0,100,100,0,7,0.3581436374122169,4.0,0,0.0,0.0,5
300,0,7,42.1385714285716,0.0,0.0,100,100,0,7,0.35790080347153674,4.0,0,0.0,0.0,5
0,0,15,20.0,0.0,0.0,100,100,0,15,0.0,0.0,0,0.0,0.0,6
1,0,15,18.266666666666666,0.0,0.0,100,100,0,15,0.05352798053527974,0.0,0,0.0,0.0,6
2,0,15,17.86666666666667,0.0,0.0,100,100,0,15,0.054726368159204064,0.0,0,0.0,0.0,6
3,0,15,16.800000000000004,0.0,0.0,100,100,0,15,0.0714285714285714,0.0,0,0.0,0.0,6
4,0,15,17.06666666666667,0.0,0.73,100,100,0,15,0.06822916666666656,16.0,5,0.0,0.0,6
5,0,15,16.400000000000002,0.0,2.21,100,100,0,15,0.09918699186991864,0.0,10,0.0,0.0,6
6,0,15,16.466666666666672,0.0,3.65,100,100,0,15,0.09176788124156543,8.0,10,0.0,0.0,6
7,0,15,16.266666666666673,0.0,3.55,100,100,0,15,0.08469945355191255,4.0,0,0.0,0.0,6
8,0,15,17.066666666666674,0.0,3.4499999999999997,100,100,0,15,0.06562499999999982,24.0,0,0.0,0.0,6
9,0,15,16.86666666666667,0.0,3.3499999999999996,100,100,0,15,0.06376811594202914,4.0,0,0.0,0.0,6
10,0,15,16.866666666666674,0.0,3.2499999999999996,100,100,0,15,0.05375494071146236,8.0,0,0.0,0.0,6
11,0,15,16.33333333333334,0.0,3.1499999999999995,100,100,0,15,0.06312925170068029,4.0,0,0.0,0.0,6
12,0,15,17.13333333333334,0.0,3.7999999999999994,100,100,0,15,0.0690012970168612,20.0,5,0.0,0.0,6
13,0,15,16.586666666666677,0.0,3.6799999999999993,100,100,0,15,0.08917470525187587,3.8,0,0.0,0.0,6
14,0,15,16.586666666666677,0.0,3.559999999999999,100,100,0,15,0.07963558413719185,8.0,0,0.0,0.0,6
15,0,15,16.386666666666677,0.0,3.439999999999999,100,100,0,15,0.07908868999186325,4.0,0,0.0,0.0,6
16,0,15,16.98666666666668,0.0,4.0699999999999985,100,100,0,15,0.08435374149659847,16.0,5,0.0,0.0,6
17,0,15,16.78666666666668,0.0,4.659999999999998,100,100,0,15,0.08016944665078118,0.0,5,0.0,0.0,6
18,0,15,16.986666666666682,0.0,4.149999999999999,100,100,0,15,0.09597069597069607,11.0,10,0.0,0.0,6
19,0,15,16.586666666666684,0.0,4.009999999999999,100,100,0,15,0.09828510182207961,0.0,0,0.0,0.0,6
20,0,15,16.986666666666682,0.0,4.879999999999999,100,100,0,15,0.09712192569335443,12.0,5,0.0,0.0,6
21,0,15,16.65333333333335,0.0,4.719999999999999,100,100,0,15,0.0924472911662666,8.0,0,0.0,0.0,6
22,0,15,16.85333333333335,0.0,3.929999999999999,100,100,0,15,0.10084388185654003,8.0,5,0.0,0.0,6
23,0,15,16.45333333333335,0.0,3.7899999999999987,100,100,0,15,0.10329551593733122,0.0,0,0.0,0.0,6
24,0,15,16.986666666666686,0.0,3.6499999999999986,100,100,0,15,0.10434327577184743,19.0,0,0.0,0.0,6
25,0,15,17.186666666666685,0.0,3.5099999999999985,100,100,0,15,0.09609516420998188,8.0,5,0.0,0.0,6
26,0,15,16.653333333333354,0.0,3.3699999999999983,100,100,0,15,0.11080864691753378,4.0,0,0.0,0.0,6
27,0,15,16.453333333333354,0.0,3.959999999999998,100,100,0,15,0.12025931928687217,0.0,5,0.0,0.0,6
28,0,15,16.853333333333357,0.0,3.799999999999998,100,100,0,15,0.12774261603375536,16.0,0,0.0,0.0,6
29,0,15,17.253333333333355,0.0,3.639999999999998,100,100,0,15,0.12076249356002045,12.0,5,0.0,0.0,6
30,0,15,17.053333333333356,0.0,3.4799999999999978,100,100,0,15,0.11331769611675768,0.0,5,0.0,0.0,6
31,0,15,16.720000000000024,0.0,4.069999999999998,100,100,0,15,0.10855927698032986,4.0,5,0.0,0.0,6
32,0,15,17.206333333333358,0.0,3.889999999999998,100,100,0,15,0.11555435014238946,18.295,0,0.0,0.0,6
33,0,15,17.55533333333336,0.0,3.7099999999999977,100,100,0,15,0.10895074621197764,15.235,0,0.0,0.0,6
34,0,15,17.55533333333336,0.0,3.5299999999999976,100,100,0,15,0.1099634172584465,4.0,5,0.0,0.0,6
35,0,15,17.35533333333336,0.0,3.3499999999999974,100,100,0,15,0.11788883340375689,4.0,0,0.0,0.0,6
36,0,15,17.555333333333362,0.0,3.1699999999999973,100,100,0,15,0.12864972974341415,12.0,0,0.0,0.0,6
37,0,15,17.75533333333336,0.0,2.6399999999999975,100,100,0,15,0.1348602610796128,8.0,5,0.0,0.0,6
38,0,15,17.75533333333336,0.0,4.729999999999998,100,100,0,15,0.12980638055545124,4.0,5,0.0,0.0,6
39,0,15,17.555333333333362,0.0,4.509999999999997,100,100,0,15,0.13837390346713252,0.0,5,0.0,0.0,6
40,0,15,17.622000000000032,0.0,5.419999999999997,100,100,0,15,0.13187303749101487,8.0,10,0.0,0.0,6
41,0,15,17.47000000000003,0.0,4.629999999999997,100,100,0,15,0.11968453857406369,7.720000000000001,5,0.0,0.0,6
42,0,15,17.606000000000034,0.0,4.4099999999999975,100,100,0,15,0.11502896739747848,11.040000000000001,0,0.0,0.0,6
43,0,15,17.0726666666667,0.0,4.209999999999998,100,100,0,15,0.09402944277402536,4.0,0,0.0,0.0,6
44,0,15,17.13933333333337,0.0,4.039999999999998,100,100,0,15,0.128481595290884,12.0,5,0.0,0.0,6
45,0,15,16.73933333333337,0.0,3.879999999999998,100,100,0,15,0.1315517676264819,0.0,0,0.0,0.0,6
46,0,15,16.93933333333337,0.0,3.719999999999998,100,100,0,15,0.14311726815957626,12.0,0,0.0,0.0,6
47,0,15,16.923333333333368,0.0,3.5599999999999983,100,100,0,15,0.1353581511391242,7.760000000000001,0,0.0,0.0,6
48,0,15,17.12333333333337,0.0,3.399999999999998,100,100,0,15,0.1550606709493223,12.0,0,0.0,0.0,6
49,0,15,16.723333333333372,0.0,3.239999999999998,100,100,0,15,0.15876951697561648,0.0,0,0.0,0.0,6
50,0,15,16.776666666666706,0.0,3.079999999999998,100,100,0,15,0.18268759520498046,15.8,0,0.0,0.0,6
51,0,15,16.776666666666706,0.0,2.9199999999999977,100,100,0,15,0.17755083118087311,8.0,0,0.0,0.0,6
52,0,15,16.443333333333374,0.0,2.7599999999999976,100,100,0,15,0.196653827961349,4.0,5,0.0,0.0,6
53,0,15,16.443333333333374,0.0,4.099999999999998,100,100,0,15,0.18126089600648698,4.0,5,0.0,0.0,6
54,0,15,16.31000000000004,0.0,3.909999999999998,100,100,0,15,0.22107500510933975,12.0,0,0.0,0.0,6
55,0,15,16.440666666666708,0.0,3.7299999999999978,100,100,0,15,0.21501426003271007,10.96,0,0.0,0.0,6
56,0,15,16.174000000000042,0.0,3.5499999999999976,100,100,0,15,0.22020801560804015,3.0,0,0.0,0.0,6
57,0,15,16.13300000000004,0.0,3.3699999999999974,100,100,0,15,0.20723568668774184,7.385,0,0.0,0.0,6
58,0,15,16.106333333333378,0.0,3.1999999999999975,100,100,0,15,0.2270052498327093,7.6000000000000005,0,0.0,0.0,6
59,0,15,16.106333333333378,0.0,3.0399999999999974,100,100,0,15,0.2247093965796756,8.0,0,0.0,0.0,6
60,0,15,16.306333333333377,0.0,3.6099999999999977,100,100,0,15,0.22483697540832792,4.0,10,0.0,0.0,6
61,0,15,15.973000000000045,0.0,4.179999999999997,100,100,0,15,0.23092858086910573,4.0,5,0.0,0.0,6
62,0,15,15.773000000000046,0.0,3.9799999999999973,100,100,0,15,0.24478961939178778,4.0,0,0.0,0.0,6
63,0,15,15.639666666666711,0.0,3.779999999999997,100,100,0,15,0.2510681529160186,8.0,5,0.0,0.0,6
64,0,15,15.439666666666714,0.0,3.589999999999997,100,100,0,15,0.2525097692091798,4.0,0,0.0,0.0,6
65,0,15,15.839666666666714,0.0,4.139999999999997,100,100,0,15,0.2602748374334478,12.0,5,0.0,0.0,6
66,0,15,15.770333333333381,0.0,3.9399999999999973,100,100,0,15,0.25004192118816637,6.96,0,0.0,0.0,6
67,0,15,15.97033333333338,0.0,3.109999999999997,100,100,0,15,0.2522148706281788,8.0,5,0.0,0.0,6
68,0,15,15.770333333333383,0.0,2.9299999999999975,100,100,0,15,0.2542044485778503,4.0,0,0.0,0.0,6
69,0,15,15.970333333333382,0.0,2.7499999999999973,100,100,0,15,0.26081693139362594,12.0,0,0.0,0.0,6
70,0,15,15.970333333333384,0.0,2.569999999999997,100,100,0,15,0.2609365977193825,8.0,0,0.0,0.0,6
71,0,15,15.970333333333384,0.0,3.889999999999997,100,100,0,15,0.2652529342600518,4.0,5,0.0,0.0,6
72,0,15,15.770333333333385,0.0,2.3499999999999974,100,100,0,15,0.27030782129596376,4.0,0,0.0,0.0,6
73,0,14,17.342500000000054,0.0,2.1699999999999973,100,100,0,14,0.22227011029292787,16.0,0,0.0,0.0,6
74,0,14,17.799642857142913,0.0,3.449999999999997,100,100,0,14,0.2300536298309126,12.0,5,0.0,0.0,6
75,0,14,17.613928571428627,0.0,3.229999999999997,100,100,0,14,0.22848771699113346,4.0,0,0.0,0.0,6
76,0,14,17.071071428571486,0.0,3.039999999999998,100,100,0,14,0.22889151894988835,4.0,0,0.0,0.0,6
77,0,14,17.099642857142918,0.0,3.6499999999999986,100,100,0,14,0.23677693471339967,4.0,5,0.0,0.0,6
78,0,14,16.91392857142863,0.0,2.1699999999999986,100,100,0,14,0.24812450793784846,4.0,0,0.0,0.0,6
79,0,14,17.37107142857149,0.0,2.8199999999999985,100,100,0,14,0.24607384432833146,12.0,5,0.0,0.0,6
80,0,14,16.971071428571488,0.0,2.6999999999999984,100,100,0,14,0.2518736866155795,0.0,0,0.0,0.0,6
81,0,13,18.089230769230834,0.0,2.5799999999999983,100,100,0,13,0.19632459732816976,4.0,0,0.0,0.0,6
82,0,13,18.150769230769296,0.0,2.4599999999999986,100,100,0,13,0.2113070011866418,8.0,0,0.0,0.0,6
83,0,12,20.64916666666674,0.0,3.0699999999999985,100,100,0,12,0.14943433283560026,18.830000000000002,5,0.0,0.0,6
84,0,12,20.415833333333406,0.0,2.9299999999999984,100,100,0,12,0.14834959250037438,3.0,0,0.0,0.0,6
85,0,12,19.182500000000076,0.0,2.7899999999999983,100,100,0,12,0.1530511027122523,0.0,0,0.0,0.0,6
86,0,12,19.282500000000077,0.0,2.649999999999998,100,100,0,12,0.16402322197732522,8.0,0,0.0,0.0,6
87,0,12,19.10583333333341,0.0,2.509999999999998,100,100,0,12,0.16561986595135259,3.6800000000000015,0,0.0,0.0,6
88,0,12,19.205833333333413,0.0,2.369999999999998,100,100,0,12,0.1612682778669674,8.0,0,0.0,0.0,6
89,0,12,18.805833333333414,0.0,2.229999999999998,100,100,0,12,0.1646984534940399,0.0,0,0.0,0.0,6
90,0,12,18.905833333333415,0.0,2.089999999999998,100,100,0,12,0.18292781475441133,8.0,0,0.0,0.0,6
91,0,12,18.33916666666675,0.0,1.9699999999999986,100,100,0,12,0.20807015949470586,4.0,0,0.0,0.0,6
92,0,12,18.791250000000083,0.0,1.8699999999999986,100,100,0,12,0.20193906738508582,14.225,0,0.0,0.0,6
93,0,12,18.641250000000085,0.0,1.7699999999999985,100,100,0,12,0.20244641140839081,4.0,0,0.0,0.0,6
94,0,12,18.991250000000083,0.0,1.6699999999999984,100,100,0,12,0.20889920065527234,12.0,0,0.0,0.0,6
95,0,12,18.591250000000084,0.0,1.5699999999999983,100,100,0,12,0.2133937709645366,0.0,0,0.0,0.0,6
96,0,12,18.441250000000085,0.0,1.4699999999999982,100,100,0,12,0.2201454318142444,4.0,0,0.0,0.0,6
97,0,12,18.124583333333423,0.0,2.1099999999999985,100,100,0,12,0.22709142738913468,4.0,5,0.0,0.0,6
98,0,12,18.194166666666757,0.0,2.0099999999999985,100,100,0,12,0.23045390005954225,7.635,0,0.0,0.0,6
99,0,12,18.044166666666758,0.0,4.119999999999998,100,100,0,12,0.24199110207977292,0.0,5,0.0,0.0,6
100,0,12,18.144166666666756,0.0,3.959999999999998,100,100,0,12,0.24218833723725042,8.0,0,0.0,0.0,6
101,0,12,17.859583333333426,0.0,3.799999999999998,100,100,0,12,0.24658602213253,2.3850000000000007,0,0.0,0.0,6
102,0,12,18.459583333333423,0.0,5.139999999999998,100,100,0,12,0.23860874733840398,12.0,5,0.0,0.0,6
103,0,12,17.89291666666676,0.0,2.2199999999999984,100,100,0,12,0.2684042412810772,4.0,0,0.0,0.0,6
104,0,12,17.742916666666762,0.0,2.0999999999999983,100,100,0,12,0.2648024642071556,4.0,0,0.0,0.0,6
105,0,12,17.592916666666763,0.0,1.9799999999999982,100,100,0,12,0.2731193109600605,0.0,5,0.0,0.0,6
106,0,12,17.94291666666676,0.0,1.859999999999998,100,100,0,12,0.27860537661875173,12.0,0,0.0,0.0,6
107,0,12,17.792916666666763,0.0,1.7399999999999982,100,100,0,12,0.2901650157287923,4.0,0,0.0,0.0,6
108,0,11,19.810454545454647,0.0,2.369999999999998,100,100,0,11,0.21864238141226777,8.0,5,0.0,0.0,6
109,0,11,19.410454545454645,0.0,2.2499999999999982,100,100,0,11,0.22314804367587504,0.0,0,0.0,0.0,6
110,0,11,19.555909090909193,0.0,2.129999999999998,100,100,0,11,0.22104033149287972,8.0,0,0.0,0.0,6
111,0,11,19.701363636363737,0.0,2.0299999999999985,100,100,0,11,0.23086038848676393,4.0,5,0.0,0.0,6
112,0,11,20.11954545454556,0.0,1.9499999999999986,100,100,0,11,0.22113277455210878,8.0,5,0.0,0.0,6
113,0,11,19.71954545454556,0.0,1.8699999999999986,100,100,0,11,0.22561832976050455,0.0,0,0.0,0.0,6
114,0,10,21.580000000000112,0.0,1.7899999999999985,100,100,0,10,0.14677015755328915,4.0,0,0.0,0.0,6
115,0,10,21.480000000000114,0.0,1.7099999999999984,100,100,0,10,0.15722998137802557,4.0,0,0.0,0.0,6
116,0,10,21.180000000000113,0.0,1.6299999999999983,100,100,0,10,0.17175165250236013,8.0,0,0.0,0.0,6
117,0,10,20.980000000000118,0.0,1.5599999999999987,100,100,0,10,0.178155386081982,3.0,0,0.0,0.0,6
118,0,10,20.880000000000116,0.0,1.4999999999999987,100,100,0,10,0.1833572796934857,4.0,0,0.0,0.0,6
119,0,10,20.78000000000012,0.0,1.4399999999999986,100,100,0,10,0.17632338787295398,4.0,0,0.0,0.0,6
120,0,10,20.98000000000012,0.0,1.3799999999999986,100,100,0,10,0.18560533841753957,8.0,0,0.0,0.0,6
121,0,10,20.88000000000012,0.0,1.3199999999999985,100,100,0,10,0.1965517241379302,4.0,0,0.0,0.0,6
122,0,10,21.080000000000123,0.0,2.7199999999999984,100,100,0,10,0.19416508538899335,4.0,5,0.0,0.0,6
123,0,10,20.980000000000125,0.0,2.6199999999999983,100,100,0,10,0.19106291706386958,4.0,0,0.0,0.0,6
124,0,10,21.180000000000128,0.0,2.5199999999999982,100,100,0,10,0.20436732766760968,8.0,0,0.0,0.0,6
125,0,10,20.580000000000126,0.0,2.419999999999998,100,100,0,10,0.23634596695821042,4.0,0,0.0,0.0,6
126,0,10,20.480000000000125,0.0,2.319999999999998,100,100,0,10,0.24042968749999827,4.0,0,0.0,0.0,6
127,0,10,20.38000000000013,0.0,2.2199999999999984,100,100,0,10,0.2406280667320888,4.0,0,0.0,0.0,6
128,0,10,20.88000000000013,0.0,2.1199999999999983,100,100,0,10,0.2410727969348645,12.0,0,0.0,0.0,6
129,0,10,20.78000000000013,0.0,2.0199999999999982,100,100,0,10,0.24850818094321347,4.0,0,0.0,0.0,6
130,0,10,20.38000000000013,0.0,1.9199999999999982,100,100,0,10,0.25338567222767283,0.0,0,0.0,0.0,6
131,0,10,20.280000000000133,0.0,1.819999999999998,100,100,0,10,0.2649901380670596,4.0,0,0.0,0.0,6
132,0,10,20.164000000000133,0.0,1.719999999999998,100,100,0,10,0.2587681015671479,3.8400000000000003,0,0.0,0.0,6
133,0,10,20.06400000000013,0.0,1.6199999999999979,100,100,0,10,0.26753389154704776,4.0,0,0.0,0.0,6
134,0,10,20.264000000000134,0.0,1.5199999999999978,100,100,0,10,0.28117844453217344,8.0,0,0.0,0.0,6
135,0,10,20.164000000000136,0.0,1.4199999999999977,100,100,0,10,0.2929875024796651,4.0,0,0.0,0.0,6
136,0,10,19.564000000000135,0.0,1.329999999999998,100,100,0,10,0.3166632590472276,4.0,0,0.0,0.0,6
137,0,10,19.764000000000134,0.0,1.2599999999999985,100,100,0,10,0.3235782230317732,8.0,0,0.0,0.0,6
138,0,10,19.664000000000136,0.0,1.1999999999999984,100,100,0,10,0.3389544344995912,4.0,0,0.0,0.0,6
139,0,9,22.091666666666818,0.0,1.1399999999999983,100,100,0,9,0.26050826382776404,8.0,0,0.0,0.0,6
140,0,9,22.025000000000155,0.0,1.0799999999999983,100,100,0,9,0.26073625649864574,4.0,0,0.0,0.0,6
141,0,9,21.95833333333349,0.0,1.7699999999999982,100,100,0,9,0.2524590624780356,0.0,5,0.0,0.0,6
142,0,9,22.225000000000154,0.0,1.6899999999999982,100,100,0,9,0.2694274326820236,8.0,0,0.0,0.0,6
143,0,9,22.491666666666823,0.0,1.609999999999998,100,100,0,9,0.2641801490263864,8.0,0,0.0,0.0,6
144,0,9,22.425000000000157,0.0,1.529999999999998,100,100,0,9,0.26441499098503707,4.0,0,0.0,0.0,6
145,0,9,22.35833333333349,0.0,1.449999999999998,100,100,0,9,0.26630775389627215,4.0,0,0.0,0.0,6
146,0,9,22.625000000000156,0.0,1.3699999999999979,100,100,0,9,0.2828129049860153,8.0,0,0.0,0.0,6
147,0,9,21.669444444444604,0.0,1.289999999999998,100,100,0,9,0.29984190061103044,0.0,0,0.0,0.0,6
148,0,9,21.602777777777938,0.0,1.209999999999998,100,100,0,9,0.29383509779549133,0.0,5,0.0,0.0,6
149,0,9,22.20277777777794,0.0,1.1299999999999981,100,100,0,9,0.28652292978578275,12.0,0,0.0,0.0,6
150,0,9,22.802777777777937,0.0,1.049999999999998,100,100,0,9,0.29522610684749595,12.0,0,0.0,0.0,6
151,0,9,22.40277777777794,0.0,0.9699999999999981,100,100,0,9,0.30049734793689953,0.0,0,0.0,0.0,6
152,0,9,22.00277777777794,0.0,0.889999999999998,100,100,0,9,0.3059602463213096,0.0,0,0.0,0.0,6
153,0,9,22.269444444444606,0.0,0.809999999999998,100,100,0,9,0.30562277382783565,8.0,0,0.0,0.0,6
154,0,9,22.869444444444607,0.0,0.729999999999998,100,100,0,9,0.3137994790612282,12.0,0,0.0,0.0,6
155,0,9,22.80277777777794,0.0,0.6499999999999979,100,100,0,9,0.31742396556624586,4.0,0,0.0,0.0,6
156,0,9,22.736111111111274,0.0,1.3199999999999978,100,100,0,9,0.31889771261793043,0.0,5,0.0,0.0,6
157,0,9,22.97166666666683,0.0,1.2199999999999989,100,100,0,9,0.3194541853759709,7.720000000000004,0,0.0,0.0,6
158,0,9,22.905000000000165,0.0,1.139999999999999,100,100,0,9,0.31715001037565016,4.0,0,0.0,0.0,6
159,0,9,22.838333333333498,0.0,1.0799999999999996,100,100,0,9,0.3207786345785302,4.0,0,0.0,0.0,6
160,0,9,22.438333333333503,0.0,1.0399999999999996,100,100,0,9,0.3264970385225874,0.0,0,0.0,0.0,6
161,0,9,22.70500000000017,0.0,0.9999999999999996,100,100,0,9,0.34549957724001334,8.0,0,0.0,0.0,6
162,0,9,22.971666666666838,0.0,1.6899999999999995,100,100,0,9,0.3388016907569955,4.0,5,0.0,0.0,6
163,0,9,23.238333333333504,0.0,1.6299999999999994,100,100,0,9,0.3439453223574265,8.0,0,0.0,0.0,6
164,0,9,22.838333333333505,0.0,1.5699999999999994,100,100,0,9,0.3499693227490035,0.0,0,0.0,0.0,6
165,0,9,23.438333333333507,0.0,1.5099999999999993,100,100,0,9,0.35365195245732584,8.0,5,0.0,0.0,6
166,0,9,23.37166666666684,0.0,1.4499999999999993,100,100,0,9,0.35360426389449895,4.0,0,0.0,0.0,6
167,0,9,23.305000000000174,0.0,1.3899999999999992,100,100,0,9,0.36097271554612353,4.0,0,0.0,0.0,6
168,0,9,23.238333333333507,0.0,1.3299999999999992,100,100,0,9,0.3604144918065857,0.0,5,0.0,0.0,6
169,0,9,23.505000000000177,0.0,1.2699999999999991,100,100,0,9,0.3783854761660874,8.0,0,0.0,0.0,6
170,0,9,23.43833333333351,0.0,1.2099999999999993,100,100,0,9,0.3810419250936896,4.0,0,0.0,0.0,6
171,0,8,25.968125000000178,0.0,1.1499999999999992,100,100,0,8,0.3083497797780914,0.0,0,0.0,0.0,6
172,0,8,25.94312500000018,0.0,2.589999999999999,100,100,0,8,0.306840082873592,0.0,5,0.0,0.0,6
173,0,8,25.66812500000018,0.0,2.489999999999999,100,100,0,8,0.3411727823906088,8.0,0,0.0,0.0,6
174,0,8,25.643125000000182,0.0,2.389999999999999,100,100,0,8,0.34272404884349883,4.0,0,0.0,0.0,6
175,0,8,25.618125000000184,0.0,2.289999999999999,100,100,0,8,0.34854778111200346,4.0,0,0.0,0.0,6
176,0,8,25.593125000000185,0.0,2.189999999999999,100,100,0,8,0.3433936115656038,4.0,0,0.0,0.0,6
177,0,8,25.943125000000187,0.0,2.089999999999999,100,100,0,8,0.36044291599411915,8.0,0,0.0,0.0,6
178,0,8,25.918125000000185,0.0,1.9899999999999987,100,100,0,8,0.36259917046468226,4.0,0,0.0,0.0,6
179,0,8,25.893125000000186,0.0,1.899999999999999,100,100,0,8,0.3611389364937583,4.0,0,0.0,0.0,6
180,0,8,25.868125000000187,0.0,1.819999999999999,100,100,0,8,0.356051728720189,4.0,0,0.0,0.0,6
181,0,8,25.84312500000019,0.0,1.7399999999999989,100,100,0,8,0.3654653075044114,4.0,0,0.0,0.0,6
182,0,8,25.81812500000019,0.0,1.6599999999999988,100,100,0,8,0.3676347769251229,4.0,0,0.0,0.0,6
183,0,8,25.68625000000019,0.0,1.5799999999999987,100,100,0,8,0.3682174315051805,3.145,0,0.0,0.0,6
184,0,8,26.03625000000019,0.0,1.4999999999999987,100,100,0,8,0.3704690575639713,8.0,0,0.0,0.0,6
185,0,8,26.011250000000192,0.0,1.4199999999999988,100,100,0,8,0.3762314383199554,4.0,0,0.0,0.0,6
186,0,8,25.611250000000194,0.0,1.3399999999999987,100,100,0,8,0.38210747230220843,0.0,0,0.0,0.0,6
187,0,8,25.211250000000195,0.0,1.2599999999999987,100,100,0,8,0.388169963805838,0.0,0,0.0,0.0,6
188,0,7,29.241428571428774,0.0,1.1799999999999986,100,100,0,7,0.3016617463341762,8.0,0,0.0,0.0,6
189,0,7,28.841428571428775,0.0,1.0999999999999988,100,100,0,7,0.3058454745512036,0.0,0,0.0,0.0,6
190,0,7,28.44142857142878,0.0,1.0199999999999987,100,100,0,7,0.31014688260154943,0.0,0,0.0,0.0,6
191,0,7,29.212857142857352,0.0,0.9399999999999986,100,100,0,7,0.30726616041301136,11.200000000000001,0,0.0,0.0,6
192,0,7,28.812857142857354,0.0,0.8599999999999985,100,100,0,7,0.3115318416523216,0.0,0,0.0,0.0,6
193,0,7,28.41285714285735,0.0,0.7799999999999985,100,100,0,7,0.3159176285527514,0.0,0,0.0,0.0,6
194,0,7,28.87000000000021,0.0,0.7099999999999989,100,100,0,7,0.32788078861610237,8.0,0,0.0,0.0,6
195,0,6,33.75083333333355,0.0,0.6499999999999988,100,100,0,6,0.22389159115412638,4.0,0,0.0,0.0,6
196,0,6,33.350833333333554,0.0,0.5899999999999987,100,100,0,6,0.2265768804710846,0.0,0,0.0,0.0,6
197,0,6,32.950833333333556,0.0,0.5299999999999988,100,100,0,6,0.229327364844927,0.0,0,0.0,0.0,6
198,0,6,34.050833333333564,0.0,0.4699999999999988,100,100,0,6,0.23415563332598976,12.0,0,0.0,0.0,6
199,0,6,34.65083333333356,0.0,0.4199999999999992,100,100,0,6,0.22553970964302428,4.0,5,0.0,0.0,6
200,0,6,34.67750000000023,0.0,0.3799999999999992,100,100,0,6,0.21896602824437728,3.560000000000001,0,0.0,0.0,6
201,0,6,34.27750000000023,0.0,0.33999999999999925,100,100,0,6,0.22152124409435903,0.0,0,0.0,0.0,6
202,0,6,34.87750000000023,0.0,0.29999999999999927,100,100,0,6,0.21771039909524448,8.0,0,0.0,0.0,6
203,0,6,34.477500000000234,0.0,0.2599999999999993,100,100,0,6,0.2202362249131864,0.0,0,0.0,0.0,6
204,0,6,34.577500000000235,0.0,0.21999999999999928,100,100,0,6,0.23164951517926546,4.0,0,0.0,0.0,6
205,0,6,34.67750000000024,0.0,0.17999999999999927,100,100,0,6,0.23819078973717955,4.0,0,0.0,0.0,6
206,0,6,35.27750000000024,0.0,0.13999999999999926,100,100,0,6,0.2341396388947925,8.0,0,0.0,0.0,6
207,0,6,34.87750000000024,0.0,0.09999999999999926,100,100,0,6,0.23682491896239855,0.0,0,0.0,0.0,6
208,0,6,35.47750000000024,0.0,0.059999999999999255,100,100,0,6,0.23751751892827033,8.0,0,0.0,0.0,6
209,0,6,35.57750000000024,0.0,0.019999999999999254,100,100,0,6,0.24387682602143834,4.0,0,0.0,0.0,6
210,0,6,36.177500000000244,0.0,0.0,100,100,0,6,0.2398321547309159,8.0,0,0.0,0.0,6
211,0,6,35.777500000000245,0.0,0.0,100,100,0,6,0.2425135288317437,0.0,0,0.0,0.0,6
212,0,6,36.377500000000246,0.0,0.0,100,100,0,6,0.24309516718972946,8.0,0,0.0,0.0,6
213,0,6,36.47750000000025,0.0,0.0,100,100,0,6,0.2492822820764684,4.0,0,0.0,0.0,6
214,0,6,36.07750000000025,0.0,0.0,100,100,0,6,0.2520461352489607,0.0,0,0.0,0.0,6
215,0,6,35.67750000000025,0.0,0.0,100,100,0,6,0.2548719625658855,0.0,0,0.0,0.0,6
216,0,6,35.77750000000025,0.0,0.0,100,100,0,6,0.2471719500927787,4.0,0,0.0,0.0,6
217,0,6,35.87750000000025,0.0,0.0,100,100,0,6,0.2534511725857256,4.0,0,0.0,0.0,6
218,0,6,36.477500000000255,0.0,0.0,100,100,0,6,0.25842033521424734,8.0,0,0.0,0.0,6
219,0,6,36.57750000000025,0.0,0.0,100,100,0,6,0.2599921020056333,4.0,0,0.0,0.0,6
220,0,6,36.67750000000026,0.0,0.0,100,100,0,6,0.25246707412203806,4.0,0,0.0,0.0,6
221,0,6,36.27750000000025,0.0,0.0,100,100,0,6,0.2552508059020344,0.0,0,0.0,0.0,6
222,0,6,36.87750000000026,0.0,0.0,100,100,0,6,0.2601367892195614,8.0,0,0.0,0.0,6
223,0,6,37.477500000000255,0.0,0.0,100,100,0,6,0.26486632720372794,8.0,0,0.0,0.0,6
224,0,6,37.577500000000256,0.0,0.0,100,100,0,6,0.25750855639086434,4.0,0,0.0,0.0,6
225,0,6,37.17750000000026,0.0,0.0,100,100,0,6,0.26027914135640384,0.0,0,0.0,0.0,6
226,0,6,37.27750000000026,0.0,0.0,100,100,0,6,0.25734543476478766,4.0,0,0.0,0.0,6
227,0,6,37.87750000000026,0.0,0.0,100,100,0,6,0.24886879487235714,4.0,5,0.0,0.0,6
228,0,6,37.97750000000026,0.0,0.0,100,100,0,6,0.25918489749047113,4.0,0,0.0,0.0,6
229,0,6,37.57750000000026,0.0,0.0,100,100,0,6,0.26194383459368953,0.0,0,0.0,0.0,6
230,0,6,37.67750000000026,0.0,0.0,100,100,0,6,0.2597446162239454,4.0,0,0.0,0.0,6
231,0,6,37.610833333333595,0.0,0.0,100,100,0,6,0.2609731238783133,3.0,0,0.0,0.0,6
232,0,6,38.210833333333596,0.0,0.75,100,100,0,6,0.2612369964887773,4.0,5,0.0,0.0,6
233,0,6,37.8108333333336,0.0,0.73,100,100,0,6,0.26400061710708833,0.0,0,0.0,0.0,6
234,0,6,38.41083333333359,0.0,0.71,100,100,0,6,0.25553771722387153,4.0,5,0.0,0.0,6
235,0,6,38.01083333333359,0.0,0.69,100,100,0,6,0.2582268213009429,0.0,0,0.0,0.0,6
236,0,6,36.44416666666692,0.0,0.6699999999999999,100,100,0,6,0.3036265520316441,4.0,0,0.0,0.0,6
237,0,6,35.210833333333596,0.0,0.6499999999999999,100,100,0,6,0.3270339778635021,0.0,0,0.0,0.0,6
238,0,6,35.8108333333336,0.0,0.6299999999999999,100,100,0,6,0.32850472001799313,8.0,0,0.0,0.0,6
239,0,6,35.41083333333359,0.0,0.6099999999999999,100,100,0,6,0.3322155021611375,0.0,0,0.0,0.0,6
240,0,6,36.51083333333359,0.0,0.5899999999999999,100,100,0,6,0.3258964234359638,12.0,0,0.0,0.0,6
241,0,6,36.110833333333595,0.0,0.5699999999999998,100,100,0,6,0.3295063808183114,0.0,0,0.0,0.0,6
242,0,6,36.21083333333359,0.0,0.5499999999999998,100,100,0,6,0.3355004257473566,4.0,0,0.0,0.0,6
243,0,6,36.31083333333359,0.0,0.5299999999999998,100,100,0,6,0.32401181159586345,0.0,5,0.0,0.0,6
244,0,6,36.91083333333359,0.0,0.5099999999999998,100,100,0,6,0.313333935384821,8.0,0,0.0,0.0,6
245,0,6,36.51083333333359,0.0,0.48999999999999977,100,100,0,6,0.3167667130760248,0.0,0,0.0,0.0,6
246,0,6,36.610833333333595,0.0,0.46999999999999975,100,100,0,6,0.3272824528258913,4.0,0,0.0,0.0,6
247,0,6,36.21083333333359,0.0,0.44999999999999973,100,100,0,6,0.3308977515936731,0.0,0,0.0,0.0,6
248,0,6,36.81083333333359,0.0,0.4299999999999997,100,100,0,6,0.3164489620356301,8.0,0,0.0,0.0,6
249,0,6,37.41083333333359,0.0,0.4099999999999997,100,100,0,6,0.3069186732898199,4.0,5,0.0,0.0,6
250,0,6,37.510833333333586,0.0,0.3899999999999997,100,100,0,6,0.3172083620287447,4.0,0,0.0,0.0,6
251,0,6,37.11083333333359,0.0,0.36999999999999966,100,100,0,6,0.32062739990568545,0.0,0,0.0,0.0,6
252,0,6,37.21083333333359,0.0,0.34999999999999964,100,100,0,6,0.3130472756589675,4.0,0,0.0,0.0,6
253,0,6,37.31083333333359,0.0,0.3299999999999996,100,100,0,6,0.3189087173073031,4.0,0,0.0,0.0,6
254,0,6,36.577500000000256,0.0,0.3099999999999996,100,100,0,6,0.33897204565647954,4.0,0,0.0,0.0,6
255,0,6,36.17750000000026,0.0,0.2899999999999996,100,100,0,6,0.34271992260382533,0.0,0,0.0,0.0,6
256,0,6,36.27750000000025,0.0,1.7699999999999996,100,100,0,6,0.35326074472239144,0.0,5,0.0,0.0,6
257,0,6,37.37750000000025,0.0,1.7099999999999995,100,100,0,6,0.34063496310168473,12.0,0,0.0,0.0,6
258,0,6,37.477500000000255,0.0,1.6499999999999995,100,100,0,6,0.3419496142129692,4.0,0,0.0,0.0,6
259,0,6,37.57750000000025,0.0,1.5899999999999994,100,100,0,6,0.3299514337036762,0.0,5,0.0,0.0,6
260,0,6,37.17750000000026,0.0,1.5299999999999994,100,100,0,6,0.3335014457669261,0.0,0,0.0,0.0,6
261,0,6,38.27750000000025,0.0,1.4699999999999995,100,100,0,6,0.32174036096052694,12.0,0,0.0,0.0,6
262,0,6,38.37750000000025,0.0,1.4099999999999995,100,100,0,6,0.323073415412674,4.0,0,0.0,0.0,6
263,0,6,38.477500000000255,0.0,1.3499999999999994,100,100,0,6,0.33306261234920553,4.0,0,0.0,0.0,6
264,0,6,38.07750000000025,0.0,1.2899999999999994,100,100,0,6,0.3365613989013605,0.0,0,0.0,0.0,6
265,0,6,38.67750000000025,0.0,1.2299999999999993,100,100,0,6,0.331340357227498,8.0,0,0.0,0.0,6
266,0,6,39.27750000000025,0.0,1.1699999999999993,100,100,0,6,0.31779220503680783,4.0,5,0.0,0.0,6
267,0,6,39.35083333333358,0.0,1.1099999999999992,100,100,0,6,0.3272237634385804,3.8400000000000003,0,0.0,0.0,6
268,0,6,38.950833333333584,0.0,1.0499999999999992,100,100,0,6,0.33058414097544375,0.0,0,0.0,0.0,6
269,0,6,39.55083333333358,0.0,0.9899999999999992,100,100,0,6,0.32556906372249217,8.0,0,0.0,0.0,6
270,0,6,40.15083333333358,0.0,0.9399999999999995,100,100,0,6,0.32070387358778785,8.0,0,0.0,0.0,6
271,0,6,39.75083333333358,0.0,0.8999999999999995,100,100,0,6,0.3239310147236578,0.0,0,0.0,0.0,6
272,0,6,39.350833333333576,0.0,0.8599999999999994,100,100,0,6,0.3272237634385802,0.0,0,0.0,0.0,6
273,0,6,38.61750000000024,0.0,0.8199999999999994,100,100,0,6,0.35501679578198964,4.0,0,0.0,0.0,6
274,0,6,39.21750000000024,0.0,0.7799999999999994,100,100,0,6,0.3495852900136671,8.0,0,0.0,0.0,6
275,0,6,39.317500000000244,0.0,0.7399999999999993,100,100,0,6,0.35505464770422823,4.0,0,0.0,0.0,6
276,0,6,39.41750000000024,0.0,0.6999999999999993,100,100,0,6,0.34781153323044345,4.0,0,0.0,0.0,6
277,0,6,39.51750000000024,0.0,0.6599999999999993,100,100,0,6,0.35747523952116556,4.0,0,0.0,0.0,6
278,0,6,40.11750000000024,0.0,0.6199999999999992,100,100,0,6,0.3521288160473024,8.0,0,0.0,0.0,6
279,0,6,40.217500000000236,0.0,0.5799999999999992,100,100,0,6,0.35746945428675714,4.0,0,0.0,0.0,6
280,0,6,40.31750000000024,0.0,0.5399999999999991,100,100,0,6,0.35038203702555104,4.0,0,0.0,0.0,6
281,0,6,40.225000000000236,0.0,0.49999999999999917,100,100,0,6,0.3575581796837204,2.8450000000000006,0,0.0,0.0,6
282,0,6,40.32500000000023,0.0,0.4599999999999992,100,100,0,6,0.3587380312736759,4.0,0,0.0,0.0,6
283,0,6,40.42500000000023,0.0,0.4199999999999992,100,100,0,6,0.36403490689204654,4.0,0,0.0,0.0,6
284,0,6,41.025000000000226,0.0,0.3799999999999992,100,100,0,6,0.3505856862346777,8.0,0,0.0,0.0,6
285,0,6,40.62500000000023,0.0,0.33999999999999925,100,100,0,6,0.35403760683760366,0.0,0,0.0,0.0,6
286,0,6,40.22500000000023,0.0,0.29999999999999927,100,100,0,6,0.35755817968372017,0.0,0,0.0,0.0,6
287,0,6,40.82500000000022,0.0,0.2599999999999993,100,100,0,6,0.3604681227461355,8.0,0,0.0,0.0,6
288,0,6,40.925000000000225,0.0,0.21999999999999928,100,100,0,6,0.3575510758161915,4.0,0,0.0,0.0,6
289,0,6,40.525000000000226,0.0,0.17999999999999927,100,100,0,6,0.3610802659537975,0.0,0,0.0,0.0,6
290,0,6,40.58500000000022,0.0,0.13999999999999926,100,100,0,6,0.36999164989801625,3.7600000000000007,0,0.0,0.0,6
291,0,6,40.68500000000022,0.0,0.09999999999999926,100,100,0,6,0.37113050127674363,4.0,0,0.0,0.0,6
292,0,6,40.78500000000022,0.0,0.059999999999999255,100,100,0,6,0.3640908285998359,4.0,0,0.0,0.0,6
293,0,6,40.88500000000022,0.0,0.019999999999999254,100,100,0,6,0.36931501637383657,4.0,0,0.0,0.0,6
294,0,6,40.98500000000022,0.0,0.0,100,100,0,6,0.3663806541688661,4.0,0,0.0,0.0,6
295,0,6,40.585000000000214,0.0,0.0,100,100,0,6,0.3699916498980158,0.0,0,0.0,0.0,6
296,0,5,48.90200000000021,0.0,0.0,100,100,0,5,0.24299210666230153,4.0,0,0.0,0.0,6
297,0,5,49.10200000000021,0.0,0.0,100,100,0,5,0.2469960490407701,4.0,0,0.0,0.0,6
298,0,5,49.90200000000021,0.0,0.0,100,100,0,5,0.24774157348402603,8.0,0,0.0,0.0,6
299,0,5,49.5020000000002,0.0,0.0,100,100,0,5,0.24974344470930188,0.0,0,0.0,0.0,6
300,0,5,49.702000000000204,0.0,0.0,100,100,0,5,0.24873848134883625,4.0,0,0.0,0.0,6
0,0,15,20.0,0.0,0.0,100,100,0,15,0.0,0.0,0,0.0,0.0,7
1,0,15,18.266666666666666,0.0,0.0,100,100,0,15,0.05352798053527974,0.0,0,0.0,0.0,7
2,0,15,17.53333333333334,0.0,0.0,100,100,0,15,0.0633713561470215,0.0,0,0.0,0.0,7
3,0,15,16.466666666666672,0.0,0.0,100,100,0,15,0.07557354925775983,0.0,0,0.0,0.0,7
4,0,15,16.53333333333334,0.0,0.0,100,100,0,15,0.06559139784946244,16.0,0,0.0,0.0,7
5,0,15,16.600000000000005,0.0,0.0,100,100,0,15,0.0931726907630519,4.0,15,0.0,0.0,7
6,0,15,16.600000000000005,0.0,0.0,100,100,0,15,0.07871485943775114,8.0,0,0.0,0.0,7
7,0,15,16.066666666666674,0.0,0.0,100,100,0,15,0.0791147994467496,4.0,0,0.0,0.0,7
8,0,15,16.66666666666667,0.0,0.0,100,100,0,15,0.07413333333333316,20.0,0,0.0,0.0,7
9,0,15,16.466666666666672,0.0,0.0,100,100,0,15,0.07287449392712553,4.0,0,0.0,0.0,7
10,0,15,16.33333333333334,0.0,0.0,100,100,0,15,0.0658503401360544,12.0,0,0.0,0.0,7
11,0,15,16.000000000000007,0.0,0.73,100,100,0,15,0.07333333333333325,4.0,5,0.0,0.0,7
12,0,15,15.866666666666674,0.0,0.71,100,100,0,15,0.09971988795518194,12.0,0,0.0,0.0,7
13,0,15,15.866666666666676,0.0,0.69,100,100,0,15,0.09635854341736705,8.0,0,0.0,0.0,7
14,0,15,15.733333333333343,0.0,0.6699999999999999,100,100,0,15,0.09209039548022568,12.0,0,0.0,0.0,7
15,0,15,15.733333333333343,0.0,0.6499999999999999,100,100,0,15,0.08361581920903949,8.0,0,0.0,0.0,7
16,0,15,15.933333333333342,0.0,0.6299999999999999,100,100,0,15,0.09483960948396075,12.0,0,0.0,0.0,7
17,0,15,16.133333333333344,0.0,0.6099999999999999,100,100,0,15,0.08760330578512376,12.0,0,0.0,0.0,7
18,0,15,16.333333333333346,0.0,0.5899999999999999,100,100,0,15,0.08761904761904726,12.0,0,0.0,0.0,7
19,0,15,16.20000000000001,0.0,1.2999999999999998,100,100,0,15,0.08943758573388183,8.0,5,0.0,0.0,7
20,0,15,16.06666666666668,0.0,1.2599999999999998,100,100,0,15,0.1056708160442601,12.0,0,0.0,0.0,7
21,0,15,15.600000000000014,0.0,1.2199999999999998,100,100,0,15,0.12079772079772066,12.0,0,0.0,0.0,7
22,0,15,15.729000000000013,0.0,2.6799999999999997,100,100,0,15,0.1180748935088054,6.9350000000000005,5,0.0,0.0,7
23,0,15,15.729000000000015,0.0,2.5999999999999996,100,100,0,15,0.11920514831062223,8.0,0,0.0,0.0,7
24,0,15,15.862333333333348,0.0,2.5199999999999996,100,100,0,15,0.11655844383269964,12.0,0,0.0,0.0,7
25,0,15,16.06233333333335,0.0,2.4399999999999995,100,100,0,15,0.12514025221186897,12.0,0,0.0,0.0,7
26,0,15,15.662333333333349,0.0,2.3599999999999994,100,100,0,15,0.13911933087875372,7.0,0,0.0,0.0,7
27,0,15,15.462333333333351,0.0,2.2799999999999994,100,100,0,15,0.1351700548285797,4.0,0,0.0,0.0,7
28,0,15,15.329000000000017,0.0,2.9499999999999993,100,100,0,15,0.14790556751545725,8.0,5,0.0,0.0,7
29,0,15,15.729000000000019,0.0,2.849999999999999,100,100,0,15,0.15770727813451435,16.0,0,0.0,0.0,7
30,0,15,15.52900000000002,0.0,2.749999999999999,100,100,0,15,0.16260043932141288,4.0,0,0.0,0.0,7
31,0,15,15.662333333333352,0.0,2.649999999999999,100,100,0,15,0.1561453167897502,11.0,0,0.0,0.0,7
32,0,15,15.129000000000019,0.0,2.549999999999999,100,100,0,15,0.14343607934724334,4.0,0,0.0,0.0,7
33,0,15,15.72900000000002,0.0,3.199999999999999,100,100,0,15,0.16738791051207613,16.0,5,0.0,0.0,7
34,0,15,15.72900000000002,0.0,1.7199999999999989,100,100,0,15,0.17473456672388576,8.0,0,0.0,0.0,7
35,0,15,15.929000000000022,0.0,1.6399999999999988,100,100,0,15,0.15527793472422768,8.0,5,0.0,0.0,7
36,0,15,15.929000000000022,0.0,1.5599999999999987,100,100,0,15,0.14638569764440823,8.0,0,0.0,0.0,7
37,0,15,15.795666666666689,0.0,1.4799999999999986,100,100,0,15,0.15313904657395483,12.0,0,0.0,0.0,7
38,0,15,15.39566666666669,0.0,1.3999999999999986,100,100,0,15,0.15711780371100104,0.0,0,0.0,0.0,7
39,0,15,15.39566666666669,0.0,1.3199999999999987,100,100,0,15,0.1571553323085142,8.0,0,0.0,0.0,7
40,0,15,15.995666666666692,0.0,1.9899999999999987,100,100,0,15,0.1368842950521323,12.0,10,0.0,0.0,7
41,0,15,16.26233333333336,0.0,1.8899999999999986,100,100,0,15,0.16565341860195004,20.0,0,0.0,0.0,7
42,0,15,15.862333333333359,0.0,1.7899999999999985,100,100,0,15,0.16983069605844747,0.0,0,0.0,0.0,7
43,0,15,15.529000000000027,0.0,1.6899999999999984,100,100,0,15,0.19755439643391193,8.0,0,0.0,0.0,7
44,0,15,15.729000000000026,0.0,1.5899999999999983,100,100,0,15,0.17646668220767037,12.0,0,0.0,0.0,7
45,0,15,16.32900000000003,0.0,1.4899999999999984,100,100,0,15,0.18402977660739905,20.0,0,0.0,0.0,7
46,0,15,15.995666666666695,0.0,2.1399999999999983,100,100,0,15,0.16674793867783655,4.0,5,0.0,0.0,7
47,0,15,15.595666666666695,0.0,0.6799999999999984,100,100,0,15,0.1710247148424422,0.0,0,0.0,0.0,7
48,0,15,15.795666666666698,0.0,0.6099999999999988,100,100,0,15,0.15373836706269683,12.0,0,0.0,0.0,7
49,0,15,16.795666666666698,0.0,1.279999999999999,100,100,0,15,0.17302611123239453,24.0,5,0.0,0.0,7
50,0,15,15.929000000000032,0.0,1.1999999999999988,100,100,0,15,0.20926193316173847,4.0,0,0.0,0.0,7
51,0,15,15.1956666666667,0.0,1.1199999999999988,100,100,0,15,0.21990772223075283,0.0,0,0.0,0.0,7
52,0,15,15.195666666666702,0.0,1.039999999999999,100,100,0,15,0.2129261997206806,8.0,0,0.0,0.0,7
53,0,14,17.52678571428575,0.0,1.6899999999999988,100,100,0,14,0.16549741649079386,27.240000000000002,5,0.0,0.0,7
54,0,14,17.341071428571464,0.0,1.5899999999999987,100,100,0,14,0.1616796857760716,4.0,0,0.0,0.0,7
55,0,14,17.15535714285718,0.0,1.4899999999999987,100,100,0,14,0.16134812413567468,4.0,0,0.0,0.0,7
56,0,14,16.89357142857147,0.0,1.399999999999999,100,100,0,14,0.1591536449681985,2.9350000000000005,0,0.0,0.0,7
57,0,14,16.707857142857183,0.0,1.319999999999999,100,100,0,14,0.15149599662874014,4.0,0,0.0,0.0,7
58,0,14,17.165000000000042,0.0,1.9899999999999989,100,100,0,14,0.17470291349863554,12.0,5,0.0,0.0,7
59,0,14,16.836428571428613,0.0,0.549999999999999,100,100,0,14,0.18073358909555903,8.0,0,0.0,0.0,7
60,0,14,16.65071428571433,0.0,0.5099999999999998,100,100,0,14,0.18172291438131571,4.0,0,0.0,0.0,7
61,0,13,17.762307692307736,0.0,0.48999999999999977,100,100,0,13,0.1144635105918721,4.0,0,0.0,0.0,7
62,0,13,18.208461538461584,0.0,0.46999999999999975,100,100,0,13,0.10897787945652415,16.0,0,0.0,0.0,7
63,0,13,18.177692307692357,0.0,1.1999999999999997,100,100,0,13,0.11972539330670595,2.800000000000001,5,0.0,0.0,7
64,0,13,17.777692307692355,0.0,1.1599999999999997,100,100,0,13,0.1224192276072329,0.0,0,0.0,0.0,7
65,0,13,17.60846153846159,0.0,1.1199999999999997,100,100,0,13,0.12146191146671637,4.0,0,0.0,0.0,7
66,0,13,17.746923076923128,0.0,1.8099999999999996,100,100,0,13,0.13866892502408912,12.0,5,0.0,0.0,7
67,0,13,17.193076923076976,0.0,1.7499999999999996,100,100,0,13,0.17484332141394443,4.0,0,0.0,0.0,7
68,0,13,16.793076923076974,0.0,1.6899999999999995,100,100,0,13,0.17900797384100908,0.0,0,0.0,0.0,7
69,0,13,17.08538461538467,0.0,1.6299999999999994,100,100,0,13,0.16820494349646542,12.0,0,0.0,0.0,7
70,0,13,17.608461538461594,0.0,1.5699999999999994,100,100,0,13,0.16992906180796608,16.0,0,0.0,0.0,7
71,0,13,17.285384615384668,0.0,2.2599999999999993,100,100,0,13,0.18904023305251516,4.0,5,0.0,0.0,7
72,0,13,16.88538461538467,0.0,2.1799999999999993,100,100,0,13,0.19351843091080467,0.0,0,0.0,0.0,7
73,0,13,17.408461538461594,0.0,2.099999999999999,100,100,0,13,0.1882475705550246,16.0,0,0.0,0.0,7
74,0,13,17.700769230769286,0.0,2.019999999999999,100,100,0,13,0.17188434962542964,12.0,0,0.0,0.0,7
75,0,13,17.99307692307698,0.0,1.939999999999999,100,100,0,13,0.18500869828303435,8.0,5,0.0,0.0,7
76,0,13,17.823846153846212,0.0,3.359999999999999,100,100,0,13,0.1887571666174228,0.0,5,0.0,0.0,7
77,0,13,17.821923076923134,0.0,3.239999999999999,100,100,0,13,0.19233010337311418,7.175000000000001,0,0.0,0.0,7
78,0,13,17.498846153846213,0.0,3.1199999999999988,100,100,0,13,0.20548438527645874,8.0,0,0.0,0.0,7
79,0,13,17.791153846153907,0.0,2.9999999999999987,100,100,0,13,0.23204138749893932,12.0,0,0.0,0.0,7
80,0,13,17.39115384615391,0.0,2.8799999999999986,100,100,0,13,0.23737838559697555,0.0,0,0.0,0.0,7
81,0,13,17.452692307692367,0.0,2.759999999999999,100,100,0,13,0.23167616261033608,8.0,0,0.0,0.0,7
82,0,13,17.51423076923083,0.0,2.639999999999999,100,100,0,13,0.23165608355673561,8.0,0,0.0,0.0,7
83,0,13,17.806538461538523,0.0,3.2699999999999987,100,100,0,13,0.23711454970499823,8.0,5,0.0,0.0,7
84,0,13,17.637307692307754,0.0,3.1299999999999986,100,100,0,13,0.24945440759820192,4.0,0,0.0,0.0,7
85,0,13,17.41615384615391,0.0,2.9899999999999984,100,100,0,13,0.26787686056269533,10.325000000000001,0,0.0,0.0,7
86,0,13,17.708461538461602,0.0,2.8599999999999985,100,100,0,13,0.2679727205594884,12.0,0,0.0,0.0,7
87,0,13,17.539230769230834,0.0,2.7399999999999984,100,100,0,13,0.2786551197147218,4.0,0,0.0,0.0,7
88,0,13,17.600769230769295,0.0,2.6199999999999983,100,100,0,13,0.2763360934332477,8.0,0,0.0,0.0,7
89,0,13,17.200769230769296,0.0,2.4999999999999982,100,100,0,13,0.28276222681660657,0.0,0,0.0,0.0,7
90,0,13,17.49307692307699,0.0,4.589999999999998,100,100,0,13,0.28258009085589175,8.0,5,0.0,0.0,7
91,0,13,17.093076923076993,0.0,4.409999999999998,100,100,0,13,0.28919282868249985,0.0,0,0.0,0.0,7
92,0,13,17.616153846153914,0.0,4.959999999999998,100,100,0,13,0.3061505543929883,12.0,5,0.0,0.0,7
93,0,13,17.216153846153915,0.0,4.759999999999998,100,100,0,13,0.3132636542671836,0.0,0,0.0,0.0,7
94,0,13,17.632307692307762,0.0,4.559999999999998,100,100,0,13,0.31790084097910576,14.610000000000001,0,0.0,0.0,7
95,0,13,17.693846153846224,0.0,4.359999999999998,100,100,0,13,0.30942125433908685,8.0,0,0.0,0.0,7
96,0,13,16.75538461538469,0.0,4.1599999999999975,100,100,0,13,0.3112132106255685,4.0,0,0.0,0.0,7
97,0,13,16.586153846153916,0.0,3.9599999999999973,100,100,0,13,0.32723166824827077,4.0,0,0.0,0.0,7
98,0,13,16.647692307692378,0.0,4.509999999999997,100,100,0,13,0.3295941651916141,4.0,5,0.0,0.0,7
99,0,13,16.638076923076994,0.0,4.4499999999999975,100,100,0,13,0.3271884730078394,3.075,5,0.0,0.0,7
100,0,12,17.846666666666742,0.0,4.249999999999997,100,100,0,12,0.28057682729423417,4.0,0,0.0,0.0,7
101,0,11,19.614545454545535,0.0,4.059999999999997,100,100,0,11,0.23633161425152482,8.0,0,0.0,0.0,7
102,0,11,19.305454545454626,0.0,5.379999999999997,100,100,0,11,0.2584590489563172,4.0,5,0.0,0.0,7
103,0,11,19.450909090909175,0.0,5.199999999999997,100,100,0,11,0.2590756131137506,4.0,5,0.0,0.0,7
104,0,11,19.869090909090993,0.0,5.019999999999997,100,100,0,11,0.23781695061892694,8.0,5,0.0,0.0,7
105,0,11,19.560000000000084,0.0,4.839999999999997,100,100,0,11,0.2540392773242741,8.0,0,0.0,0.0,7
106,0,11,19.43272727272736,0.0,4.659999999999997,100,100,0,11,0.268461656232988,4.0,0,0.0,0.0,7
107,0,11,19.30545454545463,0.0,4.479999999999997,100,100,0,11,0.2779371222109963,4.0,0,0.0,0.0,7
108,0,11,19.723636363636448,0.0,4.299999999999996,100,100,0,11,0.26567528157682974,12.0,0,0.0,0.0,7
109,0,11,19.869090909090996,0.0,4.129999999999996,100,100,0,11,0.26437508318913827,8.0,0,0.0,0.0,7
110,0,11,19.74181818181827,0.0,3.9699999999999966,100,100,0,11,0.2786382893216557,4.0,0,0.0,0.0,7
111,0,11,20.069090909090995,0.0,3.8099999999999965,100,100,0,11,0.28315406282429234,11.0,0,0.0,0.0,7
112,0,11,20.214545454545544,0.0,3.6499999999999964,100,100,0,11,0.2789293365386183,8.0,0,0.0,0.0,7
113,0,11,20.087272727272815,0.0,3.489999999999996,100,100,0,11,0.2730029293660714,4.0,0,0.0,0.0,7
114,0,11,20.232727272727363,0.0,4.8299999999999965,100,100,0,11,0.28084357231553425,4.0,5,0.0,0.0,7
115,0,11,19.874545454545544,0.0,4.629999999999996,100,100,0,11,0.29891634301111836,7.460000000000001,0,0.0,0.0,7
116,0,11,20.020000000000092,0.0,4.429999999999996,100,100,0,11,0.30912888764128343,8.0,0,0.0,0.0,7
117,0,11,19.892727272727367,0.0,4.229999999999996,100,100,0,11,0.3076792049920638,4.0,0,0.0,0.0,7
118,0,11,19.765454545454638,0.0,4.029999999999996,100,100,0,11,0.3062735718885099,4.0,0,0.0,0.0,7
119,0,11,20.183636363636456,0.0,3.8299999999999956,100,100,0,11,0.321363349739171,12.0,0,0.0,0.0,7
120,0,11,20.05636363636373,0.0,3.6299999999999955,100,100,0,11,0.33081975589454404,4.0,0,0.0,0.0,7
121,0,11,20.201818181818275,0.0,3.8999999999999964,100,100,0,11,0.32598325983259757,4.0,5,0.0,0.0,7
122,0,11,20.620000000000093,0.0,4.449999999999996,100,100,0,11,0.3031999743489022,4.0,10,0.0,0.0,7
123,0,10,23.0240000000001,0.0,4.2499999999999964,100,100,0,10,0.2415913829047942,10.620000000000001,0,0.0,0.0,7
124,0,10,23.2240000000001,0.0,4.049999999999996,100,100,0,10,0.25501205649328207,8.0,0,0.0,0.0,7
125,0,10,22.624000000000102,0.0,3.8499999999999956,100,100,0,10,0.2758972772277217,4.0,0,0.0,0.0,7
126,0,10,22.2240000000001,0.0,3.6499999999999955,100,100,0,10,0.28086303095752263,0.0,0,0.0,0.0,7
127,0,10,22.720000000000102,0.0,3.469999999999996,100,100,0,10,0.2742561619718302,7.960000000000001,5,0.0,0.0,7
128,0,10,22.920000000000105,0.0,3.3199999999999967,100,100,0,10,0.27264834205933597,8.0,0,0.0,0.0,7
129,0,10,22.820000000000103,0.0,3.1799999999999966,100,100,0,10,0.28041630148992014,4.0,0,0.0,0.0,7
130,0,10,22.720000000000105,0.0,3.0399999999999965,100,100,0,10,0.2856117957746469,4.0,0,0.0,0.0,7
131,0,10,22.620000000000108,0.0,2.8999999999999964,100,100,0,10,0.298810786914234,4.0,0,0.0,0.0,7
132,0,10,23.336000000000105,0.0,3.5099999999999962,100,100,0,10,0.282242029482344,11.16,5,0.0,0.0,7
133,0,10,23.236000000000107,0.0,2.1099999999999963,100,100,0,10,0.2899122051988283,4.0,0,0.0,0.0,7
134,0,10,23.136000000000106,0.0,1.9899999999999962,100,100,0,10,0.2950553250345771,4.0,0,0.0,0.0,7
135,0,10,23.036000000000108,0.0,1.869999999999996,100,100,0,10,0.30805695433234836,4.0,0,0.0,0.0,7
136,0,10,23.536000000000108,0.0,1.749999999999996,100,100,0,10,0.30560842963970014,12.0,0,0.0,0.0,7
137,0,10,23.140000000000107,0.0,1.629999999999996,100,100,0,10,0.3323595505617969,7.040000000000001,0,0.0,0.0,7
138,0,10,23.04000000000011,0.0,1.5099999999999958,100,100,0,10,0.3377083333333326,4.0,0,0.0,0.0,7
139,0,10,22.64000000000011,0.0,1.389999999999996,100,100,0,10,0.34367491166077646,0.0,0,0.0,0.0,7
140,0,10,23.40100000000011,0.0,1.2699999999999967,100,100,0,10,0.3322165719413692,15.610000000000003,0,0.0,0.0,7
141,0,10,23.301000000000112,0.0,1.1699999999999968,100,100,0,10,0.342654821681472,4.0,0,0.0,0.0,7
142,0,10,23.50100000000011,0.0,1.0699999999999967,100,100,0,10,0.3499510659120879,8.0,0,0.0,0.0,7
143,0,10,23.401000000000113,0.0,0.9699999999999968,100,100,0,10,0.34771590957651277,4.0,0,0.0,0.0,7
144,0,10,23.301000000000112,0.0,0.8699999999999968,100,100,0,10,0.36079567400540635,4.0,0,0.0,0.0,7
145,0,10,23.441000000000113,0.0,0.7699999999999968,100,100,0,10,0.3624802696130702,7.4,0,0.0,0.0,7
146,0,10,23.341000000000115,0.0,0.6699999999999968,100,100,0,10,0.3704597060965673,4.0,0,0.0,0.0,7
147,0,10,23.521500000000113,0.0,0.5699999999999967,100,100,0,10,0.37198520502518884,7.805000000000001,0,0.0,0.0,7
148,0,10,23.906500000000115,0.0,0.46999999999999675,100,100,0,10,0.3730094325810962,10.850000000000001,0,0.0,0.0,7
149,0,10,23.806500000000117,0.0,0.3699999999999968,100,100,0,10,0.38339739146871543,4.0,0,0.0,0.0,7
150,0,10,23.70650000000012,0.0,0.26999999999999674,100,100,0,10,0.3913420369940721,4.0,0,0.0,0.0,7
151,0,10,23.606500000000118,0.0,0.16999999999999887,100,100,0,10,0.3968123186410508,4.0,0,0.0,0.0,7
152,0,10,23.50650000000012,0.0,0.12999999999999964,100,100,0,10,0.39977665752025926,4.0,0,0.0,0.0,7
153,0,9,26.362777777777904,0.0,0.10999999999999964,100,100,0,9,0.3506018820962018,8.0,0,0.0,0.0,7
154,0,9,26.296111111111237,0.0,0.08999999999999964,100,100,0,9,0.35712458068953445,4.0,0,0.0,0.0,7
155,0,9,26.536111111111236,0.0,0.06999999999999963,100,100,0,9,0.34898170440931797,7.760000000000001,0,0.0,0.0,7
156,0,9,26.802777777777905,0.0,0.04999999999999963,100,100,0,9,0.34274593797860375,8.0,0,0.0,0.0,7
157,0,9,26.73611111111124,0.0,0.029999999999999628,100,100,0,9,0.3546828282828276,4.0,0,0.0,0.0,7
158,0,9,27.002777777777904,0.0,0.009999999999999627,100,100,0,9,0.36489615837419476,8.0,0,0.0,0.0,7
159,0,9,27.269444444444574,0.0,0.0,100,100,0,9,0.35861147895374157,8.0,0,0.0,0.0,7
160,0,9,27.53611111111124,0.0,0.0,100,100,0,9,0.35244852438436536,8.0,0,0.0,0.0,7
161,0,8,30.940625000000136,0.0,0.0,100,100,0,8,0.28289314210685745,4.0,0,0.0,0.0,7
162,0,8,31.290625000000137,0.0,0.0,100,100,0,8,0.2917132727454306,8.0,0,0.0,0.0,7
163,0,8,31.89062500000014,0.0,0.0,100,100,0,8,0.2734860362567364,11.0,0,0.0,0.0,7
164,0,8,31.49062500000014,0.0,0.0,100,100,0,8,0.2769599087029866,0.0,0,0.0,0.0,7
165,0,8,31.09062500000014,0.0,0.0,100,100,0,8,0.28052316815760303,0.0,0,0.0,0.0,7
166,0,8,31.06562500000014,0.0,0.0,100,100,0,8,0.28829343124434126,4.0,0,0.0,0.0,7
167,0,8,31.04062500000014,0.0,0.0,100,100,0,8,0.29909644618946896,4.0,0,0.0,0.0,7
168,0,8,31.640625000000142,0.0,0.0,100,100,0,8,0.2963876543209871,11.0,0,0.0,0.0,7
169,0,8,31.615625000000144,0.0,0.0,100,100,0,8,0.2951393693782738,4.0,0,0.0,0.0,7
170,0,8,31.215625000000145,0.0,0.0,100,100,0,8,0.29892131344478856,0.0,0,0.0,0.0,7
171,0,8,31.190625000000146,0.0,0.0,100,100,0,8,0.30968089369802576,4.0,0,0.0,0.0,7
172,0,8,32.29062500000015,0.0,0.0,100,100,0,8,0.3020347430562269,16.0,0,0.0,0.0,7
173,0,8,32.26562500000015,0.0,0.0,100,100,0,8,0.29578934624697273,4.0,0,0.0,0.0,7
174,0,8,31.865625000000147,0.0,0.0,100,100,0,8,0.29950230459939164,0.0,0,0.0,0.0,7
175,0,8,32.215625000000145,0.0,0.0,100,100,0,8,0.3049786594238042,8.0,0,0.0,0.0,7
176,0,8,32.815625000000146,0.0,0.0,100,100,0,8,0.2929173412055992,11.0,0,0.0,0.0,7
177,0,8,33.54062500000015,0.0,0.0,100,100,0,8,0.2868745923786451,12.0,0,0.0,0.0,7
178,0,8,33.14062500000015,0.0,0.0,100,100,0,8,0.29033710513908506,0.0,0,0.0,0.0,7
179,0,8,33.11562500000015,0.0,0.0,100,100,0,8,0.28914079456449904,4.0,0,0.0,0.0,7
180,0,8,33.84062500000015,0.0,0.0,100,100,0,8,0.2899598300858801,12.0,0,0.0,0.0,7
181,0,8,34.56562500000015,0.0,0.0,100,100,0,8,0.285234156043757,12.0,0,0.0,0.0,7
182,0,8,34.165625000000155,0.0,0.0,100,100,0,8,0.2885735845605044,0.0,0,0.0,0.0,7
183,0,8,33.765625000000156,0.0,0.0,100,100,0,8,0.2919921332716333,0.0,0,0.0,0.0,7
184,0,8,34.11562500000016,0.0,0.0,100,100,0,8,0.2917445268846748,8.0,0,0.0,0.0,7
185,0,8,34.84062500000016,0.0,0.0,100,100,0,8,0.28970983944748374,12.0,0,0.0,0.0,7
186,0,8,34.19062500000016,0.0,0.0,100,100,0,8,0.3153253815921755,4.0,0,0.0,0.0,7
187,0,8,33.79062500000016,0.0,0.0,100,100,0,8,0.3190580782391559,0.0,0,0.0,0.0,7
188,0,8,34.14062500000016,0.0,0.0,100,100,0,8,0.3075491990846675,8.0,0,0.0,0.0,7
189,0,8,34.865625000000165,0.0,0.0,100,100,0,8,0.307876221206417,12.0,0,0.0,0.0,7
190,0,8,35.215625000000166,0.0,0.0,100,100,0,8,0.3101406513443956,8.0,0,0.0,0.0,7
191,0,8,34.81562500000017,0.0,0.0,100,100,0,8,0.3137038865451929,0.0,0,0.0,0.0,7
192,0,8,34.41562500000016,0.0,0.0,100,100,0,8,0.3173499500590209,0.0,0,0.0,0.0,7
193,0,8,34.76562500000016,0.0,0.0,100,100,0,8,0.3141550561797748,8.0,0,0.0,0.0,7
194,0,8,35.115625000000165,0.0,0.0,100,100,0,8,0.3190331049212418,8.0,0,0.0,0.0,7
195,0,8,35.090625000000166,0.0,0.0,100,100,0,8,0.3152529165553475,4.0,0,0.0,0.0,7
196,0,8,35.06562500000017,0.0,0.0,100,100,0,8,0.30879377952054154,4.0,0,0.0,0.0,7
197,0,8,35.79062500000017,0.0,0.0,100,100,0,8,0.3012289356500477,12.0,0,0.0,0.0,7
198,0,8,35.76562500000017,0.0,0.0,100,100,0,8,0.3079925731760589,4.0,0,0.0,0.0,7
199,0,8,36.11562500000017,0.0,0.0,100,100,0,8,0.30241195812061905,8.0,0,0.0,0.0,7
200,0,8,35.71562500000017,0.0,0.0,100,100,0,8,0.30579884504331045,0.0,0,0.0,0.0,7
201,0,8,36.440625000000175,0.0,0.0,100,100,0,8,0.29328316610925254,12.0,0,0.0,0.0,7
202,0,8,36.415625000000176,0.0,0.0,100,100,0,8,0.2999206212992356,4.0,0,0.0,0.0,7
203,0,8,36.39062500000018,0.0,0.0,100,100,0,8,0.3014147702876768,4.0,0,0.0,0.0,7
204,0,8,36.36562500000018,0.0,0.0,100,100,0,8,0.3106449256681272,4.0,0,0.0,0.0,7
205,0,8,36.96562500000018,0.0,0.0,100,100,0,8,0.2963035759573922,11.0,0,0.0,0.0,7
206,0,8,36.56562500000018,0.0,0.0,100,100,0,8,0.29954491069139344,0.0,0,0.0,0.0,7
207,0,8,37.29062500000018,0.0,0.0,100,100,0,8,0.29749224838682586,12.0,0,0.0,0.0,7
208,0,8,37.265625000000185,0.0,0.0,100,100,0,8,0.30649685534591153,4.0,0,0.0,0.0,7
209,0,8,37.11562500000018,0.0,0.0,100,100,0,8,0.30689357581880916,3.0,0,0.0,0.0,7
210,0,8,37.09062500000018,0.0,0.0,100,100,0,8,0.3108918190243486,4.0,0,0.0,0.0,7
211,0,8,37.06562500000018,0.0,0.0,100,100,0,8,0.31742475339347376,4.0,0,0.0,0.0,7
212,0,8,37.41562500000018,0.0,0.0,100,100,0,8,0.3244779921490013,8.0,0,0.0,0.0,7
213,0,8,37.390625000000185,0.0,0.0,100,100,0,8,0.3175114918512323,4.0,0,0.0,0.0,7
214,0,8,37.74062500000018,0.0,0.0,100,100,0,8,0.31050550633435403,8.0,0,0.0,0.0,7
215,0,8,37.34062500000018,0.0,0.0,100,100,0,8,0.31383170139760597,0.0,0,0.0,0.0,7
216,0,8,38.06562500000018,0.0,0.0,100,100,0,8,0.3238629833347011,12.0,0,0.0,0.0,7
217,0,8,37.91562500000018,0.0,0.0,100,100,0,8,0.3243200362647318,3.0,0,0.0,0.0,7
218,0,8,38.640625000000185,0.0,0.0,100,100,0,8,0.3121694298422961,12.0,0,0.0,0.0,7
219,0,8,38.24062500000018,0.0,0.0,100,100,0,8,0.3154347470785317,0.0,0,0.0,0.0,7
220,0,8,38.59062500000018,0.0,0.0,100,100,0,8,0.3271499716576236,8.0,0,0.0,0.0,7
221,0,8,38.56562500000018,0.0,0.0,100,100,0,8,0.3285775058747258,4.0,0,0.0,0.0,7
222,0,8,39.29062500000018,0.0,0.0,100,100,0,8,0.3155551578779918,12.0,0,0.0,0.0,7
223,0,8,38.890625000000185,0.0,0.0,100,100,0,8,0.31880072318200003,0.0,0,0.0,0.0,7
224,0,8,39.24062500000018,0.0,0.0,100,100,0,8,0.33029186907700825,8.0,0,0.0,0.0,7
225,0,8,39.21562500000018,0.0,0.0,100,100,0,8,0.33169774484022585,4.0,0,0.0,0.0,7
226,0,8,39.81562500000018,0.0,0.0,100,100,0,8,0.3237559846165914,11.0,0,0.0,0.0,7
227,0,8,39.415625000000176,0.0,0.0,100,100,0,8,0.32704154443827727,0.0,0,0.0,0.0,7
228,0,8,39.39062500000018,0.0,0.0,100,100,0,8,0.3355791352637836,4.0,0,0.0,0.0,7
229,0,8,39.74062500000018,0.0,0.0,100,100,0,8,0.3397007942124708,8.0,0,0.0,0.0,7
230,0,8,39.71562500000018,0.0,0.0,100,100,0,8,0.33873436147611846,4.0,0,0.0,0.0,7
231,0,8,40.065625000000175,0.0,0.0,100,100,0,8,0.3357752905389588,8.0,0,0.0,0.0,7
232,0,8,40.040625000000176,0.0,0.0,100,100,0,8,0.32779013501912035,4.0,0,0.0,0.0,7
233,0,8,40.39062500000018,0.0,0.0,100,100,0,8,0.3388762088974844,8.0,0,0.0,0.0,7
234,0,8,40.61562500000017,0.0,0.0,100,100,0,8,0.334305993690851,7.0,0,0.0,0.0,7
235,0,8,40.59062500000017,0.0,0.0,100,100,0,8,0.3379763646162126,4.0,0,0.0,0.0,7
236,0,8,40.190625000000175,0.0,0.0,100,100,0,8,0.3413400979706076,0.0,0,0.0,0.0,7
237,0,8,40.54062500000017,0.0,0.0,100,100,0,8,0.35226817235797325,8.0,0,0.0,0.0,7
238,0,8,40.89062500000017,0.0,0.0,100,100,0,8,0.3492529614061892,8.0,0,0.0,0.0,7
239,0,8,40.86562500000017,0.0,0.0,100,100,0,8,0.3529077770130753,4.0,0,0.0,0.0,7
240,0,8,40.465625000000166,0.0,0.0,100,100,0,8,0.35639624681442483,0.0,0,0.0,0.0,7
241,0,8,41.19062500000017,0.0,0.0,100,100,0,8,0.35649988619983186,12.0,0,0.0,0.0,7
242,0,8,41.91562500000016,0.0,0.0,100,100,0,8,0.3469786774025192,12.0,0,0.0,0.0,7
243,0,8,41.89062500000016,0.0,0.0,100,100,0,8,0.3409157030958585,4.0,0,0.0,0.0,7
244,0,8,41.86562500000016,0.0,0.0,100,100,0,8,0.34447824139732663,4.0,0,0.0,0.0,7
245,0,8,42.21562500000016,0.0,0.0,100,100,0,8,0.3400714338589079,8.0,0,0.0,0.0,7
246,0,8,42.94062500000015,0.0,0.0,100,100,0,8,0.3397878611454763,12.0,0,0.0,0.0,7
247,0,8,42.915625000000155,0.0,0.0,100,100,0,8,0.3338655064443301,4.0,0,0.0,0.0,7
248,0,8,42.89062500000015,0.0,0.0,100,100,0,8,0.3373387978142066,4.0,0,0.0,0.0,7
249,0,8,42.86562500000015,0.0,0.0,100,100,0,8,0.3305405700955011,4.0,0,0.0,0.0,7
250,0,8,43.965625000000145,0.0,0.0,100,100,0,8,0.33417620299950146,16.0,0,0.0,0.0,7
251,0,8,43.940625000000146,0.0,0.0,100,100,0,8,0.3320549747528614,4.0,0,0.0,0.0,7
252,0,8,43.91562500000014,0.0,0.0,100,100,0,8,0.33544616807798944,4.0,0,0.0,0.0,7
253,0,8,43.51562500000014,0.0,0.0,100,100,0,8,0.33852962298025013,0.0,0,0.0,0.0,7
254,0,8,44.615625000000136,0.0,0.0,100,100,0,8,0.341915318344189,16.0,0,0.0,0.0,7
255,0,8,44.84062500000013,0.0,0.0,100,100,0,8,0.33381942992542935,7.0,0,0.0,0.0,7
256,0,8,44.44062500000013,0.0,0.0,100,100,0,8,0.3368240630054131,0.0,0,0.0,0.0,7
257,0,8,44.79062500000013,0.0,0.0,100,100,0,8,0.3313350310472325,8.0,0,0.0,0.0,7
258,0,8,45.51562500000013,0.0,0.0,100,100,0,8,0.33944558874012953,12.0,0,0.0,0.0,7
259,0,8,45.49062500000012,0.0,0.0,100,100,0,8,0.33860170364772846,4.0,0,0.0,0.0,7
260,0,8,45.090625000000124,0.0,0.0,100,100,0,8,0.3416054473629484,0.0,0,0.0,0.0,7
261,0,8,45.06562500000012,0.0,0.0,100,100,0,8,0.344915401151098,4.0,0,0.0,0.0,7
262,0,8,45.04062500000012,0.0,0.0,100,100,0,8,0.34614757510580607,4.0,0,0.0,0.0,7
263,0,8,45.390625000000114,0.0,0.0,100,100,0,8,0.34760929432013654,8.0,0,0.0,0.0,7
264,0,8,45.74062500000011,0.0,0.0,100,100,0,8,0.3456975473116064,8.0,0,0.0,0.0,7
265,0,8,46.09062500000011,0.0,0.0,100,100,0,8,0.34307241168892655,8.0,0,0.0,0.0,7
266,0,8,45.940625000000104,0.0,0.0,100,100,0,8,0.34004659546969473,3.0,0,0.0,0.0,7
267,0,8,46.665625000000105,0.0,0.0,100,100,0,8,0.3397860443313456,12.0,0,0.0,0.0,7
268,0,8,46.6406250000001,0.0,0.0,100,100,0,8,0.34700335008375083,4.0,0,0.0,0.0,7
269,0,8,46.9906250000001,0.0,0.0,100,100,0,8,0.34441876704129704,8.0,0,0.0,0.0,7
270,0,8,46.590625000000095,0.0,0.0,100,100,0,8,0.34737574619357314,0.0,0,0.0,0.0,7
271,0,8,47.31562500000009,0.0,0.0,100,100,0,8,0.34700647249190797,12.0,0,0.0,0.0,7
272,0,8,46.91562500000009,0.0,0.0,100,100,0,8,0.34996503030706605,0.0,0,0.0,0.0,7
273,0,8,47.265625000000085,0.0,0.0,100,100,0,8,0.3388413223140485,8.0,0,0.0,0.0,7
274,0,8,47.86562500000009,0.0,0.0,100,100,0,8,0.33981687014428297,11.0,0,0.0,0.0,7
275,0,8,48.21562500000008,0.0,0.0,100,100,0,8,0.3412389007712737,8.0,0,0.0,0.0,7
276,0,8,48.19062500000008,0.0,1.48,100,100,0,8,0.34238862589974595,0.0,5,0.0,0.0,7
277,0,8,47.54062500000008,0.0,1.44,100,100,0,8,0.355552816669952,4.0,0,0.0,0.0,7
278,0,8,47.89062500000007,0.0,1.4,100,100,0,8,0.3627422512234899,8.0,0,0.0,0.0,7
279,0,8,47.86562500000007,0.0,1.3599999999999999,100,100,0,8,0.3678282300711615,4.0,0,0.0,0.0,7
280,0,8,47.84062500000007,0.0,1.3199999999999998,100,100,0,8,0.36116173492716586,4.0,0,0.0,0.0,7
281,0,8,48.19062500000007,0.0,1.2799999999999998,100,100,0,8,0.35464788275727765,8.0,0,0.0,0.0,7
282,0,8,49.29062500000006,0.0,2.6999999999999997,100,100,0,8,0.35243929499777993,8.0,10,0.0,0.0,7
283,0,8,49.265625000000064,0.0,2.6199999999999997,100,100,0,8,0.3573755153821745,4.0,0,0.0,0.0,7
284,0,8,49.24062500000006,0.0,2.5399999999999996,100,100,0,8,0.350893253791964,4.0,0,0.0,0.0,7
285,0,8,49.59062500000006,0.0,2.4599999999999995,100,100,0,8,0.34463576784926464,8.0,0,0.0,0.0,7
286,0,8,49.565625000000054,0.0,2.3799999999999994,100,100,0,8,0.34764674358489245,4.0,0,0.0,0.0,7
287,0,8,49.54062500000005,0.0,2.2999999999999994,100,100,0,8,0.35444553081435526,4.0,0,0.0,0.0,7
288,0,8,50.64062500000005,0.0,1.0999999999999996,100,100,0,8,0.34119253316877374,8.0,10,0.0,0.0,7
289,0,8,50.990625000000044,0.0,1.0599999999999996,100,100,0,8,0.33517343874486616,8.0,0,0.0,0.0,7
290,0,8,50.965625000000045,0.0,1.0199999999999996,100,100,0,8,0.3380970629713642,4.0,0,0.0,0.0,7
291,0,8,50.94062500000004,0.0,0.9799999999999995,100,100,0,8,0.34470431261885626,4.0,0,0.0,0.0,7
292,0,8,51.29062500000004,0.0,0.9399999999999995,100,100,0,8,0.3411914336196902,8.0,0,0.0,0.0,7
293,0,8,51.265625000000036,0.0,0.8999999999999995,100,100,0,8,0.34044346235903555,4.0,0,0.0,0.0,7
294,0,8,51.99062500000004,0.0,2.3399999999999994,100,100,0,8,0.334136262547333,8.0,5,0.0,0.0,7
295,0,8,51.59062500000003,0.0,2.2599999999999993,100,100,0,8,0.3367269368223378,0.0,0,0.0,0.0,7
296,0,8,51.315625000000026,0.0,2.1799999999999993,100,100,0,8,0.35899001278850107,8.0,0,0.0,0.0,7
297,0,8,50.91562500000003,0.0,2.099999999999999,100,100,0,8,0.3618102866261572,0.0,0,0.0,0.0,7
298,0,8,51.26562500000002,0.0,2.019999999999999,100,100,0,8,0.3575114294422417,8.0,0,0.0,0.0,7
299,0,8,51.24062500000002,0.0,1.939999999999999,100,100,0,8,0.35128224675245323,4.0,0,0.0,0.0,7
300,0,8,51.96562500000002,0.0,1.859999999999999,100,100,0,8,0.35991190089602365,12.0,0,0.0,0.0,7
0,0,15,20.0,0.0,0.0,100,100,0,15,0.0,0.0,0,0.0,0.0,8
1,0,15,19.6,0.0,0.0,100,100,0,15,0.0,0.0,0,0.0,0.0,8
2,0,15,18.53333333333334,0.0,0.0,100,100,0,15,0.031175059952038398,0.0,0,0.0,0.0,8
3,0,15,16.800000000000004,0.0,0.0,100,100,0,15,0.0714285714285714,0.0,0,0.0,0.0,8
4,0,15,16.86666666666667,0.0,5.21,100,100,0,15,0.10856389986824766,0.0,20,0.0,0.0,8
5,0,15,16.86666666666667,0.0,5.07,100,100,0,15,0.1038208168642949,8.0,0,0.0,0.0,8
6,0,15,17.26666666666667,0.0,4.93,100,100,0,15,0.07361647361647394,16.0,0,0.0,0.0,8
7,0,15,16.93333333333334,0.0,5.539999999999999,100,100,0,15,0.0640419947506563,4.0,5,0.0,0.0,8
8,0,15,16.53333333333334,0.0,5.379999999999999,100,100,0,15,0.06559139784946244,0.0,0,0.0,0.0,8
9,0,15,16.93333333333334,0.0,6.069999999999999,100,100,0,15,0.08608923884514463,8.0,10,0.0,0.0,8
10,0,15,16.93333333333334,0.0,4.549999999999999,100,100,0,15,0.07611548556430447,16.0,0,0.0,0.0,8
11,0,15,16.73333333333334,0.0,4.409999999999999,100,100,0,15,0.07065073041168657,4.0,0,0.0,0.0,8
12,0,15,16.00000000000001,0.0,4.27,100,100,0,15,0.058333333333333126,0.0,0,0.0,0.0,8
13,0,15,16.40000000000001,0.0,4.879999999999999,100,100,0,15,0.06558265582655842,12.0,5,0.0,0.0,8
14,0,15,16.94100000000001,0.0,4.719999999999999,100,100,0,15,0.0813883477952897,15.115,5,0.0,0.0,8
15,0,15,16.74100000000001,0.0,4.559999999999999,100,100,0,15,0.08070671471901947,4.0,0,0.0,0.0,8
16,0,15,16.20766666666668,0.0,4.399999999999999,100,100,0,15,0.08956529488787912,0.0,5,0.0,0.0,8
17,0,15,16.00766666666668,0.0,4.239999999999998,100,100,0,15,0.08735258799602996,4.0,0,0.0,0.0,8
18,0,15,16.00766666666668,0.0,4.079999999999998,100,100,0,15,0.10567714081447077,8.0,0,0.0,0.0,8
19,0,15,16.20766666666668,0.0,3.919999999999998,100,100,0,15,0.09675805003119264,12.0,0,0.0,0.0,8
20,0,15,16.07433333333335,0.0,5.989999999999998,100,100,0,15,0.11697875840712268,0.0,15,0.0,0.0,8
21,0,15,15.842666666666682,0.0,4.629999999999998,100,100,0,15,0.11927846041631618,3.525000000000001,0,0.0,0.0,8
22,0,15,15.50933333333335,0.0,4.4499999999999975,100,100,0,15,0.1361703347088492,8.0,0,0.0,0.0,8
23,0,15,15.25233333333335,0.0,4.269999999999998,100,100,0,15,0.1345367921848024,10.145000000000001,0,0.0,0.0,8
24,0,15,15.052333333333353,0.0,4.089999999999998,100,100,0,15,0.13719541451675998,4.0,0,0.0,0.0,8
25,0,15,15.052333333333353,0.0,4.639999999999997,100,100,0,15,0.12095577651305467,4.0,5,0.0,0.0,8
26,0,15,15.252333333333352,0.0,4.439999999999998,100,100,0,15,0.133205119799521,8.0,5,0.0,0.0,8
27,0,15,15.052333333333355,0.0,4.239999999999997,100,100,0,15,0.12641229488229966,4.0,0,0.0,0.0,8
28,0,15,14.852333333333354,0.0,4.039999999999997,100,100,0,15,0.1348415138661343,4.0,0,0.0,0.0,8
29,0,15,15.052333333333355,0.0,4.589999999999997,100,100,0,15,0.1256386975810322,8.0,5,0.0,0.0,8
30,0,15,15.152666666666686,0.0,4.389999999999997,100,100,0,15,0.13130948714564372,10.505,0,0.0,0.0,8
31,0,15,14.952666666666687,0.0,4.189999999999997,100,100,0,15,0.14376625499725115,0.0,5,0.0,0.0,8
32,0,15,14.752666666666688,0.0,3.9899999999999967,100,100,0,15,0.15386144877762242,4.0,0,0.0,0.0,8
33,0,15,14.75266666666669,0.0,3.7899999999999965,100,100,0,15,0.16105562836097453,8.0,0,0.0,0.0,8
34,0,15,15.152666666666688,0.0,3.5899999999999963,100,100,0,15,0.1632041298194673,12.0,5,0.0,0.0,8
35,0,15,14.75266666666669,0.0,3.3899999999999966,100,100,0,15,0.16762920451293195,0.0,0,0.0,0.0,8
36,0,15,14.732333333333356,0.0,3.1899999999999964,100,100,0,15,0.18350566780550737,7.695000000000002,0,0.0,0.0,8
37,0,15,14.732333333333356,0.0,2.989999999999996,100,100,0,15,0.19376277424561272,8.0,0,0.0,0.0,8
38,0,15,14.799000000000024,0.0,3.519999999999996,100,100,0,15,0.2280184096523039,12.0,5,0.0,0.0,8
39,0,15,14.399000000000024,0.0,3.2999999999999963,100,100,0,15,0.23435269424574257,0.0,0,0.0,0.0,8
40,0,15,13.865666666666693,0.0,3.079999999999996,100,100,0,15,0.23243983941149615,0.0,5,0.0,0.0,8
41,0,15,14.065666666666692,0.0,2.8699999999999966,100,100,0,15,0.24060478233049776,12.0,0,0.0,0.0,8
42,0,15,14.453666666666694,0.0,3.439999999999997,100,100,0,15,0.23075728573295473,11.82,5,0.0,0.0,8
43,0,15,13.587000000000026,0.0,3.259999999999997,100,100,0,15,0.23535569130623202,4.0,0,0.0,0.0,8
44,0,15,12.720333333333361,0.0,3.829999999999997,100,100,0,15,0.2596472838762087,0.0,5,0.0,0.0,8
45,0,15,12.92033333333336,0.0,3.659999999999997,100,100,0,15,0.26466465433468334,8.0,5,0.0,0.0,8
46,0,15,13.320333333333362,0.0,3.499999999999997,100,100,0,15,0.2620955431545753,16.0,0,0.0,0.0,8
47,0,15,13.520333333333362,0.0,3.3399999999999967,100,100,0,15,0.25655514739117224,12.0,0,0.0,0.0,8
48,0,15,13.120333333333361,0.0,3.179999999999997,100,100,0,15,0.26437675194566523,0.0,0,0.0,0.0,8
49,0,15,13.320333333333362,0.0,3.749999999999997,100,100,0,15,0.2606908402358967,8.0,5,0.0,0.0,8
50,0,14,14.557500000000033,0.0,3.5699999999999967,100,100,0,14,0.2119059885675032,20.0,0,0.0,0.0,8
51,0,13,15.933076923076957,0.0,3.3999999999999972,100,100,0,13,0.14600269618856987,11.525,0,0.0,0.0,8
52,0,13,15.533076923076958,0.0,3.239999999999997,100,100,0,13,0.14976248433387074,0.0,0,0.0,0.0,8
53,0,13,15.80230769230773,0.0,3.079999999999997,100,100,0,13,0.1485963775794863,11.700000000000001,0,0.0,0.0,8
54,0,13,16.325384615384653,0.0,2.919999999999997,100,100,0,13,0.161008195027891,16.0,0,0.0,0.0,8
55,0,13,16.156153846153885,0.0,2.7599999999999967,100,100,0,13,0.1587758525338876,4.0,0,0.0,0.0,8
56,0,13,15.60230769230773,0.0,2.5999999999999965,100,100,0,13,0.15234432776216567,4.0,0,0.0,0.0,8
57,0,13,15.663846153846192,0.0,2.449999999999997,100,100,0,13,0.1481306593028835,8.0,0,0.0,0.0,8
58,0,13,15.956153846153883,0.0,2.319999999999997,100,100,0,13,0.16124809481604552,12.0,0,0.0,0.0,8
59,0,13,16.017692307692347,0.0,2.199999999999997,100,100,0,13,0.16171467201578182,5.0,5,0.0,0.0,8
60,0,13,15.848461538461578,0.0,2.079999999999997,100,100,0,13,0.16778736479750944,4.0,0,0.0,0.0,8
61,0,13,15.525384615384656,0.0,1.9599999999999969,100,100,0,13,0.1874502151467916,8.0,0,0.0,0.0,8
62,0,13,15.817692307692349,0.0,1.8499999999999972,100,100,0,13,0.20231633366876278,12.0,0,0.0,0.0,8
63,0,13,15.64846153846158,0.0,2.4999999999999973,100,100,0,13,0.20336611724312714,0.0,5,0.0,0.0,8
64,0,13,15.710000000000043,0.0,2.399999999999997,100,100,0,13,0.20129266023600878,8.0,0,0.0,0.0,8
65,0,13,15.61769230769235,0.0,3.0299999999999967,100,100,0,13,0.2115450918583459,8.0,5,0.0,0.0,8
66,0,13,15.294615384615428,0.0,2.9099999999999966,100,100,0,13,0.25315402798679965,8.0,0,0.0,0.0,8
67,0,13,14.894615384615427,0.0,2.789999999999997,100,100,0,13,0.2599525661551174,0.0,0,0.0,0.0,8
68,0,13,14.802307692307737,0.0,2.669999999999997,100,100,0,13,0.2634764289911613,12.0,0,0.0,0.0,8
69,0,13,15.09461538461543,0.0,2.5499999999999967,100,100,0,13,0.2608673495388063,12.0,0,0.0,0.0,8
70,0,13,15.156153846153892,0.0,2.4299999999999966,100,100,0,13,0.2855754102264785,8.0,0,0.0,0.0,8
71,0,13,14.986923076923121,0.0,2.3099999999999965,100,100,0,13,0.2841846343360481,4.0,0,0.0,0.0,8
72,0,13,15.279230769230814,0.0,2.9199999999999964,100,100,0,13,0.27200554568021684,8.0,5,0.0,0.0,8
73,0,13,15.802307692307739,0.0,2.7799999999999967,100,100,0,13,0.2742352813423248,16.0,0,0.0,0.0,8
74,0,13,15.863846153846199,0.0,3.3699999999999966,100,100,0,13,0.2862636563359058,4.0,5,0.0,0.0,8
75,0,13,15.69461538461543,0.0,3.2099999999999964,100,100,0,13,0.2849430136593789,4.0,0,0.0,0.0,8
76,0,13,15.756153846153893,0.0,3.0499999999999963,100,100,0,13,0.277686186293324,8.0,0,0.0,0.0,8
77,0,13,16.279230769230818,0.0,2.889999999999996,100,100,0,13,0.27966807090749835,16.0,0,0.0,0.0,8
78,0,13,16.57153846153851,0.0,2.729999999999996,100,100,0,13,0.29792650834288437,8.0,5,0.0,0.0,8
79,0,13,16.40230769230774,0.0,1.9399999999999973,100,100,0,13,0.3006756878632315,0.0,5,0.0,0.0,8
80,0,13,16.4638461538462,0.0,1.8299999999999976,100,100,0,13,0.2958284065138246,8.0,0,0.0,0.0,8
81,0,12,17.352500000000052,0.0,1.7299999999999975,100,100,0,12,0.21206118234644378,12.0,0,0.0,0.0,8
82,0,12,17.035833333333386,0.0,1.6299999999999975,100,100,0,12,0.2083394478957754,4.0,5,0.0,0.0,8
83,0,11,18.166363636363695,0.0,1.5299999999999974,100,100,0,11,0.14060132931173297,0.0,0,0.0,0.0,8
84,0,11,18.311818181818243,0.0,1.4299999999999982,100,100,0,11,0.13841939225447142,8.0,0,0.0,0.0,8
85,0,11,19.00272727272733,0.0,1.349999999999998,100,100,0,11,0.14627739384951233,16.0,0,0.0,0.0,8
86,0,11,18.875454545454605,0.0,1.2799999999999985,100,100,0,11,0.15514485995630345,4.0,0,0.0,0.0,8
87,0,11,18.020909090909154,0.0,1.2199999999999984,100,100,0,11,0.1854319821327841,0.0,0,0.0,0.0,8
88,0,11,18.43909090909097,0.0,1.1599999999999984,100,100,0,11,0.17631872638528434,8.0,5,0.0,0.0,8
89,0,11,19.130000000000063,0.0,1.0999999999999983,100,100,0,11,0.18504966021955016,16.0,0,0.0,0.0,8
90,0,11,19.548181818181884,0.0,1.0399999999999983,100,100,0,11,0.18109101055666654,12.0,0,0.0,0.0,8
91,0,11,19.148181818181882,0.0,0.9799999999999983,100,100,0,11,0.18487394957983172,0.0,0,0.0,0.0,8
92,0,11,19.29363636363643,0.0,0.9199999999999983,100,100,0,11,0.18433689008065834,8.0,0,0.0,0.0,8
93,0,11,19.439090909090975,0.0,0.8599999999999982,100,100,0,11,0.19061021287088709,8.0,0,0.0,0.0,8
94,0,11,19.584545454545523,0.0,0.7999999999999983,100,100,0,11,0.18215155313052533,8.0,0,0.0,0.0,8
95,0,11,19.275454545454615,0.0,0.7399999999999982,100,100,0,11,0.1999459767700107,4.0,5,0.0,0.0,8
96,0,11,18.875454545454616,0.0,0.6799999999999982,100,100,0,11,0.20418314046402442,0.0,0,0.0,0.0,8
97,0,11,19.566363636363707,0.0,0.6199999999999981,100,100,0,11,0.21486528153814266,16.0,0,0.0,0.0,8
98,0,11,19.711818181818252,0.0,0.5599999999999982,100,100,0,11,0.19567067623148393,8.0,0,0.0,0.0,8
99,0,11,19.130000000000074,0.0,0.4999999999999981,100,100,0,11,0.2248858398171707,4.0,0,0.0,0.0,8
100,0,11,19.002727272727345,0.0,1.1899999999999982,100,100,0,11,0.2290014917388976,0.0,5,0.0,0.0,8
101,0,11,18.96636363636371,0.0,1.109999999999998,100,100,0,11,0.261685541606933,12.0,0,0.0,0.0,8
102,0,11,18.930000000000074,0.0,1.0399999999999985,100,100,0,11,0.2421055388927451,12.0,0,0.0,0.0,8
103,0,11,18.80272727272735,0.0,0.9799999999999985,100,100,0,11,0.2542931612699051,4.0,0,0.0,0.0,8
104,0,11,18.948181818181894,0.0,0.9199999999999985,100,100,0,11,0.24449019291412366,8.0,0,0.0,0.0,8
105,0,11,19.366363636363715,0.0,0.8599999999999985,100,100,0,11,0.23921086658729185,12.0,0,0.0,0.0,8
106,0,11,19.784545454545533,0.0,0.7999999999999985,100,100,0,11,0.22778026090988424,12.0,0,0.0,0.0,8
107,0,11,19.384545454545535,0.0,0.7399999999999984,100,100,0,11,0.2324805054721102,0.0,0,0.0,0.0,8
108,0,11,19.53000000000008,0.0,2.1599999999999984,100,100,0,11,0.22705056429396575,4.0,5,0.0,0.0,8
109,0,11,19.926363636363718,0.0,2.0699999999999985,100,100,0,11,0.23502648179868824,11.760000000000002,0,0.0,0.0,8
110,0,11,20.344545454545536,0.0,1.9899999999999987,100,100,0,11,0.22658011366175224,12.0,0,0.0,0.0,8
111,0,11,20.21727272727281,0.0,4.829999999999998,100,100,0,11,0.22800649146258167,0.0,5,0.0,0.0,8
112,0,11,20.090000000000085,0.0,4.67,100,100,0,11,0.23523483168715953,4.0,0,0.0,0.0,8
113,0,11,19.5081818181819,0.0,4.529999999999999,100,100,0,11,0.25545119869179667,4.0,0,0.0,0.0,8
114,0,10,21.929000000000094,0.0,4.389999999999999,100,100,0,10,0.15467189566327644,12.0,0,0.0,0.0,8
115,0,10,22.029000000000096,0.0,4.249999999999999,100,100,0,10,0.15893594806845468,7.0,0,0.0,0.0,8
116,0,10,22.229000000000095,0.0,4.109999999999999,100,100,0,10,0.15864861217328663,8.0,0,0.0,0.0,8
117,0,10,22.041000000000096,0.0,3.969999999999999,100,100,0,10,0.1551925956172584,3.12,0,0.0,0.0,8
118,0,10,22.455500000000097,0.0,3.8299999999999987,100,100,0,10,0.15510899334238792,11.145,0,0.0,0.0,8
119,0,10,22.6555000000001,0.0,3.6899999999999986,100,100,0,10,0.16609873982035195,8.0,0,0.0,0.0,8
120,0,10,23.1555000000001,0.0,5.0299999999999985,100,100,0,10,0.155364816134395,8.0,5,0.0,0.0,8
121,0,10,22.755500000000104,0.0,4.849999999999998,100,100,0,10,0.15809584496055828,0.0,0,0.0,0.0,8
122,0,10,22.955500000000104,0.0,4.669999999999998,100,100,0,10,0.1671734442726136,8.0,0,0.0,0.0,8
123,0,10,22.949000000000105,0.0,4.489999999999998,100,100,0,10,0.17154995860386002,5.9350000000000005,0,0.0,0.0,8
124,0,10,23.101500000000108,0.0,4.309999999999998,100,100,0,10,0.17452329935285538,7.525,0,0.0,0.0,8
125,0,10,22.701500000000106,0.0,4.129999999999998,100,100,0,10,0.17759839658172316,0.0,0,0.0,0.0,8
126,0,10,23.04000000000011,0.0,3.9499999999999975,100,100,0,10,0.1623828124999993,10.385000000000002,0,0.0,0.0,8
127,0,10,23.54000000000011,0.0,3.7699999999999974,100,100,0,10,0.18227272727272648,12.0,0,0.0,0.0,8
128,0,10,23.440000000000108,0.0,3.589999999999997,100,100,0,10,0.19032849829351473,4.0,0,0.0,0.0,8
129,0,10,23.64000000000011,0.0,4.539999999999997,100,100,0,10,0.17682741116751233,4.0,5,0.0,0.0,8
130,0,10,23.02400000000011,0.0,3.2599999999999976,100,100,0,10,0.1814454482279355,3.8400000000000003,0,0.0,0.0,8
131,0,10,22.724000000000114,0.0,3.0999999999999974,100,100,0,10,0.19396233057560197,8.0,0,0.0,0.0,8
132,0,10,22.624000000000116,0.0,2.9399999999999977,100,100,0,10,0.19562411598302587,4.0,0,0.0,0.0,8
133,0,10,22.824000000000115,0.0,2.7799999999999976,100,100,0,10,0.18002103049421603,8.0,0,0.0,0.0,8
134,0,10,22.724000000000117,0.0,2.6199999999999974,100,100,0,10,0.18477380742826877,4.0,0,0.0,0.0,8
135,0,10,22.624000000000116,0.0,3.9599999999999973,100,100,0,10,0.18478606789250307,0.0,5,0.0,0.0,8
136,0,10,22.62400000000012,0.0,3.759999999999997,100,100,0,10,0.20222772277227619,12.0,0,0.0,0.0,8
137,0,10,23.12400000000012,0.0,3.5599999999999974,100,100,0,10,0.19655768898114467,12.0,0,0.0,0.0,8
138,0,10,23.02400000000012,0.0,3.3699999999999974,100,100,0,10,0.20132036136205644,4.0,0,0.0,0.0,8
139,0,10,22.924000000000124,0.0,3.1899999999999977,100,100,0,10,0.19188623276914973,4.0,0,0.0,0.0,8
140,0,10,23.124000000000123,0.0,3.0099999999999976,100,100,0,10,0.19136827538488066,8.0,0,0.0,0.0,8
141,0,10,23.592000000000123,0.0,2.8299999999999974,100,100,0,10,0.17730586639538748,7.6800000000000015,5,0.0,0.0,8
142,0,10,23.492000000000125,0.0,2.6499999999999972,100,100,0,10,0.1844457687723473,4.0,0,0.0,0.0,8
143,0,10,23.392000000000127,0.0,2.469999999999997,100,100,0,10,0.1751282489740078,4.0,0,0.0,0.0,8
144,0,10,23.392000000000127,0.0,2.289999999999997,100,100,0,10,0.1864911080711349,12.0,0,0.0,0.0,8
145,0,10,23.192000000000128,0.0,2.1199999999999974,100,100,0,10,0.19413590893411437,3.0,0,0.0,0.0,8
146,0,10,23.09200000000013,0.0,1.9699999999999978,100,100,0,10,0.2023124891737389,4.0,0,0.0,0.0,8
147,0,10,23.29200000000013,0.0,1.8299999999999976,100,100,0,10,0.1839859179117287,8.0,0,0.0,0.0,8
148,0,10,23.492000000000132,0.0,1.7099999999999984,100,100,0,10,0.1835433339009016,8.0,0,0.0,0.0,8
149,0,10,23.39200000000013,0.0,1.6099999999999983,100,100,0,10,0.18051043091655194,4.0,0,0.0,0.0,8
150,0,10,23.592000000000134,0.0,1.5099999999999985,100,100,0,10,0.18708036622583868,4.0,5,0.0,0.0,8
151,0,10,23.792000000000137,0.0,1.4099999999999984,100,100,0,10,0.16926698049764566,8.0,0,0.0,0.0,8
152,0,10,23.99200000000014,0.0,1.3099999999999983,100,100,0,10,0.1689563187729235,8.0,0,0.0,0.0,8
153,0,10,24.19200000000014,0.0,1.2099999999999982,100,100,0,10,0.16622023809523778,8.0,0,0.0,0.0,8
154,0,10,24.392000000000138,0.0,1.109999999999998,100,100,0,10,0.17961626762873006,8.0,0,0.0,0.0,8
155,0,10,24.59200000000014,0.0,1.0099999999999982,100,100,0,10,0.16244307091737098,8.0,0,0.0,0.0,8
156,0,10,24.492000000000143,0.0,0.9099999999999981,100,100,0,10,0.17413032827045516,4.0,0,0.0,0.0,8
157,0,10,23.892000000000145,0.0,0.8199999999999985,100,100,0,10,0.1661267369830901,4.0,0,0.0,0.0,8
158,0,10,23.492000000000143,0.0,0.7499999999999988,100,100,0,10,0.16895538906861862,0.0,0,0.0,0.0,8
159,0,10,23.692000000000146,0.0,0.6899999999999988,100,100,0,10,0.15718385953064273,8.0,0,0.0,0.0,8
160,0,10,23.392000000000145,0.0,0.6299999999999988,100,100,0,10,0.18650820793433565,8.0,0,0.0,0.0,8
161,0,10,23.29200000000015,0.0,0.5699999999999988,100,100,0,10,0.18913360810578683,4.0,0,0.0,0.0,8
162,0,10,23.39200000000015,0.0,0.5099999999999989,100,100,0,10,0.18364825581395317,7.0,0,0.0,0.0,8
163,0,10,24.19200000000015,0.0,0.44999999999999885,100,100,0,10,0.17266865079365035,16.0,0,0.0,0.0,8
164,0,10,24.392000000000152,0.0,0.3899999999999989,100,100,0,10,0.18296162676287242,8.0,0,0.0,0.0,8
165,0,10,23.79200000000015,0.0,0.3299999999999989,100,100,0,10,0.20508994620040277,4.0,0,0.0,0.0,8
166,0,10,23.692000000000156,0.0,0.2699999999999989,100,100,0,10,0.19962434577072363,4.0,0,0.0,0.0,8
167,0,10,23.892000000000156,0.0,0.21999999999999928,100,100,0,10,0.2004645906579603,8.0,0,0.0,0.0,8
168,0,10,24.392000000000156,0.0,0.17999999999999927,100,100,0,10,0.19781485733027182,12.0,0,0.0,0.0,8
169,0,10,24.59200000000016,0.0,0.13999999999999926,100,100,0,10,0.19795868575146347,8.0,0,0.0,0.0,8
170,0,10,24.492000000000157,0.0,0.09999999999999926,100,100,0,10,0.19372039849746803,4.0,0,0.0,0.0,8
171,0,10,24.89200000000016,0.0,0.059999999999999255,100,100,0,10,0.20205286839145042,11.0,0,0.0,0.0,8
172,0,10,25.69200000000016,0.0,1.4799999999999993,100,100,0,10,0.18897322123618188,12.0,5,0.0,0.0,8
173,0,10,25.89200000000016,0.0,1.42,100,100,0,10,0.18917812451722482,8.0,0,0.0,0.0,8
174,0,10,25.492000000000164,0.0,1.38,100,100,0,10,0.19214655578220574,0.0,0,0.0,0.0,8
175,0,10,25.392000000000163,0.0,1.3399999999999999,100,100,0,10,0.20353654694391876,4.0,0,0.0,0.0,8
176,0,10,24.992000000000168,0.0,1.2999999999999998,100,100,0,10,0.20679417413572265,0.0,0,0.0,0.0,8
177,0,10,24.592000000000166,0.0,1.2599999999999998,100,100,0,10,0.21015777488614118,0.0,0,0.0,0.0,8
178,0,10,24.492000000000168,0.0,1.2199999999999998,100,100,0,10,0.2003797158255749,0.0,5,0.0,0.0,8
179,0,10,24.69200000000017,0.0,1.1799999999999997,100,100,0,10,0.20549570711161413,8.0,0,0.0,0.0,8
180,0,10,25.19200000000017,0.0,1.1399999999999997,100,100,0,10,0.19888456652905617,12.0,0,0.0,0.0,8
181,0,10,25.392000000000174,0.0,1.0999999999999996,100,100,0,10,0.2103379017013225,8.0,0,0.0,0.0,8
182,0,10,24.49200000000017,0.0,1.0599999999999996,100,100,0,10,0.21674016005226115,0.0,0,0.0,0.0,8
183,0,10,25.292000000000172,0.0,1.0199999999999996,100,100,0,10,0.21129210817649757,12.0,5,0.0,0.0,8
184,0,10,25.492000000000175,0.0,0.9799999999999995,100,100,0,10,0.20577436058371168,8.0,0,0.0,0.0,8
185,0,10,25.99200000000018,0.0,0.9399999999999995,100,100,0,10,0.2142543859649113,12.0,0,0.0,0.0,8
186,0,10,25.592000000000176,0.0,0.8999999999999995,100,100,0,10,0.21760315723663526,0.0,0,0.0,0.0,8
187,0,10,25.29200000000018,0.0,0.8599999999999994,100,100,0,10,0.25016210659496974,8.0,0,0.0,0.0,8
188,0,10,25.192000000000178,0.0,0.8199999999999994,100,100,0,10,0.2523975865354069,4.0,0,0.0,0.0,8
189,0,10,25.692000000000178,0.0,0.7799999999999994,100,100,0,10,0.24865327728475695,12.0,0,0.0,0.0,8
190,0,10,25.59200000000018,0.0,0.7399999999999993,100,100,0,10,0.23948499531103384,4.0,0,0.0,0.0,8
191,0,10,25.624000000000184,0.0,0.6999999999999993,100,100,0,10,0.2379487980018724,6.320000000000002,0,0.0,0.0,8
192,0,10,26.124000000000184,0.0,0.6599999999999993,100,100,0,10,0.2534872148216192,12.0,0,0.0,0.0,8
193,0,10,26.624000000000184,0.0,0.6199999999999992,100,100,0,10,0.24985351562499925,12.0,0,0.0,0.0,8
194,0,10,26.824000000000183,0.0,0.5799999999999992,100,100,0,10,0.23009618252311292,4.0,5,0.0,0.0,8
195,0,10,26.424000000000188,0.0,0.5399999999999991,100,100,0,10,0.23357932182863972,0.0,0,0.0,0.0,8
196,0,10,26.924000000000188,0.0,0.49999999999999917,100,100,0,10,0.25041227157925916,12.0,0,0.0,0.0,8
197,0,10,26.52400000000019,0.0,0.4599999999999992,100,100,0,10,0.25418865932740076,0.0,0,0.0,0.0,8
198,0,10,26.72400000000019,0.0,0.4199999999999992,100,100,0,10,0.24131118096093318,8.0,0,0.0,0.0,8
199,0,10,26.624000000000187,0.0,0.3799999999999992,100,100,0,10,0.23658353365384532,4.0,0,0.0,0.0,8
200,0,10,26.824000000000193,0.0,0.33999999999999925,100,100,0,10,0.2527139874739026,8.0,0,0.0,0.0,8
201,0,10,26.624000000000194,0.0,0.29999999999999927,100,100,0,10,0.2536095252403836,3.0,0,0.0,0.0,8
202,0,10,27.724000000000196,0.0,0.2599999999999993,100,100,0,10,0.23340787765113147,16.0,5,0.0,0.0,8
203,0,10,27.324000000000193,0.0,0.21999999999999928,100,100,0,10,0.23682476943346398,0.0,0,0.0,0.0,8
204,0,10,27.224000000000196,0.0,0.17999999999999927,100,100,0,10,0.24761240082280223,4.0,0,0.0,0.0,8
205,0,10,26.8240000000002,0.0,0.13999999999999926,100,100,0,10,0.2513048016701449,0.0,0,0.0,0.0,8
206,0,10,27.9240000000002,0.0,0.09999999999999926,100,100,0,10,0.25167597765363015,20.0,0,0.0,0.0,8
207,0,10,27.5240000000002,0.0,0.059999999999999255,100,100,0,10,0.25533352710361745,0.0,0,0.0,0.0,8
208,0,10,27.4240000000002,0.0,0.019999999999999254,100,100,0,10,0.2661099766627759,4.0,0,0.0,0.0,8
209,0,10,27.8240000000002,0.0,0.0,100,100,0,10,0.24570514663599674,7.0,5,0.0,0.0,8
210,0,10,28.624000000000205,0.0,0.0,100,100,0,10,0.24571338736724302,16.0,0,0.0,0.0,8
211,0,10,28.224000000000206,0.0,0.0,100,100,0,10,0.2491957199546475,0.0,0,0.0,0.0,8
212,0,10,28.124000000000205,0.0,0.0,100,100,0,10,0.2532818944673576,4.0,0,0.0,0.0,8
213,0,10,27.024000000000207,0.0,0.0,100,100,0,10,0.2953744819419757,4.0,0,0.0,0.0,8
214,0,10,26.724000000000206,0.0,0.0,100,100,0,10,0.31328393953000866,8.0,0,0.0,0.0,8
215,0,10,26.624000000000212,0.0,2.23,100,100,0,10,0.32234825721153615,0.0,5,0.0,0.0,8
216,0,10,26.52400000000021,0.0,2.17,100,100,0,10,0.32879656160458226,4.0,0,0.0,0.0,8
217,0,10,26.72400000000021,0.0,2.11,100,100,0,10,0.32633587786259355,8.0,0,0.0,0.0,8
218,0,10,27.82400000000021,0.0,2.8,100,100,0,10,0.2972613571017808,16.0,5,0.0,0.0,8
219,0,10,27.72400000000021,0.0,2.7199999999999998,100,100,0,10,0.3019838407156239,4.0,0,0.0,0.0,8
220,0,10,27.624000000000212,0.0,2.6399999999999997,100,100,0,10,0.3081016507384866,4.0,0,0.0,0.0,8
221,0,10,27.82400000000022,0.0,2.5599999999999996,100,100,0,10,0.30373059229442023,8.0,0,0.0,0.0,8
222,0,10,28.924000000000216,0.0,2.4799999999999995,100,100,0,10,0.29321670584981163,20.0,0,0.0,0.0,8
223,0,10,28.82400000000022,0.0,2.3999999999999995,100,100,0,10,0.29774493477657327,4.0,0,0.0,0.0,8
224,0,10,28.724000000000217,0.0,2.3199999999999994,100,100,0,10,0.3036137028269026,4.0,0,0.0,0.0,8
225,0,10,28.80400000000022,0.0,2.2399999999999993,100,100,0,10,0.29985418691848165,2.8000000000000003,5,0.0,0.0,8
226,0,10,29.004000000000218,0.0,2.1599999999999993,100,100,0,10,0.30502344504206125,8.0,0,0.0,0.0,8
227,0,10,28.904000000000217,0.0,2.079999999999999,100,100,0,10,0.30957998892886596,4.0,0,0.0,0.0,8
228,0,10,28.504000000000218,0.0,1.9999999999999991,100,100,0,10,0.31392436149312153,0.0,0,0.0,0.0,8
229,0,10,28.10400000000022,0.0,1.919999999999999,100,100,0,10,0.31839239965840926,0.0,0,0.0,0.0,8
230,0,10,28.904000000000217,0.0,1.839999999999999,100,100,0,10,0.32372336008856695,16.0,0,0.0,0.0,8
231,0,10,29.404000000000217,0.0,1.759999999999999,100,100,0,10,0.31349816351516613,12.0,0,0.0,0.0,8
232,0,10,29.004000000000218,0.0,1.6799999999999988,100,100,0,10,0.3178216797683058,0.0,0,0.0,0.0,8
233,0,10,29.204000000000217,0.0,1.5999999999999988,100,100,0,10,0.31564511710724363,4.0,5,0.0,0.0,8
234,0,10,29.704000000000217,0.0,1.5199999999999987,100,100,0,10,0.32510436304874557,12.0,0,0.0,0.0,8
235,0,10,30.204000000000217,0.0,3.6899999999999986,100,100,0,10,0.31711362733412596,8.0,5,0.0,0.0,8
236,0,10,29.80400000000022,0.0,3.5499999999999985,100,100,0,10,0.32136961481680104,0.0,0,0.0,0.0,8
237,0,10,29.704000000000217,0.0,3.4099999999999984,100,100,0,10,0.3295212765957427,4.0,0,0.0,0.0,8
238,0,10,30.204000000000224,0.0,3.2699999999999982,100,100,0,10,0.33859422593033783,12.0,0,0.0,0.0,8
239,0,10,30.104000000000223,0.0,3.129999999999998,100,100,0,10,0.33517140579324756,4.0,0,0.0,0.0,8
240,0,10,29.704000000000224,0.0,2.989999999999998,100,100,0,10,0.33968489092377885,0.0,0,0.0,0.0,8
241,0,9,33.21611111111133,0.0,2.849999999999998,100,100,0,9,0.2669238674523913,7.760000000000002,0,0.0,0.0,8
242,0,9,33.482777777778,0.0,2.709999999999998,100,100,0,9,0.2736472223604898,8.0,0,0.0,0.0,8
243,0,9,33.30500000000022,0.0,2.569999999999998,100,100,0,9,0.2765906576145263,3.0,0,0.0,0.0,8
244,0,9,32.682777777778,0.0,2.429999999999998,100,100,0,9,0.2977216452203262,4.0,0,0.0,0.0,8
245,0,9,32.282777777778,0.0,2.289999999999998,100,100,0,9,0.30141056749671424,0.0,0,0.0,0.0,8
246,0,9,32.54944444444467,0.0,2.149999999999998,100,100,0,9,0.3063790889833302,8.0,0,0.0,0.0,8
247,0,9,32.816111111111326,0.0,2.009999999999998,100,100,0,9,0.3061466721592996,8.0,0,0.0,0.0,8
248,0,9,32.74944444444466,0.0,1.8699999999999979,100,100,0,9,0.3112935663784684,4.0,0,0.0,0.0,8
249,0,9,32.682777777778,0.0,1.7299999999999978,100,100,0,9,0.3085024203860136,4.0,0,0.0,0.0,8
250,0,9,32.937777777777995,0.0,1.5899999999999976,100,100,0,9,0.314873536334876,7.8950000000000005,0,0.0,0.0,8
251,0,9,33.537777777778,0.0,1.4499999999999977,100,100,0,9,0.31144903848985317,12.0,0,0.0,0.0,8
252,0,9,33.471111111111334,0.0,1.319999999999998,100,100,0,9,0.3164955222118928,4.0,0,0.0,0.0,8
253,0,9,33.404444444444664,0.0,1.2199999999999986,100,100,0,9,0.3149096741765698,4.0,0,0.0,0.0,8
254,0,9,33.337777777778,0.0,1.1399999999999986,100,100,0,9,0.3177613355256317,4.0,0,0.0,0.0,8
255,0,9,33.60444444444467,0.0,1.0599999999999985,100,100,0,9,0.3175616100163101,8.0,0,0.0,0.0,8
256,0,9,33.537777777778004,0.0,0.9899999999999989,100,100,0,9,0.3244544571075165,4.0,0,0.0,0.0,8
257,0,9,33.137777777778,0.0,0.9299999999999988,100,100,0,9,0.32837088698140016,0.0,0,0.0,0.0,8
258,0,9,32.73777777777801,0.0,0.8699999999999988,100,100,0,9,0.3323830210878791,0.0,0,0.0,0.0,8
259,0,9,32.782222222222444,0.0,0.8099999999999987,100,100,0,9,0.3384776452157128,12.0,0,0.0,0.0,8
260,0,9,33.04888888888912,0.0,0.7499999999999988,100,100,0,9,0.3443420895343954,8.0,0,0.0,0.0,8
261,0,9,32.87111111111133,0.0,0.6899999999999988,100,100,0,9,0.3447020912204777,3.0,0,0.0,0.0,8
262,0,9,32.80444444444467,0.0,0.6299999999999988,100,100,0,9,0.3454026103057375,4.0,0,0.0,0.0,8
263,0,8,36.48000000000024,0.0,0.5699999999999988,100,100,0,8,0.2674196477521913,0.0,0,0.0,0.0,8
264,0,8,36.83000000000024,0.0,0.5099999999999989,100,100,0,8,0.280151201466194,8.0,0,0.0,0.0,8
265,0,8,36.80500000000024,0.0,0.4499999999999989,100,100,0,8,0.27397347507131986,4.0,0,0.0,0.0,8
266,0,8,36.78000000000024,0.0,0.3899999999999989,100,100,0,8,0.27441884176182496,4.0,0,0.0,0.0,8
267,0,8,36.755000000000244,0.0,0.3299999999999989,100,100,0,8,0.2707794857842447,4.0,0,0.0,0.0,8
268,0,8,37.105000000000246,0.0,0.2699999999999989,100,100,0,8,0.2808583748820892,8.0,0,0.0,0.0,8
269,0,8,37.08000000000025,0.0,0.2099999999999989,100,100,0,8,0.2747269417475704,4.0,0,0.0,0.0,8
270,0,8,37.43000000000024,0.0,0.14999999999999888,100,100,0,8,0.27816507480630315,8.0,0,0.0,0.0,8
271,0,8,37.40500000000024,0.0,0.08999999999999889,100,100,0,8,0.27459146504477805,4.0,0,0.0,0.0,8
272,0,8,37.755000000000244,0.0,0.02999999999999888,100,100,0,8,0.284461495166201,8.0,0,0.0,0.0,8
273,0,8,37.730000000000246,0.0,0.0,100,100,0,8,0.27843807977736335,4.0,0,0.0,0.0,8
274,0,8,37.95500000000025,0.0,0.0,100,100,0,8,0.28280200237122677,7.0,0,0.0,0.0,8
275,0,8,37.92937500000025,0.0,0.0,100,100,0,8,0.279291693443404,3.995,0,0.0,0.0,8
276,0,8,38.27937500000024,0.0,0.0,100,100,0,8,0.28898354205103693,8.0,0,0.0,0.0,8
277,0,8,37.254375000000245,0.0,0.0,100,100,0,8,0.2983563172110637,0.0,0,0.0,0.0,8
278,0,8,37.604375000000246,0.0,0.0,100,100,0,8,0.28810020443099815,4.0,5,0.0,0.0,8
279,0,8,37.20437500000025,0.0,0.0,100,100,0,8,0.2911976918037169,0.0,0,0.0,0.0,8
280,0,8,37.55437500000025,0.0,0.0,100,100,0,8,0.2934765423469279,8.0,0,0.0,0.0,8
281,0,8,37.52937500000025,0.0,0.0,100,100,0,8,0.3024151914333746,4.0,0,0.0,0.0,8
282,0,8,37.129375000000245,0.0,0.0,100,100,0,8,0.30567315299543574,0.0,0,0.0,0.0,8
283,0,8,37.104375000000246,0.0,0.0,100,100,0,8,0.29956246736402137,4.0,0,0.0,0.0,8
284,0,8,38.07937500000025,0.0,0.0,100,100,0,8,0.2955852905936587,15.0,0,0.0,0.0,8
285,0,8,38.05437500000025,0.0,0.0,100,100,0,8,0.30440200699656494,4.0,0,0.0,0.0,8
286,0,8,37.65437500000025,0.0,0.0,100,100,0,8,0.30763564990787673,0.0,0,0.0,0.0,8
287,0,8,38.00437500000025,0.0,0.0,100,100,0,8,0.29986884733665264,8.0,0,0.0,0.0,8
288,0,8,38.354375000000246,0.0,0.0,100,100,0,8,0.3020210373653567,8.0,0,0.0,0.0,8
289,0,8,38.32937500000025,0.0,0.0,100,100,0,8,0.31077869453910756,4.0,0,0.0,0.0,8
290,0,8,37.30437500000025,0.0,0.0,100,100,0,8,0.32978915006617604,0.0,0,0.0,0.0,8
291,0,8,36.90437500000025,0.0,0.0,100,100,0,8,0.3333636763933785,0.0,0,0.0,0.0,8
292,0,8,37.62937500000025,0.0,0.0,100,100,0,8,0.32221128772401597,8.0,5,0.0,0.0,8
293,0,8,38.35437500000025,0.0,0.0,100,100,0,8,0.31489847963889117,12.0,0,0.0,0.0,8
294,0,8,38.329375000000255,0.0,0.0,100,100,0,8,0.32121863127170447,4.0,0,0.0,0.0,8
295,0,8,37.92937500000025,0.0,0.0,100,100,0,8,0.32460617595201335,0.0,0,0.0,0.0,8
296,0,8,37.90437500000025,0.0,0.0,100,100,0,8,0.3260569360397023,4.0,0,0.0,0.0,8
297,0,8,38.62937500000025,0.0,0.0,100,100,0,8,0.3187240118433159,12.0,0,0.0,0.0,8
298,0,8,38.60437500000025,0.0,0.0,100,100,0,8,0.32500161898748225,4.0,0,0.0,0.0,8
299,0,8,38.204375000000255,0.0,0.0,100,100,0,8,0.32840438758649726,0.0,0,0.0,0.0,8
300,0,8,38.179375000000256,0.0,0.0,100,100,0,8,0.32984718516214273,4.0,0,0.0,0.0,8
0,0,15,20.0,0.0,0.0,100,100,0,15,0.0,0.0,0,0.0,0.0,9
1,0,15,19.266666666666666,0.0,0.0,100,100,0,15,0.016147635524798254,0.0,0,0.0,0.0,9
2,0,15,17.86666666666667,0.0,0.0,100,100,0,15,0.054726368159204064,0.0,0,0.0,0.0,9
3,0,15,17.133333333333336,0.0,0.0,100,100,0,15,0.06485084306095978,0.0,0,0.0,0.0,9
4,0,15,16.933333333333337,0.0,0.0,100,100,0,15,0.060892388451443624,4.0,0,0.0,0.0,9
5,0,15,16.800000000000004,0.0,0.0,100,100,0,15,0.04920634920634903,12.0,0,0.0,0.0,9
6,0,15,16.600000000000005,0.0,0.0,100,100,0,15,0.04016064257028118,4.0,0,0.0,0.0,9
7,0,15,15.866666666666674,0.0,0.0,100,100,0,15,0.053221288515406195,0.0,0,0.0,0.0,9
8,0,15,15.866666666666674,0.0,0.0,100,100,0,15,0.045938375350140115,8.0,0,0.0,0.0,9
9,0,15,16.066666666666674,0.0,0.0,100,100,0,15,0.04370677731673567,12.0,0,0.0,0.0,9
10,0,15,16.266666666666676,0.0,0.0,100,100,0,15,0.036612021857923116,8.0,5,0.0,0.0,9
11,0,15,15.533333333333342,0.0,0.0,100,100,0,15,0.05092989985693852,0.0,0,0.0,0.0,9
12,0,15,15.533333333333342,0.0,0.0,100,100,0,15,0.05722460658082951,8.0,0,0.0,0.0,9
13,0,15,15.533333333333344,0.0,0.0,100,100,0,15,0.07153075822603716,4.0,5,0.0,0.0,9
14,0,15,15.933333333333344,0.0,1.5,100,100,0,15,0.06192468619246849,12.0,5,0.0,0.0,9
15,0,15,15.533333333333344,0.0,1.46,100,100,0,15,0.06351931330472071,0.0,0,0.0,0.0,9
16,0,15,15.533333333333344,0.0,2.15,100,100,0,15,0.06580829756795414,4.0,5,0.0,0.0,9
17,0,15,14.800000000000011,0.0,2.09,100,100,0,15,0.07747747747747757,0.0,0,0.0,0.0,9
18,0,15,14.800000000000013,0.0,2.03,100,100,0,15,0.07387387387387379,8.0,0,0.0,0.0,9
19,0,15,14.400000000000013,0.0,1.9699999999999998,100,100,0,15,0.07592592592592573,0.0,0,0.0,0.0,9
20,0,15,14.400000000000013,0.0,1.9099999999999997,100,100,0,15,0.07901234567901239,8.0,0,0.0,0.0,9
21,0,15,14.200000000000014,0.0,3.3299999999999996,100,100,0,15,0.09139280125195604,0.0,5,0.0,0.0,9
22,0,15,14.200000000000014,0.0,3.9799999999999995,100,100,0,15,0.11142410015649418,11.0,5,0.0,0.0,9
23,0,15,13.000000000000012,0.0,5.34,100,100,0,15,0.16410256410256396,0.0,5,0.0,0.0,9
24,0,15,12.800000000000013,0.0,5.18,100,100,0,15,0.16597222222222197,4.0,0,0.0,0.0,9
25,0,15,12.600000000000014,0.0,5.02,100,100,0,15,0.1608465608465608,4.0,0,0.0,0.0,9
26,0,15,13.000000000000012,0.0,4.859999999999999,100,100,0,15,0.13948717948717948,16.0,0,0.0,0.0,9
27,0,15,12.800000000000013,0.0,5.449999999999999,100,100,0,15,0.15555555555555545,0.0,5,0.0,0.0,9
28,0,15,12.973333333333349,0.0,6.019999999999999,100,100,0,15,0.16827680712572812,7.6000000000000005,5,0.0,0.0,9
29,0,15,12.973333333333349,0.0,5.8199999999999985,100,100,0,15,0.16211031175059953,4.0,5,0.0,0.0,9
30,0,15,13.296333333333347,0.0,5.619999999999998,100,100,0,15,0.1518179615098565,21.845000000000002,0,0.0,0.0,9
31,0,15,12.896333333333349,0.0,5.419999999999998,100,100,0,15,0.15652683363919095,0.0,0,0.0,0.0,9
32,0,15,12.696333333333348,0.0,5.219999999999998,100,100,0,15,0.16680231387889766,4.0,0,0.0,0.0,9
33,0,15,12.428000000000015,0.0,5.019999999999998,100,100,0,15,0.17332188963988138,3.9750000000000005,0,0.0,0.0,9
34,0,15,12.628000000000014,0.0,5.549999999999997,100,100,0,15,0.15648470770421974,8.0,5,0.0,0.0,9
35,0,15,12.228000000000014,0.0,5.329999999999997,100,100,0,15,0.1616036055682768,0.0,0,0.0,0.0,9
36,0,15,12.028000000000015,0.0,5.109999999999998,100,100,0,15,0.17907105642389998,4.0,0,0.0,0.0,9
37,0,15,11.494666666666681,0.0,5.639999999999997,100,100,0,15,0.21157638325020311,0.0,5,0.0,0.0,9
38,0,15,11.228000000000014,0.0,5.399999999999997,100,100,0,15,0.2165340616712188,8.0,10,0.0,0.0,9
39,0,15,11.028000000000015,0.0,5.159999999999997,100,100,0,15,0.23577560149921406,4.0,0,0.0,0.0,9
40,0,15,11.228000000000014,0.0,4.919999999999996,100,100,0,15,0.24515694889759732,12.0,0,0.0,0.0,9
41,0,15,11.228000000000014,0.0,4.679999999999996,100,100,0,15,0.23551834698966867,8.0,0,0.0,0.0,9
42,0,15,11.208000000000016,0.0,4.439999999999996,100,100,0,15,0.23526449361567137,7.7,0,0.0,0.0,9
43,0,15,11.378666666666682,0.0,4.199999999999996,100,100,0,15,0.25605421451449106,7.5600000000000005,5,0.0,0.0,9
44,0,15,11.04533333333335,0.0,3.959999999999996,100,100,0,15,0.24308305166586175,8.0,0,0.0,0.0,9
45,0,15,11.245333333333349,0.0,3.7199999999999958,100,100,0,15,0.23325033594182298,8.0,5,0.0,0.0,9
46,0,15,11.045333333333348,0.0,3.479999999999996,100,100,0,15,0.24106711733462105,4.0,0,0.0,0.0,9
47,0,15,10.845333333333347,0.0,3.2399999999999958,100,100,0,15,0.25219654126710944,4.0,0,0.0,0.0,9
48,0,15,10.845333333333347,0.0,5.229999999999996,100,100,0,15,0.27815752807146943,4.0,5,0.0,0.0,9
49,0,15,10.650666666666682,0.0,4.929999999999995,100,100,0,15,0.28160991487230835,5.080000000000002,0,0.0,0.0,9
50,0,15,10.450666666666681,0.0,4.6299999999999955,100,100,0,15,0.2962830654078423,4.0,0,0.0,0.0,9
51,0,13,12.273846153846169,0.0,4.329999999999996,100,100,0,13,0.20540139229033727,7.0,5,0.0,0.0,9
52,0,13,12.258461538461555,0.0,4.049999999999996,100,100,0,13,0.19834626969416136,8.0,0,0.0,0.0,9
53,0,13,12.320000000000014,0.0,5.259999999999996,100,100,0,13,0.20376738645969428,4.0,5,0.0,0.0,9
54,0,13,11.920000000000016,0.0,4.979999999999996,100,100,0,13,0.21060521822008682,0.0,0,0.0,0.0,9
55,0,13,11.520000000000014,0.0,4.699999999999996,100,100,0,13,0.2179178994082842,0.0,0,0.0,0.0,9
56,0,13,11.565000000000015,0.0,4.419999999999996,100,100,0,13,0.22706237192917844,7.785000000000002,0,0.0,0.0,9
57,0,13,11.556153846153864,0.0,4.139999999999996,100,100,0,13,0.2513632942308974,7.085,0,0.0,0.0,9
58,0,12,12.602500000000015,0.0,3.869999999999996,100,100,0,12,0.20536048843924326,0.0,10,0.0,0.0,9
59,0,12,11.858750000000017,0.0,3.6199999999999966,100,100,0,12,0.24691390557839377,8.875,0,0.0,0.0,9
60,0,12,11.04208333333335,0.0,3.3999999999999972,100,100,0,12,0.2517043382010744,0.0,0,0.0,0.0,9
61,0,12,10.725416666666684,0.0,3.2099999999999973,100,100,0,12,0.2510035870142313,8.0,0,0.0,0.0,9
62,0,12,10.825416666666683,0.0,3.029999999999997,100,100,0,12,0.22496888752036726,8.0,0,0.0,0.0,9
63,0,11,11.482272727272745,0.0,2.8499999999999974,100,100,0,11,0.1893612503643778,8.0,0,0.0,0.0,9
64,0,11,11.355000000000018,0.0,2.6699999999999973,100,100,0,11,0.200093889537867,4.0,0,0.0,0.0,9
65,0,11,11.769545454545472,0.0,3.2499999999999973,100,100,0,11,0.22364766890314325,7.96,5,0.0,0.0,9
66,0,11,12.18772727272729,0.0,3.079999999999998,100,100,0,11,0.18501201927152033,12.0,0,0.0,0.0,9
67,0,11,12.060454545454563,0.0,2.9199999999999977,100,100,0,11,0.19315226664565266,4.0,0,0.0,0.0,9
68,0,11,11.478636363636381,0.0,2.7599999999999976,100,100,0,11,0.22483017319274445,4.0,0,0.0,0.0,9
69,0,11,10.8968181818182,0.0,2.5999999999999974,100,100,0,11,0.25496107363207887,4.0,0,0.0,0.0,9
70,0,11,11.042272727272744,0.0,2.4399999999999973,100,100,0,11,0.2599476841439552,8.0,0,0.0,0.0,9
71,0,11,11.349090909090926,0.0,1.6599999999999977,100,100,0,11,0.2587093297602754,6.775000000000002,5,0.0,0.0,9
72,0,11,12.040000000000019,0.0,2.999999999999998,100,100,0,11,0.22589989291892065,8.0,10,0.0,0.0,9
73,0,11,11.91272727272729,0.0,2.8399999999999976,100,100,0,11,0.24912587412587484,4.0,0,0.0,0.0,9
74,0,10,12.969000000000017,0.0,2.6799999999999975,100,100,0,10,0.18736217133163735,4.0,0,0.0,0.0,9
75,0,10,11.869000000000018,0.0,2.529999999999998,100,100,0,10,0.2606116774791474,4.0,0,0.0,0.0,9
76,0,10,12.069000000000019,0.0,2.389999999999998,100,100,0,10,0.2696163725246501,8.0,0,0.0,0.0,9
77,0,10,11.669000000000018,0.0,2.249999999999998,100,100,0,10,0.2788585140114834,0.0,0,0.0,0.0,9
78,0,10,12.034500000000019,0.0,2.1099999999999977,100,100,0,10,0.257405791682247,11.655,0,0.0,0.0,9
79,0,10,12.412000000000019,0.0,1.9699999999999978,100,100,0,10,0.266790203029327,10.775,0,0.0,0.0,9
80,0,10,12.61200000000002,0.0,2.579999999999998,100,100,0,10,0.2637805264827153,4.0,5,0.0,0.0,9
81,0,10,12.212000000000021,0.0,2.4199999999999977,100,100,0,10,0.27242056993121544,0.0,0,0.0,0.0,9
82,0,10,11.31200000000002,0.0,2.2599999999999976,100,100,0,10,0.29914250353606797,0.0,0,0.0,0.0,9
83,0,10,11.45600000000002,0.0,2.099999999999998,100,100,0,10,0.31885474860335217,7.440000000000001,0,0.0,0.0,9
84,0,9,12.967222222222244,0.0,1.9399999999999977,100,100,0,9,0.2639704097225197,4.0,5,0.0,0.0,9
85,0,9,12.900555555555577,0.0,1.789999999999998,100,100,0,9,0.2523960591227292,4.0,0,0.0,0.0,9
86,0,9,12.83388888888891,0.0,1.6699999999999986,100,100,0,9,0.26449071468767626,4.0,0,0.0,0.0,9
87,0,8,15.124375000000025,0.0,1.5699999999999985,100,100,0,8,0.16445410967395402,11.995000000000001,0,0.0,0.0,9
88,0,8,15.474375000000027,0.0,1.4699999999999984,100,100,0,8,0.15702875721959697,8.0,0,0.0,0.0,9
89,0,8,15.799375000000026,0.0,1.3699999999999986,100,100,0,8,0.15328434669092972,3.8,5,0.0,0.0,9
90,0,8,15.774375000000028,0.0,1.2899999999999991,100,100,0,8,0.16165953484686457,4.0,0,0.0,0.0,9
91,0,8,15.749375000000027,0.0,1.229999999999999,100,100,0,8,0.1432447716179217,4.0,0,0.0,0.0,9
92,0,8,15.724375000000029,0.0,1.169999999999999,100,100,0,8,0.14128641837910938,4.0,0,0.0,0.0,9
93,0,8,15.324375000000028,0.0,1.109999999999999,100,100,0,8,0.14497430564052416,0.0,0,0.0,0.0,9
94,0,8,16.42437500000003,0.0,4.009999999999999,100,100,0,8,0.1588863731496637,8.0,10,0.0,0.0,9
95,0,8,16.774375000000028,0.0,3.419999999999999,100,100,0,8,0.1525066135101909,4.0,5,0.0,0.0,9
96,0,8,16.12437500000003,0.0,3.299999999999999,100,100,0,8,0.16632912128377142,4.0,0,0.0,0.0,9
97,0,8,16.09125000000003,0.0,3.179999999999999,100,100,0,8,0.15124679561873755,3.9349999999999996,0,0.0,0.0,9
98,0,8,16.308125000000032,0.0,3.0599999999999987,100,100,0,8,0.17582780822442845,6.9350000000000005,0,0.0,0.0,9
99,0,8,16.65812500000003,0.0,2.9399999999999986,100,100,0,8,0.1514041571305298,4.0,5,0.0,0.0,9
100,0,8,16.25812500000003,0.0,2.819999999999999,100,100,0,8,0.15512916618613826,0.0,0,0.0,0.0,9
101,0,8,15.858125000000033,0.0,2.699999999999999,100,100,0,8,0.15904209198754615,0.0,0,0.0,0.0,9
102,0,8,15.833125000000033,0.0,2.5799999999999987,100,100,0,8,0.1740960407373786,4.0,0,0.0,0.0,9
103,0,8,16.558125000000032,0.0,2.4599999999999986,100,100,0,8,0.15941475106631997,8.0,5,0.0,0.0,9
104,0,8,16.783125000000034,0.0,2.3399999999999985,100,100,0,8,0.17757326928090023,7.0,0,0.0,0.0,9
105,0,8,16.383125000000035,0.0,2.2199999999999984,100,100,0,8,0.18190878571701097,0.0,0,0.0,0.0,9
106,0,8,16.733125000000033,0.0,2.0999999999999983,100,100,0,8,0.18340772419975404,4.0,5,0.0,0.0,9
107,0,8,16.648750000000035,0.0,1.9799999999999982,100,100,0,8,0.18257752083489787,3.525000000000001,0,0.0,0.0,9
108,0,8,16.623750000000033,0.0,1.8599999999999983,100,100,0,8,0.20259042033235652,4.0,0,0.0,0.0,9
109,0,8,16.223750000000035,0.0,1.759999999999999,100,100,0,8,0.20758533014870229,0.0,0,0.0,0.0,9
110,0,8,16.198750000000036,0.0,1.6799999999999988,100,100,0,8,0.22237441160583415,4.0,0,0.0,0.0,9
111,0,8,15.798750000000036,0.0,1.5999999999999988,100,100,0,8,0.22800458897064724,0.0,0,0.0,0.0,9
112,0,8,16.398750000000035,0.0,2.2699999999999987,100,100,0,8,0.22857115633813607,7.0,5,0.0,0.0,9
113,0,8,16.748750000000037,0.0,2.8999999999999986,100,100,0,8,0.22841256810209787,4.0,5,0.0,0.0,9
114,0,8,16.098750000000038,0.0,2.7799999999999985,100,100,0,8,0.2680817610062898,4.0,0,0.0,0.0,9
115,0,8,15.698750000000036,0.0,2.6599999999999984,100,100,0,8,0.27491241340871153,0.0,0,0.0,0.0,9
116,0,8,15.298750000000037,0.0,2.5399999999999983,100,100,0,8,0.28210025328866783,0.0,0,0.0,0.0,9
117,0,8,15.568750000000037,0.0,2.419999999999998,100,100,0,8,0.2628462464873551,7.360000000000001,0,0.0,0.0,9
118,0,8,16.29375000000004,0.0,2.299999999999998,100,100,0,8,0.29430379746835467,8.0,5,0.0,0.0,9
119,0,8,16.26875000000004,0.0,2.179999999999998,100,100,0,8,0.28411448328851385,0.0,5,0.0,0.0,9
120,0,8,15.868750000000038,0.0,2.0599999999999983,100,100,0,8,0.2912760929499809,0.0,0,0.0,0.0,9
121,0,8,16.21875000000004,0.0,1.9399999999999982,100,100,0,8,0.27449903660886377,8.0,0,0.0,0.0,9
122,0,8,16.56875000000004,0.0,1.819999999999998,100,100,0,8,0.30264994341757867,8.0,0,0.0,0.0,9
123,0,8,16.54375000000004,0.0,1.6999999999999982,100,100,0,8,0.3116074801662265,0.0,5,0.0,0.0,9
124,0,8,16.14375000000004,0.0,1.579999999999998,100,100,0,8,0.319328300425862,0.0,0,0.0,0.0,9
125,0,8,16.04812500000004,0.0,1.4599999999999982,100,100,0,8,0.31869474627098215,3.4350000000000005,0,0.0,0.0,9
126,0,8,16.77312500000004,0.0,1.339999999999998,100,100,0,8,0.3279753698252419,8.0,5,0.0,0.0,9
127,0,8,16.74812500000004,0.0,1.219999999999998,100,100,0,8,0.31868772623801256,4.0,0,0.0,0.0,9
128,0,8,16.348125000000042,0.0,1.0999999999999979,100,100,0,8,0.326485262071339,0.0,0,0.0,0.0,9
129,0,7,18.660000000000046,0.0,0.9799999999999979,100,100,0,7,0.24031541877201112,0.0,5,0.0,0.0,9
130,0,7,19.117142857142902,0.0,0.8599999999999979,100,100,0,7,0.2665947861733253,8.0,0,0.0,0.0,9
131,0,7,20.002857142857188,0.0,1.4899999999999987,100,100,0,7,0.23642540861509675,8.0,5,0.0,0.0,9
132,0,7,19.602857142857186,0.0,1.4099999999999993,100,100,0,7,0.24124971370270987,0.0,0,0.0,0.0,9
133,0,7,19.20285714285719,0.0,1.3499999999999992,100,100,0,7,0.2462750015941515,0.0,0,0.0,0.0,9
134,0,7,19.642142857142904,0.0,1.2899999999999991,100,100,0,7,0.26492391931135284,3.875000000000001,5,0.0,0.0,9
135,0,7,20.099285714285763,0.0,1.229999999999999,100,100,0,7,0.24062181111116865,4.0,5,0.0,0.0,9
136,0,7,19.69928571428576,0.0,1.169999999999999,100,100,0,7,0.2455077103178931,0.0,0,0.0,0.0,9
137,0,7,19.299285714285762,0.0,1.109999999999999,100,100,0,7,0.2505961413396933,0.0,0,0.0,0.0,9
138,0,7,18.89928571428576,0.0,1.049999999999999,100,100,0,7,0.25589996382543445,0.0,0,0.0,0.0,9
139,0,7,19.642142857142908,0.0,0.9899999999999991,100,100,0,7,0.2313330874369468,11.0,0,0.0,0.0,9
140,0,7,20.52785714285719,0.0,1.679999999999999,100,100,0,7,0.2571418629736604,8.0,5,0.0,0.0,9
141,0,7,20.12785714285719,0.0,1.599999999999999,100,100,0,7,0.2622520316547794,0.0,0,0.0,0.0,9
142,0,7,20.15642857142862,0.0,1.5199999999999991,100,100,0,7,0.24438448259278323,0.0,5,0.0,0.0,9
143,0,7,20.57714285714291,0.0,1.439999999999999,100,100,0,7,0.23394295235450602,7.745000000000001,0,0.0,0.0,9
144,0,7,21.034285714285765,0.0,1.359999999999999,100,100,0,7,0.2579656149338312,8.0,0,0.0,0.0,9
145,0,7,21.062857142857194,0.0,0.629999999999999,100,100,0,7,0.2634291915355409,0.0,5,0.0,0.0,9
146,0,7,20.6628571428572,0.0,0.569999999999999,100,100,0,7,0.2685287610619478,0.0,0,0.0,0.0,9
147,0,7,20.977142857142912,0.0,0.5099999999999989,100,100,0,7,0.2560221037475201,7.0,0,0.0,0.0,9
148,0,7,21.43428571428577,0.0,0.44999999999999896,100,100,0,7,0.2791255665155967,8.0,0,0.0,0.0,9
149,0,7,21.462857142857196,0.0,0.3899999999999989,100,100,0,7,0.26422485927278383,0.0,5,0.0,0.0,9
150,0,7,21.0628571428572,0.0,0.34999999999999964,100,100,0,7,0.2692426943647792,0.0,0,0.0,0.0,9
151,0,7,21.520000000000056,0.0,1.0799999999999996,100,100,0,7,0.25783324482209347,4.0,5,0.0,0.0,9
152,0,7,21.548571428571485,0.0,1.0399999999999996,100,100,0,7,0.27453877334545695,4.0,0,0.0,0.0,9
153,0,7,21.577142857142913,0.0,0.9999999999999996,100,100,0,7,0.2798501815980641,0.0,5,0.0,0.0,9
154,0,7,20.4628571428572,0.0,0.9599999999999995,100,100,0,7,0.3094506721985093,0.0,0,0.0,0.0,9
155,0,7,20.777142857142916,0.0,0.9199999999999995,100,100,0,7,0.2981691026245492,7.0,0,0.0,0.0,9
156,0,7,20.805714285714345,0.0,0.8799999999999994,100,100,0,7,0.315415702122652,4.0,0,0.0,0.0,9
157,0,7,21.691428571428634,0.0,0.8399999999999995,100,100,0,7,0.2911335240102373,8.0,5,0.0,0.0,9
158,0,7,21.291428571428632,0.0,0.7999999999999995,100,100,0,7,0.29660302124070337,0.0,0,0.0,0.0,9
159,0,7,21.32000000000006,0.0,1.4899999999999995,100,100,0,7,0.3019489221579825,0.0,5,0.0,0.0,9
160,0,7,21.34857142857149,0.0,1.4299999999999995,100,100,0,7,0.3187519118996649,4.0,0,0.0,0.0,9
161,0,7,21.062857142857208,0.0,1.3699999999999994,100,100,0,7,0.3503216804898852,7.8,0,0.0,0.0,9
162,0,7,20.662857142857206,0.0,1.3099999999999994,100,100,0,7,0.35710335018963457,0.0,0,0.0,0.0,9
163,0,7,20.262857142857207,0.0,1.2499999999999993,100,100,0,7,0.3714446861654994,7.0,0,0.0,0.0,9
164,0,7,20.720000000000063,0.0,1.1899999999999993,100,100,0,7,0.3671499487826029,8.0,0,0.0,0.0,9
165,0,7,20.320000000000068,0.0,1.1299999999999992,100,100,0,7,0.37437730997911056,0.0,0,0.0,0.0,9
166,0,7,21.20571428571435,0.0,2.5699999999999994,100,100,0,7,0.3607036994264168,4.0,10,0.0,0.0,9
167,0,7,20.80571428571435,0.0,2.4699999999999993,100,100,0,7,0.3676384038921814,0.0,0,0.0,0.0,9
168,0,7,20.83428571428578,0.0,2.3799999999999994,100,100,0,7,0.3540866703236436,4.0,0,0.0,0.0,9
169,0,7,20.43428571428578,0.0,2.2999999999999994,100,100,0,7,0.3610178970917237,0.0,0,0.0,0.0,9
170,0,7,20.89142857142864,0.0,2.2199999999999993,100,100,0,7,0.3578071272272596,8.0,0,0.0,0.0,9
171,0,7,21.348571428571496,0.0,2.8899999999999992,100,100,0,7,0.36735240134597835,4.0,5,0.0,0.0,9
172,0,7,20.9485714285715,0.0,1.4299999999999993,100,100,0,7,0.3743667679837901,0.0,0,0.0,0.0,9
173,0,7,20.977142857142926,0.0,1.3699999999999992,100,100,0,7,0.3646340039693363,4.0,0,0.0,0.0,9
174,0,7,21.862857142857216,0.0,1.3099999999999992,100,100,0,7,0.35803898140542256,12.0,0,0.0,0.0,9
175,0,7,21.65714285714293,0.0,1.2499999999999991,100,100,0,7,0.366566151526575,2.3600000000000003,0,0.0,0.0,9
176,0,7,21.685714285714358,0.0,1.189999999999999,100,100,0,7,0.3717297195558076,0.0,5,0.0,0.0,9
177,0,7,22.142857142857217,0.0,1.129999999999999,100,100,0,7,0.3393917050691255,8.0,0,0.0,0.0,9
178,0,7,23.028571428571503,0.0,1.069999999999999,100,100,0,7,0.3341013824884802,12.0,0,0.0,0.0,9
179,0,7,22.6285714285715,0.0,1.009999999999999,100,100,0,7,0.3400072150072162,0.0,0,0.0,0.0,9
180,0,7,22.228571428571506,0.0,0.949999999999999,100,100,0,7,0.34612559676827126,0.0,0,0.0,0.0,9
181,0,7,21.971428571428646,0.0,0.889999999999999,100,100,0,7,0.3176760170908428,8.0,0,0.0,0.0,9
182,0,7,22.428571428571505,0.0,0.829999999999999,100,100,0,7,0.3082529572338497,8.0,0,0.0,0.0,9
183,0,7,22.028571428571503,0.0,0.7699999999999989,100,100,0,7,0.3138502871965918,0.0,0,0.0,0.0,9
184,0,7,22.903571428571503,0.0,0.7099999999999989,100,100,0,7,0.3283241629725344,11.925,0,0.0,0.0,9
185,0,7,23.360714285714362,0.0,0.6499999999999989,100,100,0,7,0.29852141437526036,8.0,0,0.0,0.0,9
186,0,7,22.960714285714367,0.0,0.5899999999999989,100,100,0,7,0.3037219740906172,0.0,0,0.0,0.0,9
187,0,7,22.989285714285792,0.0,0.5299999999999989,100,100,0,7,0.2951419250316265,4.0,0,0.0,0.0,9
188,0,7,23.44642857142865,0.0,0.46999999999999886,100,100,0,7,0.30873680774670986,8.0,0,0.0,0.0,9
189,0,7,23.47500000000008,0.0,0.41999999999999926,100,100,0,7,0.30074547390841455,4.0,0,0.0,0.0,9
190,0,7,23.07500000000008,0.0,0.3799999999999992,100,100,0,7,0.3059588299024931,0.0,0,0.0,0.0,9
191,0,7,23.102857142857225,0.0,0.3399999999999992,100,100,0,7,0.2974364863432404,3.995,0,0.0,0.0,9
192,0,7,23.48500000000008,0.0,0.2999999999999992,100,100,0,7,0.3125399190972977,7.475000000000001,0,0.0,0.0,9
193,0,7,23.730714285714367,0.0,0.25999999999999923,100,100,0,7,0.30765261587282633,6.520000000000001,0,0.0,0.0,9
194,0,7,23.7592857142858,0.0,0.21999999999999925,100,100,0,7,0.3072826521102394,4.0,0,0.0,0.0,9
195,0,7,23.3592857142858,0.0,0.17999999999999924,100,100,0,7,0.3125445022518698,0.0,0,0.0,0.0,9
196,0,7,23.38785714285723,0.0,0.14999999999999963,100,100,0,7,0.3069271076478739,4.0,0,0.0,0.0,9
197,0,7,22.98785714285723,0.0,0.12999999999999964,100,100,0,7,0.31226779000448457,0.0,0,0.0,0.0,9
198,0,7,23.1592857142858,0.0,0.10999999999999964,100,100,0,7,0.31772859654301944,12.0,0,0.0,0.0,9
199,0,7,23.187857142857233,0.0,0.8399999999999996,100,100,0,7,0.30149488868646146,0.0,5,0.0,0.0,9
200,0,7,23.216428571428658,0.0,0.7999999999999996,100,100,0,7,0.29989319667195624,4.0,0,0.0,0.0,9
201,0,7,23.24500000000009,0.0,0.7599999999999996,100,100,0,7,0.29548597240574104,4.0,0,0.0,0.0,9
202,0,7,23.970714285714376,0.0,0.7199999999999995,100,100,0,7,0.29975352577337255,11.88,0,0.0,0.0,9
203,0,7,22.856428571428662,0.0,0.6799999999999996,100,100,0,7,0.3411535181903016,0.0,0,0.0,0.0,9
204,0,7,22.17071428571438,0.0,0.6499999999999999,100,100,0,7,0.35593009715887436,4.0,0,0.0,0.0,9
205,0,7,22.19928571428581,0.0,0.6299999999999999,100,100,0,7,0.35675904262409697,4.0,0,0.0,0.0,9
206,0,7,22.656428571428666,0.0,0.6099999999999999,100,100,0,7,0.32794224281976225,8.0,0,0.0,0.0,9
207,0,7,22.685000000000095,0.0,0.5899999999999999,100,100,0,7,0.3167336143185522,4.0,0,0.0,0.0,9
208,0,7,22.713571428571523,0.0,0.5699999999999998,100,100,0,7,0.33250821005153,4.0,0,0.0,0.0,9
209,0,7,22.742142857142955,0.0,0.5499999999999998,100,100,0,7,0.3362183844611062,4.0,0,0.0,0.0,9
210,0,7,22.056428571428672,0.0,0.5299999999999998,100,100,0,7,0.3565437444772912,4.0,0,0.0,0.0,9
211,0,7,22.085000000000097,0.0,0.5099999999999998,100,100,0,7,0.35053804179584414,4.0,0,0.0,0.0,9
212,0,7,22.11357142857153,0.0,0.48999999999999977,100,100,0,7,0.36669696787917627,4.0,0,0.0,0.0,9
213,0,7,22.570714285714384,0.0,0.46999999999999975,100,100,0,7,0.3538448323409873,8.0,0,0.0,0.0,9
214,0,7,21.45642857142867,0.0,0.44999999999999973,100,100,0,7,0.35319798547602343,0.0,0,0.0,0.0,9
215,0,7,21.485000000000102,0.0,0.4299999999999997,100,100,0,7,0.3517499156981849,4.0,0,0.0,0.0,9
216,0,7,21.0850000000001,0.0,0.4099999999999997,100,100,0,7,0.35842290437635804,0.0,0,0.0,0.0,9
217,0,7,21.54214285714296,0.0,0.3899999999999997,100,100,0,7,0.3509589651039968,8.0,0,0.0,0.0,9
218,0,7,22.285000000000107,0.0,0.36999999999999966,100,100,0,7,0.3574381962791848,11.0,0,0.0,0.0,9
219,0,7,22.31357142857153,0.0,0.34999999999999964,100,100,0,7,0.3569805142838849,4.0,0,0.0,0.0,9
220,0,6,25.605833333333464,0.0,0.3299999999999996,100,100,0,6,0.25518816241958686,0.0,0,0.0,0.0,9
221,0,6,26.205833333333462,0.0,0.3099999999999996,100,100,0,6,0.24526451913802072,8.0,0,0.0,0.0,9
222,0,6,26.805833333333467,0.0,0.2899999999999996,100,100,0,6,0.2584273738095979,8.0,0,0.0,0.0,9
223,0,6,26.905833333333465,0.0,0.2699999999999996,100,100,0,6,0.25436966374495396,4.0,0,0.0,0.0,9
224,0,6,26.50583333333347,0.0,0.24999999999999958,100,100,0,6,0.2582083608430008,0.0,0,0.0,0.0,9
225,0,6,27.105833333333468,0.0,0.2299999999999996,100,100,0,6,0.2524928008526246,8.0,0,0.0,0.0,9
226,0,6,27.20583333333347,0.0,0.2099999999999996,100,100,0,6,0.25462778611613124,4.0,0,0.0,0.0,9
227,0,6,27.30583333333347,0.0,0.1899999999999996,100,100,0,6,0.2506434319081188,4.0,0,0.0,0.0,9
228,0,6,27.405833333333472,0.0,0.16999999999999962,100,100,0,6,0.2649324454445019,4.0,0,0.0,0.0,9
229,0,6,28.005833333333474,0.0,0.14999999999999963,100,100,0,6,0.25925650410132794,8.0,0,0.0,0.0,9
230,0,6,28.105833333333475,0.0,0.12999999999999964,100,100,0,6,0.2612990581235606,4.0,0,0.0,0.0,9
231,0,6,27.705833333333477,0.0,0.10999999999999964,100,100,0,6,0.26507153527636573,0.0,0,0.0,0.0,9
232,0,6,28.305833333333478,0.0,0.08999999999999964,100,100,0,6,0.25945280222961475,8.0,0,0.0,0.0,9
233,0,6,28.405833333333476,0.0,0.06999999999999963,100,100,0,6,0.2508923245421033,4.0,0,0.0,0.0,9
234,0,6,28.00583333333348,0.0,0.04999999999999963,100,100,0,6,0.2544757540591742,0.0,0,0.0,0.0,9
235,0,6,28.10583333333348,0.0,0.029999999999999628,100,100,0,6,0.25653531789565265,4.0,0,0.0,0.0,9
236,0,6,28.705833333333484,0.0,1.4899999999999995,100,100,0,6,0.24536727920186596,4.0,5,0.0,0.0,9
237,0,6,28.80583333333348,0.0,1.44,100,100,0,6,0.2416225494450397,4.0,0,0.0,0.0,9
238,0,6,28.905833333333486,0.0,1.4,100,100,0,6,0.25520127617455124,4.0,0,0.0,0.0,9
239,0,6,29.005833333333484,0.0,1.3599999999999999,100,100,0,6,0.2571944340697754,4.0,0,0.0,0.0,9
240,0,6,29.10583333333349,0.0,1.3199999999999998,100,100,0,6,0.24199520905507677,4.0,0,0.0,0.0,9
241,0,6,29.205833333333487,0.0,1.2799999999999998,100,100,0,6,0.2383133125992718,4.0,0,0.0,0.0,9
242,0,6,29.305833333333492,0.0,1.2399999999999998,100,100,0,6,0.25171799319437715,4.0,0,0.0,0.0,9
243,0,6,29.40583333333349,0.0,1.1999999999999997,100,100,0,6,0.25839071990629203,4.0,0,0.0,0.0,9
244,0,6,30.005833333333495,0.0,1.1599999999999997,100,100,0,6,0.2477249794021532,4.0,5,0.0,0.0,9
245,0,6,30.105833333333493,0.0,1.1199999999999997,100,100,0,6,0.24413411944898078,4.0,0,0.0,0.0,9
246,0,6,30.205833333333498,0.0,1.0799999999999996,100,100,0,6,0.2571201294819798,4.0,0,0.0,0.0,9
247,0,6,30.305833333333496,0.0,1.0399999999999996,100,100,0,6,0.2635768691396039,4.0,0,0.0,0.0,9
248,0,6,29.9058333333335,0.0,0.9999999999999996,100,100,0,6,0.26710229330955415,0.0,0,0.0,0.0,9
249,0,6,30.5058333333335,0.0,0.9599999999999995,100,100,0,6,0.250921954817384,8.0,0,0.0,0.0,9
250,0,6,31.105833333333504,0.0,1.6499999999999995,100,100,0,6,0.2630758789437493,4.0,5,0.0,0.0,9
251,0,6,31.2058333333335,0.0,1.5899999999999994,100,100,0,6,0.26932731593986103,4.0,0,0.0,0.0,9
252,0,6,30.8058333333335,0.0,1.5299999999999994,100,100,0,6,0.27282441096112664,0.0,0,0.0,0.0,9
253,0,6,31.4058333333335,0.0,1.4699999999999993,100,100,0,6,0.2569984344734251,8.0,0,0.0,0.0,9
254,0,6,31.005833333333502,0.0,1.4099999999999993,100,100,0,6,0.2603139194237636,0.0,0,0.0,0.0,9
255,0,6,31.105833333333504,0.0,1.3499999999999992,100,100,0,6,0.2675141318616545,4.0,0,0.0,0.0,9
256,0,6,31.205833333333505,0.0,1.2899999999999991,100,100,0,6,0.2800090794990244,4.0,0,0.0,0.0,9
257,0,6,31.805833333333506,0.0,1.229999999999999,100,100,0,6,0.2663164513847036,8.0,0,0.0,0.0,9
258,0,6,31.405833333333504,0.0,1.169999999999999,100,100,0,6,0.26970838750762804,0.0,0,0.0,0.0,9
259,0,6,32.005833333333506,0.0,1.859999999999999,100,100,0,6,0.27301012836201655,4.0,5,0.0,0.0,9
260,0,6,32.10583333333351,0.0,1.779999999999999,100,100,0,6,0.2851376956420164,4.0,0,0.0,0.0,9
261,0,6,32.70583333333351,0.0,1.6999999999999988,100,100,0,6,0.27172777537136517,8.0,0,0.0,0.0,9
262,0,6,32.3058333333335,0.0,1.619999999999999,100,100,0,6,0.27509221760775837,0.0,0,0.0,0.0,9
263,0,6,32.405833333333504,0.0,1.539999999999999,100,100,0,6,0.2819579808162105,4.0,0,0.0,0.0,9
264,0,6,32.005833333333506,0.0,1.4599999999999989,100,100,0,6,0.28548181321113253,0.0,0,0.0,0.0,9
265,0,6,31.772500000000168,0.0,1.3799999999999988,100,100,0,6,0.2903935094115271,8.0,0,0.0,0.0,9
266,0,6,31.372500000000173,0.0,1.299999999999999,100,100,0,6,0.2940960324417159,0.0,0,0.0,0.0,9
267,0,6,30.97250000000017,0.0,1.2199999999999989,100,100,0,6,0.29789418928978084,0.0,0,0.0,0.0,9
268,0,6,31.572500000000172,0.0,1.1399999999999988,100,100,0,6,0.2937991043541752,8.0,0,0.0,0.0,9
269,0,6,31.672500000000174,0.0,1.0599999999999987,100,100,0,6,0.2886792783785428,4.0,0,0.0,0.0,9
270,0,6,31.272500000000175,0.0,0.9799999999999986,100,100,0,6,0.2923717145877176,0.0,0,0.0,0.0,9
271,0,6,30.872500000000173,0.0,0.8999999999999987,100,100,0,6,0.2961598330049202,0.0,0,0.0,0.0,9
272,0,6,31.472500000000178,0.0,0.8199999999999986,100,100,0,6,0.2920848006637178,8.0,0,0.0,0.0,9
273,0,6,32.072500000000176,0.0,3.709999999999999,100,100,0,6,0.3022102701345033,4.0,5,0.0,0.0,9
274,0,6,32.17250000000018,0.0,3.579999999999999,100,100,0,6,0.2971438685557868,4.0,0,0.0,0.0,9
275,0,6,31.772500000000175,0.0,3.459999999999999,100,100,0,6,0.3008847623294064,0.0,0,0.0,0.0,9
276,0,6,32.37250000000018,0.0,3.339999999999999,100,100,0,6,0.2968354484687781,8.0,0,0.0,0.0,9
277,0,6,32.36500000000018,0.0,3.219999999999999,100,100,0,6,0.3070103163568314,3.3550000000000004,0,0.0,0.0,9
278,0,6,32.96500000000018,0.0,3.0999999999999988,100,100,0,6,0.2999224767008766,8.0,0,0.0,0.0,9
279,0,6,32.565000000000175,0.0,2.9799999999999986,100,100,0,6,0.30360646228909527,0.0,0,0.0,0.0,9
280,0,6,32.66500000000018,0.0,2.8599999999999985,100,100,0,6,0.29653723829446954,4.0,0,0.0,0.0,9
281,0,6,32.76500000000018,0.0,2.7399999999999984,100,100,0,6,0.30326228868880944,4.0,0,0.0,0.0,9
282,0,6,33.36500000000018,0.0,2.6199999999999983,100,100,0,6,0.2963268228516227,8.0,0,0.0,0.0,9
283,0,6,32.96500000000018,0.0,2.4999999999999987,100,100,0,6,0.29992247670087635,0.0,0,0.0,0.0,9
284,0,6,33.06500000000018,0.0,2.3799999999999986,100,100,0,6,0.2929499134700999,4.0,0,0.0,0.0,9
285,0,5,39.8210000000002,0.0,2.2599999999999985,100,100,0,5,0.15874036312498396,4.0,0,0.0,0.0,9
286,0,5,40.3730000000002,0.0,2.1399999999999983,100,100,0,5,0.14886186312634608,6.760000000000001,0,0.0,0.0,9
287,0,5,39.9730000000002,0.0,2.0299999999999985,100,100,0,5,0.15035148725389558,0.0,0,0.0,0.0,9
288,0,5,40.1730000000002,0.0,1.9299999999999986,100,100,0,5,0.1394269783187707,4.0,0,0.0,0.0,9
289,0,5,40.373000000000204,0.0,1.8299999999999985,100,100,0,5,0.1446808510638291,4.0,0,0.0,0.0,9
290,0,5,40.57300000000021,0.0,1.7299999999999984,100,100,0,5,0.13662287728292077,4.0,0,0.0,0.0,9
291,0,5,40.17300000000021,0.0,1.6299999999999983,100,100,0,5,0.13798322256241602,0.0,0,0.0,0.0,9
292,0,5,40.973000000000205,0.0,1.5299999999999983,100,100,0,5,0.13908671564200703,8.0,0,0.0,0.0,9
293,0,5,40.57300000000021,0.0,1.4299999999999982,100,100,0,5,0.14045794000936507,0.0,0,0.0,0.0,9
294,0,5,41.66800000000021,0.0,1.329999999999998,100,100,0,5,0.13596044926562212,10.475000000000001,0,0.0,0.0,9
295,0,5,41.268000000000214,0.0,1.229999999999998,100,100,0,5,0.13727827856935004,0.0,0,0.0,0.0,9
296,0,5,42.06800000000021,0.0,1.129999999999998,100,100,0,5,0.1412665208709698,8.0,0,0.0,0.0,9
297,0,5,41.66800000000022,0.0,1.0399999999999983,100,100,0,5,0.1426226360756444,0.0,0,0.0,0.0,9
298,0,5,42.46800000000022,0.0,0.9599999999999984,100,100,0,5,0.1439107092398968,8.0,0,0.0,0.0,9
299,0,5,42.06800000000022,0.0,0.8799999999999983,100,100,0,5,0.1452790719786996,0.0,0,0.0,0.0,9
300,0,5,42.26800000000022,0.0,0.7999999999999985,100,100,0,5,0.15594776190025406,4.0,0,0.0,0.0,9
