Step,Ideology_adaptive_mean,Ideology_adaptive_direct_mean,AvgEnergy_mean,CommunityPool_mean,TotalScar_mean,Renewables_mean,NonRenewables_mean,InfrastructureSites_mean,AgentsAlive_mean,GiniEnergy_mean,AvgAdaptiveReward_mean,MinedRenewable_mean,MinedNonrenewable_mean,AvgAdaptiveEpsilon_mean,AvgAdaptiveEpsilonGlobal_mean,Ideology_adaptive_std,Ideology_adaptive_direct_std,AvgEnergy_std,CommunityPool_std,TotalScar_std,Renewables_std,NonRenewables_std,InfrastructureSites_std,AgentsAlive_std,GiniEnergy_std,AvgAdaptiveReward_std,MinedRenewable_std,MinedNonrenewable_std,AvgAdaptiveEpsilon_std,AvgAdaptiveEpsilonGlobal_std
0,15.0,0.0,20.0,0.0,0.0,100.0,100.0,0.0,15.0,0.0,0.0,0.0,0.0,0.9,,0.0,0.0,0.0,0.0,0.0,0.0,0.0,0.0,0.0,0.0,0.0,0.0,0.0,0.0,
1,15.0,0.0,19.5,0.0,0.223,100.0,100.0,0.0,15.0,0.003822692772143599,1.0073333333333332,1.2,1.0,0.9,0.8348120719364951,0.0,0.0,0.09428090415820607,0.0,0.5006229452725207,0.0,0.0,0.0,0.0,0.005568220956949411,0.015460024116378776,1.9321835661585918,2.1081851067789197,0.0,0.0
2,15.0,0.0,18.973333333333336,0.0,0.513,100.0,100.0,0.0,15.0,0.008910358127906904,1.0096666666666665,2.7,1.0,0.9,0.7743457727232265,0.0,0.0,0.12252487779635704,0.0,0.7761307163673455,0.0,0.0,0.0,0.0,0.009045075664117825,0.01598224323320842,3.2676869155073254,2.1081851067789197,0.0,0.0
3,15.0,0.0,18.493333333333332,0.0,0.5740000000000001,100.0,100.0,0.0,15.0,0.013587028414389257,1.0136666666666667,2.0,1.5,0.9,0.7182591099137144,0.0,0.0,0.21648140227480045,0.0,0.8152872704349878,0.0,0.0,0.0,0.0,0.010422679934312458,0.023171395733682352,2.8284271247461903,2.4152294576982394,0.0,0.0
4,15.0,0.0,18.113333333333333,0.0,0.7809999999999999,100.0,100.0,0.0,15.0,0.018036465887281427,1.0219999999999998,0.5,2.5,0.9,0.6662348619270341,0.0,0.0,0.255410586901237,0.0,0.9701826861186733,0.0,0.0,0.0,0.0,0.011733014865303398,0.03006987746673068,1.2692955176439848,3.5355339059327378,0.0,0.0
5,15.0,0.0,17.64666666666667,0.0,0.978,100.0,100.0,0.0,15.0,0.021111857538328338,1.011,0.8,1.5,0.9,0.6179787838684802,0.0,0.0,0.3092004823275745,0.0,1.1919992542876114,0.0,0.0,0.0,0.0,0.010564822257069789,0.01771168268978713,1.6865480854231356,2.41522945769824,0.0,0.0
6,15.0,0.0,17.253333333333334,0.0,1.321,100.0,100.0,0.0,15.0,0.027380610771861047,1.0219999999999998,0.4,3.0,0.9,0.5732179433044904,0.0,0.0,0.27719939785800324,0.0,1.2654682927675427,0.0,0.0,0.0,0.0,0.010827227061253712,0.025637549621937053,1.2649110640673518,3.496029493900505,0.0,0.0
7,15.0,0.0,16.722133333333332,0.0,1.1469999999999998,100.0,100.0,0.0,15.0,0.029174691588224232,1.001653333333333,1.432,0.0,0.9,0.5316991765791089,0.0,0.0,0.32129380423838727,0.0,1.0340755399013275,0.0,0.0,0.0,0.0,0.010776318572794581,0.005228299064811672,1.9112578755015417,0.0,0.0,0.0
8,15.0,0.0,16.255466666666667,0.0,1.3379999999999999,100.0,100.0,0.0,15.0,0.035912064787470686,1.0183333333333333,2.5,2.0,0.9,0.4931876569410381,0.0,0.0,0.3679909821761436,0.0,0.9636481607816089,0.0,0.0,0.0,0.0,0.014579159730421853,0.024907235301622095,3.92286743197994,2.581988897471611,0.0,0.0
9,15.0,0.0,15.9112,0.0,1.6729999999999996,100.0,100.0,0.0,15.0,0.03933333109886119,1.02936,0.636,3.5,0.9,0.4574655663827259,0.0,0.0,0.41119504248344607,0.0,1.0778893985727642,0.0,0.0,0.0,0.0,0.016230656147776173,0.037162933876659816,1.1664114006453965,4.743416490252569,0.0,0.0
10,15.0,0.0,15.417866666666665,0.0,1.4909999999999999,100.0,100.0,0.0,15.0,0.0454146654397584,1.0113333333333332,1.7,1.5,0.9,0.4243308636795173,0.0,0.0,0.5437836170961962,0.0,0.9958073218360176,0.0,0.0,0.0,0.0,0.016600115421442584,0.024605529841184724,2.2135943621178655,3.3747427885527643,0.0,0.0
11,15.0,0.0,15.06453333333333,0.0,1.9029999999999998,100.0,100.0,0.0,15.0,0.048924504453617554,1.027,0.2,3.5,0.9,0.3935961416610002,0.0,0.0,0.7053242875566429,0.0,1.2137091908690483,0.0,0.0,0.0,0.0,0.019333412874272038,0.05694810286351152,0.6324555320336759,7.8351061823621055,0.0,0.0
12,15.0,0.0,14.631199999999996,0.0,2.0679999999999996,100.0,100.0,0.0,15.0,0.05184627876741295,1.0146666666666666,0.4,2.0,0.9,0.3650875672513664,0.0,0.0,0.7756166037736584,0.0,1.3886028149826635,0.0,0.0,0.0,0.0,0.020872746470838442,0.025637549621937036,1.2649110640673518,3.496029493900505,0.0,0.0
13,15.0,0.0,14.137866666666659,0.0,2.0789999999999997,100.0,100.0,0.0,15.0,0.057595144292733956,1.0086666666666666,1.4,1.0,0.9,0.3386438982837418,0.0,0.0,0.8309820933727599,0.0,1.4000908700668124,0.0,0.0,0.0,0.0,0.02309692930114731,0.0153317229428092,2.3190036174568114,2.1081851067789192,0.0,0.0
14,15.0,0.0,13.771199999999993,0.0,2.6799999999999997,100.0,100.0,0.0,15.0,0.060254022102581864,1.027,1.1,3.0,0.9,0.31411557152766906,0.0,0.0,0.8206248026148542,0.0,1.3887244347081806,0.0,0.0,0.0,0.0,0.024584882282887962,0.031208181896482688,2.0248456731316584,3.496029493900505,0.0,0.0
15,15.0,0.0,13.277866666666657,0.0,2.5289999999999995,100.0,100.0,0.0,15.0,0.06356568188051644,1.0036666666666665,0.4,0.5,0.9,0.2913638567716998,0.0,0.0,0.8366451996655808,0.0,1.1504438756893405,0.0,0.0,0.0,0.0,0.02599360947094422,0.011595018087284093,1.2649110640673518,1.5811388300841898,0.0,0.0
16,15.0,0.0,12.877866666666657,0.0,2.7449999999999997,100.0,100.0,0.0,15.0,0.06774140383044525,1.0226666666666666,1.8,2.0,0.9,0.2702600721766565,0.0,0.0,0.8590749431945353,0.0,1.3274976459489483,0.0,0.0,0.0,0.0,0.03041329693700543,0.026471508093433935,1.9888578520235065,3.496029493900505,0.0,0.0
17,15.0,0.0,12.42453333333332,0.0,2.954999999999999,100.0,100.0,0.0,15.0,0.07750193597530082,1.0183333333333333,1.6,2.5,0.9,0.2506848564616681,0.0,0.0,0.8566998869477574,0.0,1.339247301036419,0.0,0.0,0.0,0.0,0.025451168484117156,0.019325030145473487,2.7968235951204043,2.6352313834736494,0.0,0.0
18,15.0,0.0,12.057866666666653,0.0,3.148999999999999,100.0,100.0,0.0,15.0,0.08565724227879143,1.027,1.1,3.0,0.9,0.23252749380652,0.0,0.0,0.9179627900686503,0.0,1.4324993697884978,0.0,0.0,0.0,0.0,0.029778570733516637,0.02830390628713838,2.5144029554194813,3.496029493900505,0.0,0.0
19,15.0,0.0,11.684533333333318,0.0,3.261999999999999,100.0,100.0,0.0,15.0,0.09219862684245343,1.0233333333333332,0.2,3.0,0.9,0.21568528765202388,0.0,0.0,0.9775489025057148,0.0,1.3034893342273437,0.0,0.0,0.0,0.0,0.029213537812864204,0.02048787657176209,0.6324555320336759,2.581988897471611,0.0,0.0
20,15.0,0.0,11.231199999999983,0.0,3.222999999999999,100.0,100.0,0.0,15.0,0.09722174361370932,1.010333333333333,1.2,0.5,0.9,0.2000629798566722,0.0,0.0,0.9434483008073627,0.0,1.19476682987844,0.0,0.0,0.0,0.0,0.02782505449996026,0.016662962551348876,2.6997942308422114,1.5811388300841895,0.0,0.0
21,15.0,0.0,10.85119999999998,0.0,3.852999999999999,100.0,100.0,0.0,15.0,0.10029640033855163,1.0243333333333333,1.2,2.5,0.9,0.18557221192437534,0.0,0.0,1.0422373275380166,0.0,1.7262164792786951,0.0,0.0,0.0,0.0,0.023196017742132046,0.033074924297478714,1.6865480854231356,3.5355339059327373,0.0,0.0
22,15.0,0.0,10.437866666666647,0.0,4.166999999999999,100.0,100.0,0.0,15.0,0.11077802541790742,1.018333333333333,0.9,2.0,0.9,0.17213102525602905,0.0,0.0,1.113190445476982,0.0,1.8662145285756042,0.0,0.0,0.0,0.0,0.026208604625901986,0.024557817894778188,1.5238839267549946,3.496029493900505,0.0,0.0
23,15.0,0.0,10.057866666666644,0.0,4.504999999999999,100.0,100.0,0.0,15.0,0.11871351732779381,1.0219999999999998,0.0,3.0,0.9,0.1596633975983764,0.0,0.0,1.1877144271641356,0.0,2.2964525783138745,0.0,0.0,0.0,0.0,0.027431803951343096,0.01893458524812516,0.0,2.581988897471611,0.0,0.0
24,15.0,0.0,9.677866666666644,0.0,5.015999999999998,100.0,100.0,0.0,15.0,0.1258504398714036,1.0219999999999998,0.0,3.0,0.9,0.14809881306835665,0.0,0.0,1.240276703495866,0.0,2.3151395446303247,0.0,0.0,0.0,0.0,0.029372148819652513,0.025637549621937036,0.0,3.496029493900505,0.0,0.0
25,15.0,0.0,9.237866666666644,0.0,4.8519999999999985,100.0,100.0,0.0,15.0,0.13592490541937172,1.0113333333333334,0.1,1.5,0.9,0.13737186332103382,0.0,0.0,1.2697478625963132,0.0,2.301312668891387,0.0,0.0,0.0,0.0,0.03198808481382928,0.017511900715418208,0.31622776601683794,2.41522945769824,0.0,0.0
26,15.0,0.0,8.831199999999976,0.0,5.058999999999999,100.0,100.0,0.0,15.0,0.14804804574689498,1.0216666666666667,1.2,2.5,0.9,0.12742187760534363,0.0,0.0,1.308185391022218,0.0,2.432175295217568,0.0,0.0,0.0,0.0,0.027972875001987176,0.03528543224044537,1.9321835661585918,4.85912657903775,0.0,0.0
27,15.0,0.0,8.371199999999977,0.0,4.772999999999998,100.0,100.0,0.0,15.0,0.15654578327155294,1.008,0.2,1.0,0.9,0.11819257961528377,0.0,0.0,1.3470013812122303,0.0,2.5405425929644756,0.0,0.0,0.0,0.0,0.03018256936599761,0.015250986610465265,0.6324555320336759,2.1081851067789197,0.0,0.0
28,15.0,0.0,7.9778666666666425,0.0,4.746999999999998,100.0,100.0,0.0,15.0,0.1719873087855715,1.0223333333333333,0.5,3.0,0.9,0.1096317691957269,0.0,0.0,1.3333943986016383,0.0,2.3067536110781792,0.0,0.0,0.0,0.0,0.03580560849071719,0.04621607865154642,1.2692955176439848,6.324555320336759,0.0,0.0
29,15.0,0.0,7.564533333333307,0.0,4.8569999999999975,100.0,100.0,0.0,15.0,0.18640832939096025,1.0183333333333333,0.4,2.5,0.9,0.10169102710260933,0.0,0.0,1.3926122110517238,0.0,2.5417056827606483,0.0,0.0,0.0,0.0,0.03792886993030736,0.03116067480528917,1.2649110640673518,4.249182927993988,0.0,0.0
30,15.0,0.0,7.131199999999973,0.0,4.676999999999998,100.0,100.0,0.0,15.0,0.20083469442597696,1.0126666666666666,0.3,1.5,0.9,0.09432544114764395,0.0,0.0,1.4322186466639275,0.0,2.612423523601535,0.0,0.0,0.0,0.0,0.04232993111436229,0.0170547412038666,0.6749485577105528,2.41522945769824,0.0,0.0
31,15.0,0.0,6.704533333333306,0.0,4.482999999999998,100.0,100.0,0.0,15.0,0.21865929044227977,1.0133333333333332,0.3,1.5,0.9,0.08749335217865398,0.0,0.0,1.410259718659678,0.0,2.5172209102721013,0.0,0.0,0.0,0.0,0.03844569804563274,0.024695678634325424,0.9486832980505138,3.3747427885527648,0.0,0.0
32,15.0,0.0,6.377866666666639,0.0,4.361999999999997,100.0,100.0,0.0,15.0,0.24846357176543968,1.0006666666666666,0.0,1.0,0.8998800000000001,0.08115611845881285,0.0,0.0,1.224492791947287,0.0,2.613506796964143,0.0,0.0,0.0,0.0,0.04798385578717446,0.028144249242644557,0.0,2.1081851067789197,0.0003794733192201931,0.0
33,15.0,0.0,5.97786666666664,0.0,4.313999999999997,100.0,100.0,0.0,15.0,0.2679501943200485,1.0183333333333333,0.0,2.5,0.8998800000000001,0.07527789711213909,0.0,0.0,1.2985822772794162,0.0,2.5239351990272816,0.0,0.0,0.0,0.0,0.05397402677596563,0.02592724864350684,0.0,3.5355339059327373,0.0003794733192201931,0.0
34,15.0,0.0,5.6978666666666395,0.0,4.263999999999998,100.0,100.0,0.0,15.0,0.30537848583658167,1.0093333333333334,0.2,2.0,0.89976,0.06982544139911905,0.0,0.0,1.1771070962530892,0.0,2.4052359551611553,0.0,0.0,0.0,0.0,0.06671600026105297,0.03623653432315354,0.6324555320336759,3.496029493900505,0.0005059644256269322,0.0
35,15.0,0.0,5.27786666666664,0.0,4.209999999999996,100.0,100.0,0.0,15.0,0.33369639098268944,1.0146666666666666,0.0,2.0,0.89976,0.06476791267586544,0.0,0.0,1.165785860098215,0.0,2.3341617577004183,0.0,0.0,0.0,0.0,0.07775254367750947,0.018934585248125135,0.0,2.581988897471611,0.0005059644256269322,0.0
36,15.0,0.0,5.791199999999973,0.0,4.076999999999996,100.0,100.0,0.0,15.0,0.37807369415468167,0.968,0.0,2.0,0.89892,0.060076705973268016,0.0,0.0,1.0305884115756752,0.0,2.2780988662576607,0.0,0.0,0.0,0.0,0.09539088530761465,0.047692430229907115,0.0,2.581988897471611,0.001193314711214088,0.0
37,15.0,0.0,5.311199999999973,0.0,4.018999999999997,100.0,100.0,0.0,15.0,0.4133500721448836,1.0036666666666667,0.0,0.5,0.89892,0.0557252882096261,0.0,0.0,1.0036156265851606,0.0,2.24585766839011,0.0,0.0,0.0,0.0,0.10689810112573449,0.011595018087283977,0.0,1.5811388300841895,0.001193314711214088,0.0
38,15.0,0.0,6.051199999999975,0.0,3.750999999999997,100.0,100.0,0.0,15.0,0.44086549140101583,0.9473333333333332,0.0,1.0,0.8978400000000001,0.05168904812170701,0.0,0.0,1.4095921413438277,0.0,2.2729933763407413,0.0,0.0,0.0,0.0,0.09054124336333579,0.05472264523243159,0.0,2.1081851067789197,0.002023857702507709,0.0
39,15.0,0.0,5.557866666666641,0.0,3.419999999999997,100.0,100.0,0.0,15.0,0.4843662257658693,1.0036666666666667,0.4,0.5,0.8978400000000001,0.05,0.0,0.0,1.3936536509353525,0.0,1.8748807369477596,0.0,0.0,0.0,0.0,0.09518424513543806,0.011595018087283977,1.2649110640673518,1.5811388300841895,0.002023857702507709,0.0
40,15.0,0.0,10.624533333333314,0.0,3.297999999999997,100.0,100.0,0.0,15.0,0.354786194654291,0.7449999999999999,0.0,2.5,0.8929199999999999,0.05,0.0,0.0,2.612656541237132,0.0,1.740400975509825,0.0,0.0,0.0,0.0,0.07351755694269185,0.1562069693834133,0.0,3.5355339059327378,0.00381365965969697,0.0
41,15.0,0.0,10.124533333333314,0.0,3.100999999999997,100.0,100.0,0.0,15.0,0.37371109498676436,1.0,0.0,0.0,0.8929199999999999,0.05,0.0,0.0,2.612656541237132,0.0,1.6509892657299596,0.0,0.0,0.0,0.0,0.07854921885190064,6.409875621278546e-17,0.0,0.0,0.00381365965969697,0.0
42,15.0,0.0,10.37119999999998,0.0,3.056999999999997,100.0,100.0,0.0,15.0,0.3683431817634489,0.9813333333333333,0.0,2.0,0.89232,0.05,0.0,0.0,3.0756652003577054,0.0,1.6291650895133016,0.0,0.0,0.0,0.0,0.09786722874473719,0.05366103029983219,0.0,3.496029493900505,0.004240754649823565,0.0
43,15.0,0.0,9.957866666666648,0.0,3.160999999999997,100.0,100.0,0.0,15.0,0.39254268048807256,1.0183333333333333,0.4,2.5,0.89232,0.05,0.0,0.0,3.045107613091644,0.0,1.7986133547819538,0.0,0.0,0.0,0.0,0.10533273747351278,0.025927248643506644,1.2649110640673518,3.5355339059327378,0.004240754649823565,0.0
44,15.0,0.0,9.631199999999982,0.0,3.188999999999997,100.0,100.0,0.0,15.0,0.41164044251010345,1.0056666666666667,1.0,1.5,0.8922000000000001,0.05,0.0,0.0,3.124804923096393,0.0,1.9106685857166437,0.0,0.0,0.0,0.0,0.11467049693690716,0.019566284935389203,2.160246899469287,2.41522945769824,0.004280186911806573,0.0
45,15.0,0.0,9.272133333333315,0.0,2.9889999999999968,100.0,100.0,0.0,15.0,0.43906666834262786,0.9969999999999999,0.9,0.0,0.89208,0.05,0.0,0.0,2.87868669987712,0.0,1.8135505384619284,0.0,0.0,0.0,0.0,0.12697586936975339,0.014778195482818423,2.0248456731316584,0.0,0.004087052727822377,0.0
46,15.0,0.0,14.398799999999989,0.0,3.0859999999999967,100.0,100.0,0.0,15.0,0.22649664978739362,0.7273333333333333,0.4,1.0,0.88704,0.05,0.0,0.0,2.293258952282154,0.0,1.8235021250330352,0.0,0.0,0.0,0.0,0.10385529876565606,0.11204937183400475,1.2649110640673518,2.1081851067789192,0.0032887687665750973,0.0
47,15.0,0.0,13.93879999999999,0.0,2.753999999999997,100.0,100.0,0.0,15.0,0.23638432416702432,1.0076666666666667,0.1,1.0,0.88704,0.05,0.0,0.0,2.3121968774306434,0.0,1.6994260469019784,0.0,0.0,0.0,0.0,0.11011654551880401,0.023096683530833086,0.31622776601683794,3.1622776601683795,0.0032887687665750973,0.0
48,15.0,0.0,14.37879999999999,0.0,3.012999999999997,100.0,100.0,0.0,15.0,0.2150865927570762,0.9856666666666666,0.0,3.5,0.8863199999999999,0.05,0.0,0.0,1.7566496112742978,0.0,1.6173438444286075,0.0,0.0,0.0,0.0,0.0936334605252184,0.07048421590227148,0.0,3.3747427885527643,0.002950254226333721,0.0
49,15.0,0.0,13.858799999999992,0.0,2.897999999999997,100.0,100.0,0.0,15.0,0.22354996495873863,1.004,1.3,0.5,0.8863199999999999,0.05,0.0,0.0,1.7241885778104056,0.0,1.530633855629751,0.0,0.0,0.0,0.0,0.1018360221248285,0.011525602204346608,2.9832867780352594,1.5811388300841895,0.002950254226333721,0.0
50,15.0,0.0,13.452133333333325,0.0,2.9379999999999966,100.0,100.0,0.0,15.0,0.23518206043874207,1.0173333333333332,0.9,1.5,0.8863199999999999,0.05,0.0,0.0,1.6523230425788573,0.0,1.5245312576512011,0.0,0.0,0.0,0.0,0.1086146259450985,0.02329626685507177,2.0248456731316584,2.41522945769824,0.002950254226333721,0.0
51,15.0,0.0,12.978799999999989,0.0,2.8269999999999973,100.0,100.0,0.0,15.0,0.24676465466244918,1.0073333333333332,0.4,1.0,0.8863199999999999,0.05,0.0,0.0,1.6772495356798536,0.0,1.4612631522077044,0.0,0.0,0.0,0.0,0.11415623396495794,0.015460024116378744,1.2649110640673518,2.1081851067789192,0.002950254226333721,0.0
52,15.0,0.0,14.745466666666658,0.0,2.647999999999997,100.0,100.0,0.0,15.0,0.15868727949370967,0.8896666666666666,0.9,0.0,0.8842800000000001,0.05,0.0,0.0,1.2044979815899775,0.0,1.390338088379944,0.0,0.0,0.0,0.0,0.07829932854899502,0.08920014947670588,2.0248456731316584,0.0,0.002294340863951981,0.0
53,15.0,0.0,14.314133333333325,0.0,2.769999999999997,100.0,100.0,0.0,15.0,0.16637793048745125,1.0126333333333333,0.22999999999999998,1.5,0.8842800000000001,0.05,0.0,0.0,1.2553201273867283,0.0,1.6677929527772117,0.0,0.0,0.0,0.0,0.08202123376269911,0.01733365384319054,0.7273238618387271,2.41522945769824,0.002294340863951981,0.0
54,15.0,0.0,14.120799999999992,0.0,2.593999999999997,100.0,100.0,0.0,15.0,0.16103337021066105,0.994,0.0,1.0,0.88404,0.05,0.0,0.0,1.2819639562738088,0.0,1.60173655761489,0.0,0.0,0.0,0.0,0.07836449000116118,0.0353046704146409,0.0,2.1081851067789192,0.0021203773249117543,0.0
55,15.0,0.0,13.660799999999991,0.0,2.5029999999999974,100.0,100.0,0.0,15.0,0.166954651355034,1.0073333333333332,0.0,1.0,0.88404,0.05,0.0,0.0,1.2747509967455273,0.0,1.5496813292487652,0.0,0.0,0.0,0.0,0.07940666732735613,0.015460024116378781,0.0,2.1081851067789197,0.0021203773249117543,0.0
56,15.0,0.0,13.167466666666655,0.0,2.3479999999999976,100.0,100.0,0.0,15.0,0.1748196477211899,1.0043333333333333,0.6,0.5,0.88404,0.05,0.0,0.0,1.2932266011706217,0.0,1.4865979057342071,0.0,0.0,0.0,0.0,0.08269895487656895,0.01155234998272894,1.3498971154211057,1.5811388300841895,0.0021203773249117543,0.0
57,15.0,0.0,12.707466666666656,0.0,2.2719999999999976,100.0,100.0,0.0,15.0,0.18266599998774138,1.0079999999999998,0.2,1.0,0.88404,0.05,0.0,0.0,1.323097182026487,0.0,1.5584522236287295,0.0,0.0,0.0,0.0,0.08670555211190122,0.015169820591889805,0.42163702135578396,2.1081851067789192,0.0021203773249117543,0.0
58,15.0,0.0,13.64079999999999,0.0,2.5649999999999977,100.0,100.0,0.0,15.0,0.1401738004398125,0.9516666666666665,0.0,2.5,0.8828400000000001,0.05,0.0,0.0,1.513070128848899,0.0,1.6502609221305304,0.0,0.0,0.0,0.0,0.04928779251796508,0.07586944602082035,0.0,2.6352313834736494,0.0012712198865656717,0.0
59,15.0,0.0,13.180799999999987,0.0,2.418999999999998,100.0,100.0,0.0,15.0,0.1475496840558072,1.016,1.6,2.0,0.8828400000000001,0.05,0.0,0.0,1.6001007622592798,0.0,1.4862364848465017,0.0,0.0,0.0,0.0,0.05267058241533034,0.024983945462320377,3.4058772731852804,3.496029493900505,0.0012712198865656717,0.0
60,15.0,0.0,12.983733333333323,0.0,2.426999999999998,100.0,100.0,0.0,15.0,0.14140470777575775,0.9937733333333332,0.544,0.5,0.8826,0.05,0.0,0.0,1.9232591474234992,0.0,1.5142511900826312,0.0,0.0,0.0,0.0,0.054573578087484115,0.02128142295437421,1.7202790471315985,1.5811388300841895,0.0011661903789690657,0.0
61,15.0,0.0,12.470399999999987,0.0,2.294999999999998,100.0,100.0,0.0,15.0,0.1480669616446873,0.9999999999999998,0.4,0.0,0.8826,0.05,0.0,0.0,1.9220550524611346,0.0,1.4566495040941645,0.0,0.0,0.0,0.0,0.057704162957268317,0.0,1.2649110640673518,0.0,0.0011661903789690657,0.0
62,15.0,0.0,12.050399999999986,0.0,2.5429999999999984,100.0,100.0,0.0,15.0,0.15618299736801292,1.0153333333333332,0.2,2.0,0.8826,0.05,0.0,0.0,1.9514103339272448,0.0,1.6787498655580313,0.0,0.0,0.0,0.0,0.06329779617608543,0.025298221281347007,0.6324555320336759,3.496029493900505,0.0011661903789690657,0.0
63,15.0,0.0,11.751599999999986,0.0,2.7939999999999983,100.0,100.0,0.0,15.0,0.15796415341316322,1.0053333333333332,0.6,1.0,0.8824799999999999,0.05,0.0,0.0,1.9483195468890977,0.0,2.0596072980600497,0.0,0.0,0.0,0.0,0.05291136625144954,0.03583914681524161,1.3498971154211057,2.1081851067789192,0.0008390470785361115,0.0
64,15.0,0.0,11.691599999999985,0.0,2.533999999999998,100.0,100.0,0.0,15.0,0.15029003443325778,0.9873333333333333,0.0,1.0,0.8821199999999999,0.05,0.0,0.0,2.2360711621000187,0.0,1.7330012502399794,0.0,0.0,0.0,0.0,0.027558457077007464,0.045237371199998086,0.0,2.1081851067789197,0.00037947331922021115,0.0
65,15.0,0.0,11.251599999999986,0.0,2.489999999999998,100.0,100.0,0.0,15.0,0.16052050604591298,1.0136666666666667,0.8,1.5,0.8821199999999999,0.05,0.0,0.0,2.279397455577646,0.0,1.7757752610557944,0.0,0.0,0.0,0.0,0.0285523685547127,0.017878188656282556,1.6865480854231358,2.4152294576982394,0.00037947331922021115,0.0
66,15.0,0.0,10.89826666666665,0.0,2.447999999999998,100.0,100.0,0.0,15.0,0.16458105736930534,0.9986666666666665,0.7,0.5,0.882,0.05,0.0,0.0,2.426839721139158,0.0,1.7510872812817366,0.0,0.0,0.0,0.0,0.03234197366616035,0.025733678754158395,1.888562063228706,1.5811388300841898,0.0,0.0
67,15.0,0.0,10.516833333333317,0.0,2.630999999999998,100.0,100.0,0.0,15.0,0.1727941629508179,1.0221183333333332,0.07850000000000001,3.0,0.882,0.05,0.0,0.0,2.3829966674932574,0.0,1.6275574746635921,0.0,0.0,0.0,0.0,0.03251797612320183,0.030828626717851727,0.24823879632321783,4.216370213557839,0.0,0.0
68,15.0,0.0,10.116833333333314,0.0,2.810999999999998,100.0,100.0,0.0,15.0,0.1852138499773155,1.0276666666666665,2.3,3.0,0.882,0.05,0.0,0.0,2.294839951115238,0.0,1.3101437580153805,0.0,0.0,0.0,0.0,0.035774037603091995,0.03146818891484299,2.7507574714370344,3.496029493900505,0.0,0.0
69,15.0,0.0,9.83469999999998,0.0,2.985999999999998,100.0,100.0,0.0,15.0,0.19746907159505872,1.03968,0.868,4.5,0.882,0.05,0.0,0.0,2.3293923143860944,0.0,1.6182445907697487,0.0,0.0,0.0,0.0,0.03541157530851296,0.04038379824253581,1.9358650090678673,4.972144630058766,0.0,0.0
70,15.0,0.0,9.52669999999998,0.0,2.921999999999998,100.0,100.0,0.0,15.0,0.21299287540786818,1.0374666666666665,0.9800000000000001,4.5,0.882,0.05,0.0,0.0,2.2714963820310747,0.0,1.4062937894416732,0.0,0.0,0.0,0.0,0.041028533467237595,0.03375993680878764,1.6067911431725588,4.377975178854566,0.0,0.0
71,15.0,0.0,9.100033333333313,0.0,3.162999999999998,100.0,100.0,0.0,15.0,0.23002260027795512,1.016,0.6,2.0,0.882,0.05,0.0,0.0,2.201408418139806,0.0,1.3642095798585265,0.0,0.0,0.0,0.0,0.04741667198227949,0.025131751595772356,1.8973665961010275,3.496029493900505,0.0,0.0
72,15.0,0.0,8.833366666666645,0.0,3.174999999999998,100.0,100.0,0.0,15.0,0.24872411775433187,1.012,0.1,2.5,0.8818824,0.05,0.0,0.0,1.9841119570288115,0.0,1.264763921756854,0.0,0.0,0.0,0.0,0.05805924458032605,0.03715831993969502,0.31622776601683794,3.5355339059327378,0.0003718838528357986,0.0
73,15.0,0.0,8.460033333333312,0.0,3.412999999999998,100.0,100.0,0.0,15.0,0.26524843932733383,1.0256666666666665,0.4,3.5,0.8818824,0.05,0.0,0.0,1.9794012091826132,0.0,1.3585372035146228,0.0,0.0,0.0,0.0,0.06643853436179809,0.02474811378272024,1.2649110640673518,3.3747427885527643,0.0003718838528357986,0.0
74,15.0,0.0,8.033366666666645,0.0,3.5609999999999977,100.0,100.0,0.0,15.0,0.28641356450277816,1.016,0.6,2.0,0.8818824,0.05,0.0,0.0,1.898690649882341,0.0,1.4216848377111495,0.0,0.0,0.0,0.0,0.0756035976026977,0.025131751595772318,1.3498971154211057,3.496029493900505,0.0003718838528357986,0.0
75,15.0,0.0,7.673366666666643,0.0,3.652999999999998,100.0,100.0,0.0,15.0,0.30149130964066384,1.0256666666666665,0.0,3.5,0.8818824,0.05,0.0,0.0,1.8451520761039257,0.0,1.5044382487973524,0.0,0.0,0.0,0.0,0.07702297088073361,0.02474811378272026,0.0,3.3747427885527643,0.0003718838528357986,0.0
76,15.0,0.0,7.54003333333331,0.0,3.716999999999998,100.0,100.0,0.0,15.0,0.32434525736090547,1.005,0.0,2.5,0.8816472000000001,0.05,0.0,0.0,1.4556644611505756,0.0,1.7041651589235385,0.0,0.0,0.0,0.0,0.07681026144162341,0.05386883934012171,0.0,5.400617248673217,0.0005680619684506282,0.0
77,15.0,0.0,7.120033333333311,0.0,4.217999999999998,100.0,100.0,0.0,15.0,0.34959352082738826,1.0219999999999998,1.2,3.0,0.8816472000000001,0.05,0.0,0.0,1.4757563488715113,0.0,2.4342181039869413,0.0,0.0,0.0,0.0,0.08331642613546307,0.030920048232757458,1.9321835661585918,4.216370213557839,0.0005680619684506282,0.0
78,15.0,0.0,7.488833333333311,0.0,3.9679999999999978,100.0,100.0,0.0,15.0,0.361271810611544,0.9726533333333333,0.23200000000000004,1.5,0.8809416000000001,0.05,0.0,0.0,1.2614101187378843,0.0,2.279838200886682,0.0,0.0,0.0,0.0,0.07816524006260993,0.06698576815863552,0.7336484171590641,2.4152294576982394,0.0015131403107445135,0.0
79,15.0,0.0,7.12883333333331,0.0,4.244999999999997,100.0,100.0,0.0,15.0,0.3860135950718204,1.025,0.8,2.5,0.8809416000000001,0.05,0.0,0.0,1.26078456124611,0.0,1.797969533792062,0.0,0.0,0.0,0.0,0.08053778546187404,0.023895347964007278,1.6865480854231356,2.6352313834736494,0.0015131403107445135,0.0
80,15.0,0.0,8.85189999999998,0.0,4.133999999999998,100.0,100.0,0.0,15.0,0.36385254470830497,0.9121266666666668,0.9460000000000001,2.0,0.87906,0.05,0.0,0.0,1.1625443366030848,0.0,1.8984800938294473,0.0,0.0,0.0,0.0,0.05699714648680722,0.09542623005608071,1.56710773932958,2.581988897471611,0.0024322960346141874,0.0
81,15.0,0.0,8.423733333333312,0.0,4.177999999999997,100.0,100.0,0.0,15.0,0.38193163973868727,1.015775,0.5775,2.0,0.87906,0.05,0.0,0.0,1.196400009493503,0.0,1.8071204842080797,0.0,0.0,0.0,0.0,0.05554230285078853,0.018294236510610982,1.3256261623181034,2.581988897471611,0.0024322960346141874,0.0
82,15.0,0.0,9.205066666666648,0.0,4.440999999999997,100.0,100.0,0.0,15.0,0.3686729969299665,0.9570000000000001,0.7,2.0,0.8780015999999999,0.05,0.0,0.0,1.2376760161640277,0.0,2.224377316114433,0.0,0.0,0.0,0.0,0.04594353952334648,0.046493063334992264,1.4944341180973264,3.496029493900505,0.0025525190694684558,0.0
83,15.0,0.0,8.785066666666646,0.0,4.352999999999997,100.0,100.0,0.0,15.0,0.38478248398276105,1.0146666666666666,0.0,2.0,0.8780015999999999,0.05,0.0,0.0,1.293049967048434,0.0,2.3285906562649528,0.0,0.0,0.0,0.0,0.05076217503644856,0.02563754962193701,0.0,3.4960294939005054,0.0025525190694684558,0.0
84,15.0,0.0,8.640666666666647,0.0,4.460999999999997,100.0,100.0,0.0,15.0,0.4027087310759455,1.0030066666666666,0.23399999999999999,2.0,0.8777664,0.05,0.0,0.0,1.429013170679443,0.0,2.172430538462495,0.0,0.0,0.0,0.0,0.058803008489293956,0.04174443645934922,0.7399729724794007,2.581988897471611,0.002670207782177274,0.0
85,15.0,0.0,8.354266666666646,0.0,4.522999999999998,100.0,100.0,0.0,15.0,0.42049038221314616,1.008,0.0,2.0,0.8776488,0.05,0.0,0.0,1.4950176827064439,0.0,1.9860348547909332,0.0,0.0,0.0,0.0,0.0590374262168152,0.021841177556098844,0.0,2.581988897471611,0.0026031869698506403,0.0
86,15.0,0.0,11.367599999999983,0.0,4.547999999999997,100.0,100.0,0.0,15.0,0.32231506518319586,0.8353333333333334,0.2,1.0,0.8745912,0.05,0.0,0.0,1.7262271269526415,0.0,1.9256560209734008,0.0,0.0,0.0,0.0,0.04875593333774298,0.09618911413986694,0.6324555320336759,2.1081851067789192,0.0020026558366329447,0.0
87,15.0,0.0,10.91426666666665,0.0,4.720999999999997,100.0,100.0,0.0,15.0,0.3382916225221506,1.011,0.4,1.5,0.8745912,0.05,0.0,0.0,1.7867773169163872,0.0,2.044697478302788,0.0,0.0,0.0,0.0,0.0541838109701416,0.02474811378272027,1.2649110640673518,3.3747427885527643,0.0020026558366329447,0.0
88,15.0,0.0,10.73426666666665,0.0,4.519999999999998,100.0,100.0,0.0,15.0,0.3440662562427347,0.9989999999999999,0.6,1.5,0.874356,0.05,0.0,0.0,1.810797067523884,0.0,2.048880453103868,0.0,0.0,0.0,0.0,0.0537825483138699,0.030186662086114056,1.349897115421106,2.4152294576982394,0.0021648907593687094,0.0
89,15.0,0.0,10.33426666666665,0.0,4.688999999999997,100.0,100.0,0.0,15.0,0.35949888348520526,1.0183333333333333,0.0,2.5,0.874356,0.05,0.0,0.0,1.8284482647289027,0.0,2.5225095528945856,0.0,0.0,0.0,0.0,0.06190742928393285,0.03563359491294343,0.0,4.85912657903775,0.0021648907593687094,0.0
90,15.0,0.0,10.527599999999984,0.0,4.555999999999997,100.0,100.0,0.0,15.0,0.3487317142127939,0.974,0.4,1.0,0.8737679999999999,0.05,0.0,0.0,2.2328749877928975,0.0,2.3770906587675613,0.0,0.0,0.0,0.0,0.07584225267296162,0.06318305758217228,1.2649110640673518,2.1081851067789192,0.002416450289163835,0.0
91,15.0,0.0,10.206699999999984,0.0,4.421999999999997,100.0,100.0,0.0,15.0,0.3628166009396442,1.001685,0.1685,1.0,0.8736504,0.05,0.0,0.0,2.262334582725895,0.0,2.4400582870998067,0.0,0.0,0.0,0.0,0.08586732729709683,0.028301239393965893,0.532843785738372,2.1081851067789197,0.002444898689107607,0.0
92,15.0,0.0,12.20883333333332,0.0,4.513999999999998,100.0,100.0,0.0,15.0,0.28582283936372266,0.898,0.4,2.0,0.8715336,0.05,0.0,0.0,2.012947904301578,0.0,2.557417099775127,0.0,0.0,0.0,0.0,0.08495018188752992,0.09271221901969313,1.2649110640673518,3.496029493900505,0.0026266925210233576,0.0
93,15.0,0.0,11.802166666666654,0.0,4.520999999999997,100.0,100.0,0.0,15.0,0.30188039636308434,1.0219999999999998,0.8,3.0,0.8715336,0.05,0.0,0.0,2.0307667484031175,0.0,2.4718794019486015,0.0,0.0,0.0,0.0,0.08945888528266244,0.025637549621937067,1.6865480854231356,3.496029493900505,0.0026266925210233576,0.0
94,15.0,0.0,11.898666666666653,0.0,4.594999999999997,100.0,100.0,0.0,15.0,0.29204389076106985,0.9916666666666666,1.7,2.0,0.8710632,0.05,0.0,0.0,1.568514505220283,0.0,2.313944443777526,0.0,0.0,0.0,0.0,0.06455580487343426,0.07276293317647688,2.6687491868330793,3.496029493900505,0.0022890920470788746,0.0
95,15.0,0.0,11.478666666666651,0.0,4.455999999999997,100.0,100.0,0.0,15.0,0.30706831429267434,1.0173333333333332,0.8,2.0,0.8710632,0.05,0.0,0.0,1.6453032967424621,0.0,2.334029419980247,0.0,0.0,0.0,0.0,0.0664295156177502,0.024535185115298765,1.3984117975602022,3.496029493900505,0.0022890920470788746,0.0
96,15.0,0.0,11.470133333333319,0.0,4.348999999999997,100.0,100.0,0.0,15.0,0.30942899569470717,0.9967199999999998,0.2720000000000001,2.0,0.8707103999999999,0.05,0.0,0.0,1.3875151980037423,0.0,2.2152123048492562,0.0,0.0,0.0,0.0,0.06833850888021267,0.045918110685097706,0.8601395235657994,3.496029493900505,0.0021613388443276734,0.0
97,15.0,0.0,11.163466666666652,0.0,4.203999999999997,100.0,100.0,0.0,15.0,0.3150576548101717,1.0043333333333333,0.0,1.5,0.8705928,0.05,0.0,0.0,1.252365822388341,0.0,2.0571620149019743,0.0,0.0,0.0,0.0,0.060372179446118536,0.019439681956449323,0.0,2.4152294576982394,0.00207796977841348,0.0
98,15.0,0.0,13.104966666666655,0.0,4.356999999999997,100.0,100.0,0.0,15.0,0.2313797034711782,0.9233333333333332,0.8,5.0,0.8685936,0.05,0.0,0.0,1.2565684650696174,0.0,2.255512013810709,0.0,0.0,0.0,0.0,0.03701659178865666,0.09220213971433222,1.6865480854231358,4.08248290463863,0.001855282619980006,0.0
99,15.0,0.0,12.758299999999988,0.0,4.278999999999996,100.0,100.0,0.0,15.0,0.24037845923699433,1.0303333333333333,1.0,3.5,0.8685936,0.05,0.0,0.0,1.2230695492171442,0.0,2.3371609082626525,0.0,0.0,0.0,0.0,0.03935404376129274,0.04813689327145205,1.632993161855452,6.258327785172862,0.001855282619980006,0.0
100,15.0,0.0,12.756966666666653,0.0,4.126999999999997,100.0,100.0,0.0,15.0,0.23435637954153127,1.0004666666666666,0.68,2.5,0.8682408,0.05,0.0,0.0,1.351640708066944,0.0,2.116785036060319,0.0,0.0,0.0,0.0,0.050277644768894014,0.0390214249475628,1.4612019405650651,3.5355339059327378,0.002002655836632895,0.0
101,15.0,0.0,12.451366666666653,0.0,4.268999999999997,100.0,100.0,0.0,15.0,0.23809110765768002,1.0046666666666666,0.1,1.5,0.8681232,0.05,0.0,0.0,1.62234366706752,0.0,2.1323458652125087,0.0,0.0,0.0,0.0,0.06388408471437636,0.03031521640495104,0.31622776601683794,2.4152294576982394,0.002132710575769651,0.0
102,15.0,0.0,12.286799999999987,0.0,4.113999999999996,100.0,100.0,0.0,15.0,0.23704276529872548,1.0063333333333333,1.4,2.5,0.867888,0.05,0.0,0.0,1.5507112442240725,0.0,1.960329904208301,0.0,0.0,0.0,0.0,0.06628919145916358,0.04481649828487853,2.988868236194653,3.5355339059327373,0.0021470724254202198,0.0
103,15.0,0.0,11.999566666666652,0.0,4.256999999999996,100.0,100.0,0.0,15.0,0.2447477659518916,1.0105816666666665,0.7915,2.0,0.8677704,0.05,0.0,0.0,1.5539060782428291,0.0,2.104566727645172,0.0,0.0,0.0,0.0,0.07049068004761638,0.04195809965362128,1.6687487827710918,3.496029493900505,0.002033116228846693,0.0
104,15.0,0.0,12.952899999999989,0.0,4.413999999999996,100.0,100.0,0.0,15.0,0.20487839319767906,0.9556666666666664,0.1,3.0,0.8665944,0.05,0.0,0.0,0.7624061334654143,0.0,2.0651295358887283,0.0,0.0,0.0,0.0,0.03417603637615628,0.07874086268761683,0.31622776601683794,3.496029493900505,0.0014079295436917117,0.0
105,15.0,0.0,12.512899999999986,0.0,4.174999999999996,100.0,100.0,0.0,15.0,0.21342898657476814,1.011,0.0,1.5,0.8665944,0.05,0.0,0.0,0.8334591912366157,0.0,1.9616617105573175,0.0,0.0,0.0,0.0,0.03571868807866019,0.03478505426185216,0.0,4.743416490252569,0.0014079295436917117,0.0
106,15.0,0.0,12.274766666666654,0.0,4.0879999999999965,100.0,100.0,0.0,15.0,0.21175528180431852,0.9929466666666666,1.528,0.5,0.8663592000000001,0.05,0.0,0.0,0.7743479941533944,0.0,2.0060286914974834,0.0,0.0,0.0,0.0,0.03104990271596776,0.03402415699557095,2.736797804409785,1.5811388300841898,0.001363574127064577,0.0
107,15.0,0.0,11.961433333333318,0.0,4.677999999999996,100.0,100.0,0.0,15.0,0.2188629935923073,1.0339999999999998,0.6,4.0,0.8663592000000001,0.05,0.0,0.0,0.7411622512756914,0.0,2.6704631308694986,0.0,0.0,0.0,0.0,0.031996518797256734,0.047187568984497046,1.3498971154211057,6.146362971528591,0.001363574127064577,0.0
108,15.0,0.0,11.548099999999984,0.0,4.660999999999996,100.0,100.0,0.0,15.0,0.2294240850657908,1.0203333333333333,1.5,2.0,0.8663592000000001,0.05,0.0,0.0,0.7690966329819681,0.0,2.6933063117456357,0.0,0.0,0.0,0.0,0.03235216471466336,0.02224720817552034,3.5668224265054493,2.581988897471611,0.001363574127064577,0.0
109,15.0,0.0,11.15156666666665,0.0,4.384999999999996,100.0,100.0,0.0,15.0,0.24482873146817602,1.0288533333333332,2.052,3.5,0.8663592000000001,0.05,0.0,0.0,0.8599727249479041,0.0,2.4793782822850288,0.0,0.0,0.0,0.0,0.034344605446456664,0.02974480429782739,2.4130055025953743,4.1163630117428225,0.001363574127064577,0.0
110,15.0,0.0,11.578233333333317,0.0,4.594999999999997,100.0,100.0,0.0,15.0,0.22667664849215977,0.9833333333333332,0.7,2.5,0.8656536000000001,0.05,0.0,0.0,1.0171230311490504,0.0,2.1301343202301157,0.0,0.0,0.0,0.0,0.04129114569236784,0.04911563578955631,1.3374935098492586,3.5355339059327378,0.0012941938031067828,0.0
111,15.0,0.0,11.118233333333317,0.0,4.434999999999997,100.0,100.0,0.0,15.0,0.23429899334412568,1.0073333333333332,0.0,1.0,0.8656536000000001,0.05,0.0,0.0,1.0711157220970386,0.0,2.069585304676598,0.0,0.0,0.0,0.0,0.04649594557979774,0.01546002411637879,0.0,2.1081851067789197,0.0012941938031067828,0.0
112,15.0,0.0,10.818399999999983,0.0,4.356999999999997,100.0,100.0,0.0,15.0,0.23676155840414354,1.010025,1.5025,1.5,0.865536,0.05,0.0,0.0,0.8601914486874794,0.0,2.0720845649838813,0.0,0.0,0.0,0.0,0.03855500204545315,0.0384620233172193,2.7197949779757704,2.41522945769824,0.0012396128427860343,0.0
113,15.0,0.0,10.366033333333316,0.0,4.359999999999998,100.0,100.0,0.0,15.0,0.245895115579516,1.0164783333333332,1.5145,2.0,0.865536,0.05,0.0,0.0,0.841378930647943,0.0,2.0496503766902934,0.0,0.0,0.0,0.0,0.0422089117696045,0.017926024343546853,1.8458338224228097,2.581988897471611,0.0012396128427860343,0.0
114,15.0,0.0,9.906033333333315,0.0,3.985999999999997,100.0,100.0,0.0,15.0,0.2601859028536214,1.0096666666666665,0.7,1.0,0.865536,0.05,0.0,0.0,0.8383814425486045,0.0,1.9488013409957061,0.0,0.0,0.0,0.0,0.043118892527212974,0.015982243233208335,1.4944341180973264,2.1081851067789197,0.0012396128427860343,0.0
115,15.0,0.0,9.486033333333314,0.0,4.3619999999999965,100.0,100.0,0.0,15.0,0.2755771463873523,1.017,1.2,1.5,0.865536,0.05,0.0,0.0,0.861456410338668,0.0,1.7021411352894453,0.0,0.0,0.0,0.0,0.04122867839955219,0.024162515607730604,2.573367875415838,2.41522945769824,0.0012396128427860343,0.0
116,15.0,0.0,9.71819999999998,0.0,4.289999999999997,100.0,100.0,0.0,15.0,0.2751904518249694,0.9814916666666667,0.48250000000000004,2.0,0.8649503519999999,0.05,0.0,0.0,0.9526257954584495,0.0,1.6968663929595493,0.0,0.0,0.0,0.0,0.041059383035334206,0.04629378891358223,1.2628258655359679,2.581988897471611,0.0008334366196898426,0.0
117,15.0,0.0,9.331533333333313,0.0,4.177999999999997,100.0,100.0,0.0,15.0,0.2900444238854162,1.0206666666666666,0.3,2.5,0.8649503519999999,0.05,0.0,0.0,0.9558803608179922,0.0,1.6572855986689659,0.0,0.0,0.0,0.0,0.049559727777249214,0.025131751595772314,0.9486832980505138,3.5355339059327378,0.0008334366196898426,0.0
118,15.0,0.0,9.471099999999979,0.0,4.151999999999997,100.0,100.0,0.0,15.0,0.29478208376072934,0.9929349999999999,0.6935,2.0,0.8644846559999999,0.05,0.0,0.0,0.589490050597199,0.0,2.037900880808484,0.0,0.0,0.0,0.0,0.05160332726690173,0.04356328194650415,1.2384938209149228,2.581988897471611,0.0008631872043537447,0.0
119,15.0,0.0,9.031099999999979,0.0,3.8239999999999967,100.0,100.0,0.0,15.0,0.3074184556089359,1.0106666666666666,0.4,1.0,0.8644846559999999,0.05,0.0,0.0,0.5891770793778379,0.0,1.758030463647063,0.0,0.0,0.0,0.0,0.05802425789692252,0.017198908951901626,1.2649110640673518,2.1081851067789197,0.0008631872043537447,0.0
120,15.0,0.0,9.344433333333312,0.0,3.696999999999997,100.0,100.0,0.0,15.0,0.3022928372691899,0.967,1.2,0.5,0.863793168,0.05,0.0,0.0,1.002793998637659,0.0,1.6012776149062957,0.0,0.0,0.0,0.0,0.03172560357401684,0.06667499947923172,2.6997942308422114,1.5811388300841898,0.001568252819618082,0.0
121,15.0,0.0,8.910833333333311,0.0,3.7209999999999974,100.0,100.0,0.0,15.0,0.3173579066194394,1.0152933333333334,0.5960000000000001,2.0,0.863793168,0.05,0.0,0.0,1.019688033265659,0.0,1.713297340737379,0.0,0.0,0.0,0.0,0.03343535998604178,0.019771439683556012,1.5652277079638537,2.581988897471611,0.001568252819618082,0.0
122,15.0,0.0,9.544166666666646,0.0,4.003999999999997,100.0,100.0,0.0,15.0,0.31021090938630175,0.9663333333333334,1.4,2.5,0.862864128,0.05,0.0,0.0,1.535546142839781,0.0,2.4003434939376667,0.0,0.0,0.0,0.0,0.03469700227557703,0.049825621848528824,2.6749870196985173,3.5355339059327373,0.0017245932967050739,0.0
123,15.0,0.0,9.137233333333313,0.0,4.003999999999997,100.0,100.0,0.0,15.0,0.32641264215564253,1.02396,1.8960000000000001,2.5,0.862864128,0.05,0.0,0.0,1.5266203943335312,0.0,1.6433245435870398,0.0,0.0,0.0,0.0,0.03631052840472428,0.03237551582123994,2.765128889903286,3.5355339059327378,0.0017245932967050739,0.0
124,15.0,0.0,9.382466666666646,0.0,4.174999999999997,100.0,100.0,0.0,15.0,0.3300381422350323,0.9857849999999999,1.8785,1.5,0.862287888,0.05,0.0,0.0,0.9027455542967078,0.0,1.9552393999485356,0.0,0.0,0.0,0.0,0.030547281417902864,0.06298536399164878,3.3575553689485984,2.4152294576982394,0.0016150190678255424,0.0
125,15.0,0.0,8.902466666666646,0.0,4.121999999999997,100.0,100.0,0.0,15.0,0.3491017680619536,1.0063333333333333,0.8,0.5,0.862287888,0.05,0.0,0.0,0.9247998275235867,0.0,1.7721412033030672,0.0,0.0,0.0,0.0,0.03236097839472594,0.012013367040689338,1.9321835661585915,1.5811388300841898,0.0016150190678255424,0.0
126,15.0,0.0,9.462466666666646,0.0,4.154999999999997,100.0,100.0,0.0,15.0,0.33350318610336427,0.9763333333333334,0.6,2.5,0.861481152,0.05,0.0,0.0,1.4663122147452499,0.0,1.450840752422156,0.0,0.0,0.0,0.0,0.02233027449520637,0.08415814038221489,1.8973665961010275,2.6352313834736494,0.0018263733920094484,0.0
127,15.0,0.0,9.176233333333311,0.0,4.250999999999997,100.0,100.0,0.0,15.0,0.3458166794191596,1.008,0.0,2.0,0.861365904,0.05,0.0,0.0,1.5346161063364248,0.0,1.5914664795576292,0.0,0.0,0.0,0.0,0.02844603817824094,0.02184117755609887,0.0,2.581988897471611,0.0017396339925858364,0.0
128,15.0,0.0,9.70289999999998,0.0,4.194999999999997,100.0,100.0,0.0,15.0,0.3409960374732747,0.9753333333333334,0.8,3.0,0.8605568160000001,0.05,0.0,0.0,1.479357777325464,0.0,1.5396121445206754,0.0,0.0,0.0,0.0,0.04697745240905382,0.07650062535046588,1.6865480854231358,3.4960294939005054,0.0015414345202311283,0.0
129,15.0,0.0,9.24289999999998,0.0,4.289999999999997,100.0,100.0,0.0,15.0,0.35502038467132657,1.0123333333333333,1.0,1.5,0.8605568160000001,0.05,0.0,0.0,1.4955967226462248,0.0,1.2882201330173,0.0,0.0,0.0,0.0,0.05086191352767113,0.017288403306519862,2.160246899469287,2.41522945769824,0.0015414345202311283,0.0
130,15.0,0.0,9.242899999999981,0.0,4.457999999999997,100.0,100.0,0.0,15.0,0.3648781460515079,0.998,0.9,1.5,0.8602110719999999,0.05,0.0,0.0,1.6149203018977403,0.0,1.2795120597755656,0.0,0.0,0.0,0.0,0.05670575066627347,0.04389099854282675,2.8460498941515415,2.41522945769824,0.0017351108535883404,0.0
131,15.0,0.0,8.91939999999998,0.0,4.325999999999997,100.0,100.0,0.0,15.0,0.37671687909021656,1.0006666666666666,0.5,0.5,0.8600958240000001,0.05,0.0,0.0,1.7022335131624402,0.0,1.3123786716408408,0.0,0.0,0.0,0.0,0.057559913526634934,0.027702119186217646,1.2692955176439846,1.5811388300841898,0.0019626027199003073,0.0
132,15.0,0.0,10.233433333333315,0.0,4.152999999999997,100.0,100.0,0.0,15.0,0.34441250574392174,0.9306666666666666,0.8,2.0,0.8585975999999998,0.05,0.0,0.0,1.5599026010271817,0.0,1.1326081012914886,0.0,0.0,0.0,0.0,0.04640104171143734,0.05783757589305745,1.4757295747452437,2.581988897471611,0.0017180157484726663,0.0
133,15.0,0.0,9.81779999999998,0.0,4.036999999999997,100.0,100.0,0.0,15.0,0.36148451855803304,1.015655,0.1655,2.0,0.8585975999999998,0.05,0.0,0.0,1.6140288996448906,0.0,1.1347642927057584,0.0,0.0,0.0,0.0,0.05373412414280301,0.020410905536374778,0.5233569527578668,2.581988897471611,0.0017180157484726663,0.0
134,15.0,0.0,10.771133333333315,0.0,3.836999999999997,100.0,100.0,0.0,15.0,0.3290016010354132,0.9266666666666665,0.4,0.0,0.857329872,0.05,0.0,0.0,1.5697312516698982,0.0,1.09814034723355,0.0,0.0,0.0,0.0,0.054931515198486866,0.058373002384727514,1.2649110640673518,0.0,0.0021354597123430094,0.0
135,15.0,0.0,10.331133333333316,0.0,3.640999999999997,100.0,100.0,0.0,15.0,0.34478814624542775,1.013,1.1,1.0,0.857329872,0.05,0.0,0.0,1.5051939393519158,0.0,1.0604343973632273,0.0,0.0,0.0,0.0,0.05762852693890804,0.02162817093001113,2.4244128727957572,2.1081851067789197,0.0021354597123430094,0.0
136,15.0,0.0,10.291133333333317,0.0,3.5989999999999966,100.0,100.0,0.0,15.0,0.34933643246177876,0.991,0.0,1.5,0.8569841279999999,0.05,0.0,0.0,1.6079327745298984,0.0,1.0483049810686453,0.0,0.0,0.0,0.0,0.07187567192934279,0.04289090380989458,0.0,2.41522945769824,0.0021181120674412177,0.0
137,15.0,0.0,10.197799999999983,0.0,3.4099999999999975,100.0,100.0,0.0,15.0,0.35237935470507376,0.9836666666666666,0.4,0.5,0.856638384,0.05,0.0,0.0,1.4489634967157812,0.0,1.0145168527158357,0.0,0.0,0.0,0.0,0.06663771575571516,0.028128892048945583,1.2649110640673518,1.5811388300841898,0.0018859087000594869,0.0
138,15.0,0.0,11.604466666666651,0.0,3.300999999999997,100.0,100.0,0.0,15.0,0.29619032072122575,0.9163333333333332,0.7,1.0,0.855024912,0.05,0.0,0.0,1.471444039198853,0.0,0.9550968537274113,0.0,0.0,0.0,0.0,0.04956333817115543,0.07786423765871492,2.2135943621178655,2.1081851067789197,0.0013797709528179073,0.0
139,15.0,0.0,11.207433333333318,0.0,3.3739999999999974,100.0,100.0,0.0,15.0,0.3072558074726333,1.0211116666666666,0.7445,2.5,0.855024912,0.05,0.0,0.0,1.5203130610843656,0.0,1.14615492456784,0.0,0.0,0.0,0.0,0.049183763164338035,0.025223445944371755,1.574985802405145,3.5355339059327373,0.0013797709528179073,0.0
140,15.0,0.0,11.299533333333319,0.0,3.5639999999999974,100.0,100.0,0.0,15.0,0.30364745905371715,0.9891483333333332,0.9815000000000002,2.0,0.85456392,0.05,0.0,0.0,1.5874484239701905,0.0,1.7941893867581415,0.0,0.0,0.0,0.0,0.0599171613366104,0.03990536989298932,1.6885497557897955,3.496029493900505,0.001560465296762494,0.0
141,15.0,0.0,10.846199999999985,0.0,3.418999999999997,100.0,100.0,0.0,15.0,0.3171430108072629,1.011,0.9,1.0,0.85456392,0.05,0.0,0.0,1.6899854349580585,0.0,1.624762888683898,0.0,0.0,0.0,0.0,0.06520036299328703,0.02330951164939605,1.5238839267549946,3.1622776601683795,0.001560465296762494,0.0
142,15.0,0.0,10.639533333333317,0.0,3.456999999999997,100.0,100.0,0.0,15.0,0.3214462550079431,0.994,0.4,1.0,0.854333424,0.05,0.0,0.0,1.957186038710542,0.0,1.5180546762221707,0.0,0.0,0.0,0.0,0.08131367184089741,0.021418810240038225,1.2649110640673518,3.1622776601683795,0.0018059606346097266,0.0
143,15.0,0.0,10.367233333333317,0.0,3.353999999999997,100.0,100.0,0.0,15.0,0.3324396993015101,1.0126666666666666,1.0,2.0,0.854218176,0.05,0.0,0.0,1.7970408532905064,0.0,1.576375589762795,0.0,0.0,0.0,0.0,0.08087191180893226,0.028012342958501153,1.6996731711975948,2.581988897471611,0.0017854143387348615,0.0
144,15.0,0.0,12.060566666666652,0.0,3.1709999999999967,100.0,100.0,0.0,15.0,0.2696668896579159,0.9046666666666667,0.1,1.5,0.852374208,0.05,0.0,0.0,1.1235201630545526,0.0,1.5203248921785688,0.0,0.0,0.0,0.0,0.05549274468523452,0.10926465774484793,0.31622776601683794,4.743416490252569,0.001735110853588299,0.0
145,15.0,0.0,11.874266666666653,0.0,3.070999999999997,100.0,100.0,0.0,15.0,0.2715167518013028,0.9976666666666667,0.4,1.5,0.8521437119999999,0.05,0.0,0.0,0.9521744549149573,0.0,1.5595971702120177,0.0,0.0,0.0,0.0,0.05149961246871669,0.03781207593375104,1.2649110640673518,2.4152294576982394,0.0015557294275805,0.0
146,15.0,0.0,12.254533333333319,0.0,3.2129999999999974,100.0,100.0,0.0,15.0,0.2505992220241383,0.9746666666666666,0.0,2.0,0.851452224,0.05,0.0,0.0,1.1102626560558124,0.0,1.459985159741929,0.0,0.0,0.0,0.0,0.03721454033333425,0.05147695157262013,0.0,2.581988897471611,0.0016116416284521664,0.0
147,15.0,0.0,11.953433333333319,0.0,2.851999999999997,100.0,100.0,0.0,15.0,0.2551377557278224,1.0054266666666665,0.17600000000000005,1.5,0.851336976,0.05,0.0,0.0,1.2048061372665189,0.0,1.3710887806573446,0.0,0.0,0.0,0.0,0.04487618550171406,0.03180602008394395,0.5565608681896349,2.41522945769824,0.001541434520231059,0.0
148,15.0,0.0,11.586766666666652,0.0,2.849999999999997,100.0,100.0,0.0,15.0,0.2655844853500541,1.0046666666666666,0.4,2.0,0.851221728,0.05,0.0,0.0,1.3306462928930929,0.0,1.549544736007608,0.0,0.0,0.0,0.0,0.04495187444623378,0.03859252150416428,1.2649110640673518,3.496029493900505,0.001555729427580495,0.0
149,15.0,0.0,11.260099999999984,0.0,2.687999999999997,100.0,100.0,0.0,15.0,0.27269168684855344,1.0006666666666666,0.0,1.0,0.85110648,0.05,0.0,0.0,1.5421047990039844,0.0,1.1277982483090174,0.0,0.0,0.0,0.0,0.052989833913653334,0.028144249242644574,0.0,2.1081851067789197,0.0016523346372935396,0.0
150,15.0,0.0,12.422399999999985,0.0,3.0459999999999967,100.0,100.0,0.0,15.0,0.23052039144296038,0.9333333333333332,0.7,1.5,0.849723504,0.05,0.0,0.0,0.8892334443319834,0.0,1.4855242247173963,0.0,0.0,0.0,0.0,0.032936449428175356,0.07245262394178272,2.2135943621178655,2.4152294576982394,0.0009488052087546812,0.0
151,15.0,0.0,11.962399999999985,0.0,2.8709999999999973,100.0,100.0,0.0,15.0,0.24079702801035632,1.0073333333333332,0.0,1.0,0.849723504,0.05,0.0,0.0,0.9017866052905672,0.0,1.4272385925275417,0.0,0.0,0.0,0.0,0.03695147063039361,0.015460024116378623,0.0,2.1081851067789192,0.0009488052087546812,0.0
152,15.0,0.0,11.51573333333332,0.0,2.777999999999998,100.0,100.0,0.0,15.0,0.25140076375309844,1.0096666666666665,0.3,1.0,0.849723504,0.05,0.0,0.0,0.8964656638264278,0.0,1.4186362778700143,0.0,0.0,0.0,0.0,0.038808367310072055,0.01598224323320832,0.9486832980505138,2.1081851067789197,0.0009488052087546812,0.0
153,15.0,0.0,10.969066666666652,0.0,2.7699999999999974,100.0,100.0,0.0,15.0,0.2664038766874237,1.0076666666666667,1.2,1.5,0.849723504,0.05,0.0,0.0,0.9712094127719283,0.0,1.5670566890405293,0.0,0.0,0.0,0.0,0.043505708812768856,0.022501028783064474,2.6997942308422114,2.41522945769824,0.0009488052087546812,0.0
154,15.0,0.0,10.80906666666665,0.0,2.759999999999997,100.0,100.0,0.0,15.0,0.26793839473108455,1.0006666666666666,0.5,1.5,0.8494953129599999,0.05,0.0,0.0,0.719404637251365,0.0,1.656555998986384,0.0,0.0,0.0,0.0,0.03796964850692439,0.0385477097364542,1.0801234497346435,2.41522945769824,0.0012634344349334542,0.0
155,15.0,0.0,10.34906666666665,0.0,2.6719999999999975,100.0,100.0,0.0,15.0,0.2806676146885675,1.0073333333333332,0.0,1.0,0.8494953129599999,0.05,0.0,0.0,0.7072089603365109,0.0,1.5401212073513344,0.0,0.0,0.0,0.0,0.03821152836114258,0.015460024116378776,0.0,2.1081851067789192,0.0012634344349334542,0.0
156,15.0,0.0,10.942399999999983,0.0,2.511999999999998,100.0,100.0,0.0,15.0,0.26237801039898845,0.954,0.4,1.0,0.84857563392,0.05,0.0,0.0,1.074090977133919,0.0,1.495361717667891,0.0,0.0,0.0,0.0,0.04568345648165619,0.048401612053553714,1.2649110640673518,2.1081851067789197,0.0014372226039403905,0.0
157,15.0,0.0,10.522399999999983,0.0,2.5049999999999977,100.0,100.0,0.0,15.0,0.2771171254576817,1.0146666666666664,0.0,2.0,0.84857563392,0.05,0.0,0.0,1.0966887625827633,0.0,1.3521032998012141,0.0,0.0,0.0,0.0,0.050108794875187206,0.025637549621937067,0.0,3.496029493900505,0.0014372226039403905,0.0
158,15.0,0.0,10.342399999999984,0.0,2.571999999999998,100.0,100.0,0.0,15.0,0.2799691022298522,0.9986666666666666,1.0,1.0,0.84834744288,0.05,0.0,0.0,1.074642550965523,0.0,1.1884985859852284,0.0,0.0,0.0,0.0,0.04533845328083561,0.026209036232698695,2.5385910352879697,2.1081851067789192,0.0015675253266962193,0.0
159,15.0,0.0,9.967866666666648,0.0,2.7849999999999975,100.0,100.0,0.0,15.0,0.2915942235796313,1.0228199999999998,0.5820000000000001,2.5,0.84834744288,0.05,0.0,0.0,1.1374802475560857,0.0,1.1305382199053091,0.0,0.0,0.0,0.0,0.050740207660773536,0.03589240505651216,1.840445598217997,4.85912657903775,0.0015675253266962193,0.0
160,15.0,0.0,10.181199999999983,0.0,2.924999999999998,100.0,100.0,0.0,15.0,0.2908262530237464,0.9776666666666666,0.4,1.5,0.84778042272,0.05,0.0,0.0,0.9827643451126498,0.0,1.6298551401206725,0.0,0.0,0.0,0.0,0.04816823831731107,0.06516929520132184,1.2649110640673518,4.743416490252569,0.0016332195426619377,0.0
161,15.0,0.0,9.70656666666665,0.0,2.844999999999998,100.0,100.0,0.0,15.0,0.30596803109811177,1.004805,0.18050000000000002,0.5,0.84778042272,0.05,0.0,0.0,1.0035106776945213,0.0,1.5432811366263326,0.0,0.0,0.0,0.0,0.052125378056136165,0.011752751319595241,0.5707911176603925,1.5811388300841898,0.0016332195426619377,0.0
162,15.0,0.0,10.394666666666648,0.0,3.066999999999998,100.0,100.0,0.0,15.0,0.2911434859723845,0.9683333333333332,0.4,2.5,0.8468630486400001,0.05,0.0,0.0,1.0209112366344217,0.0,1.368007878469841,0.0,0.0,0.0,0.0,0.035399138377696676,0.052381553628102984,1.2649110640673518,2.6352313834736494,0.001299049408836594,0.0
163,15.0,0.0,9.934666666666647,0.0,3.140999999999998,100.0,100.0,0.0,15.0,0.30526041705266077,1.0073333333333334,0.0,1.0,0.8468630486400001,0.05,0.0,0.0,1.018092139709504,0.0,1.3470911047306502,0.0,0.0,0.0,0.0,0.037442473371695664,0.015460024116378746,0.0,2.1081851067789197,0.001299049408836594,0.0
164,15.0,0.0,10.101333333333315,0.0,2.990999999999998,100.0,100.0,0.0,15.0,0.3035365839803229,0.969,0.7,0.0,0.84629833344,0.05,0.0,0.0,0.8867017536917384,0.0,1.310915286694334,0.0,0.0,0.0,0.0,0.03772730275428271,0.049492486024037045,1.4944341180973264,0.0,0.0017049157566643828,0.0
165,15.0,0.0,9.62799999999998,0.0,3.067999999999998,100.0,100.0,0.0,15.0,0.31976439563825965,1.005,0.2,0.5,0.84629833344,0.05,0.0,0.0,0.9162392269422096,0.0,1.5944333720095598,0.0,0.0,0.0,0.0,0.03988361763680699,0.015811388300841868,0.6324555320336759,1.5811388300841895,0.0017049157566643828,0.0
166,15.0,0.0,9.721333333333314,0.0,3.003999999999998,100.0,100.0,0.0,15.0,0.320220552072464,0.9843333333333332,0.0,1.5,0.84584425632,0.05,0.0,0.0,1.0402079564166944,0.0,1.7173700824225389,0.0,0.0,0.0,0.0,0.03684587227583568,0.048484438129576576,0.0,3.3747427885527643,0.0016555129944627494,0.0
167,15.0,0.0,9.374666666666647,0.0,2.934999999999998,100.0,100.0,0.0,15.0,0.33213515570102203,0.9969999999999999,0.0,0.5,0.84573131328,0.05,0.0,0.0,1.179766873811607,0.0,1.75674730997691,0.0,0.0,0.0,0.0,0.04297022271771522,0.025163661826991913,0.0,1.5811388300841898,0.001686240990295124,0.0
168,15.0,0.0,10.194666666666649,0.0,2.875999999999998,100.0,100.0,0.0,15.0,0.31063641158979094,0.9616666666666666,0.4,2.5,0.8447079110399999,0.05,0.0,0.0,1.6296293602693408,0.0,1.4843419791648786,0.0,0.0,0.0,0.0,0.05484832320052044,0.06650443222953517,1.2649110640673518,2.6352313834736494,0.001255313560453915,0.0
169,15.0,0.0,9.754666666666648,0.0,3.033999999999998,100.0,100.0,0.0,15.0,0.32644450018272797,1.011,0.0,1.5,0.8447079110399999,0.05,0.0,0.0,1.622422514271428,0.0,1.6375740865343726,0.0,0.0,0.0,0.0,0.058370652213303426,0.01771168268978709,0.0,2.41522945769824,0.001255313560453915,0.0
170,15.0,0.0,9.827999999999982,0.0,2.962999999999998,100.0,100.0,0.0,15.0,0.3256378182254914,0.9806666666666667,0.0,1.0,0.8442538339199999,0.05,0.0,0.0,1.4627347970222635,0.0,1.6530581088126053,0.0,0.0,0.0,0.0,0.05023493374144517,0.047991768841575425,0.0,2.1081851067789192,0.0014437078314971266,0.0
171,15.0,0.0,9.504666666666648,0.0,3.038999999999998,100.0,100.0,0.0,15.0,0.33889831664400266,1.0006666666666666,0.0,1.0,0.84414089088,0.05,0.0,0.0,1.4753850303071159,0.0,1.7359048232998127,0.0,0.0,0.0,0.0,0.05227265748451668,0.02814424924264455,0.0,2.1081851067789192,0.0016242582821107134,0.0
172,15.0,0.0,9.979299999999983,0.0,3.113999999999998,100.0,100.0,0.0,15.0,0.3272903035278178,0.9606666666666666,0.0,1.0,0.8433502896,0.05,0.0,0.0,1.6165321704267754,0.0,1.9373991730037343,0.0,0.0,0.0,0.0,0.045771893533670185,0.04880801391392835,0.0,2.1081851067789197,0.0013153876253924018,0.0
173,15.0,0.0,9.559299999999983,0.0,3.1819999999999977,100.0,100.0,0.0,15.0,0.3393017289527355,1.0146666666666666,0.0,2.0,0.8433502896,0.05,0.0,0.0,1.6337087886685462,0.0,1.9411382685882466,0.0,0.0,0.0,0.0,0.05183378219062659,0.018934585248125115,0.0,2.581988897471611,0.0013153876253924018,0.0
174,15.0,0.0,10.24596666666665,0.0,3.0249999999999977,100.0,100.0,0.0,15.0,0.3241751901747483,0.9400000000000001,0.4,0.0,0.84233149728,0.05,0.0,0.0,1.0134093349910076,0.0,1.8653343459611256,0.0,0.0,0.0,0.0,0.044096215005440295,0.07981459998252427,1.2649110640673518,0.0,0.0014893145479588559,0.0
175,15.0,0.0,9.759299999999984,0.0,3.0189999999999975,100.0,100.0,0.0,15.0,0.34141025322908974,1.0073333333333334,0.8,1.0,0.84233149728,0.05,0.0,0.0,1.0115222418113272,0.0,1.6170992548387366,0.0,0.0,0.0,0.0,0.047577827149767854,0.015460024116378729,1.6865480854231356,2.1081851067789197,0.0014893145479588559,0.0
176,15.0,0.0,9.94596666666665,0.0,2.934999999999998,100.0,100.0,0.0,15.0,0.337323500798443,0.9703333333333333,0.0,0.5,0.84176678208,0.05,0.0,0.0,1.6532492395728347,0.0,1.5212951353662072,0.0,0.0,0.0,0.0,0.07339123085777893,0.060132569593573194,0.0,1.5811388300841895,0.0018508635841916299,0.0
177,15.0,0.0,9.812633333333315,0.0,2.8839999999999977,100.0,100.0,0.0,15.0,0.3453125452350152,1.0073333333333332,0.7,2.5,0.841540896,0.05,0.0,0.0,1.5348208440911906,0.0,1.7371573203240842,0.0,0.0,0.0,0.0,0.07481903652351268,0.034526783305603485,1.4944341180973264,2.6352313834736494,0.0015493797178392852,0.0
178,15.0,0.0,10.619299999999985,0.0,2.7309999999999977,100.0,100.0,0.0,15.0,0.3171155566389986,0.9596666666666666,0.2,2.5,0.84052440864,0.05,0.0,0.0,1.1397027818094518,0.0,1.670272432868362,0.0,0.0,0.0,0.0,0.045581033422098446,0.08077479743852388,0.6324555320336759,2.6352313834736494,0.0014904794123441524,0.0
179,15.0,0.0,10.12596666666665,0.0,2.657999999999998,100.0,100.0,0.0,15.0,0.3346897826896223,1.0036666666666665,0.4,0.5,0.84052440864,0.05,0.0,0.0,1.110808608265859,0.0,1.60627796127846,0.0,0.0,0.0,0.0,0.04985593142155667,0.011595018087284019,1.2649110640673518,1.5811388300841895,0.0014904794123441524,0.0
180,15.0,0.0,10.24596666666665,0.0,2.663999999999998,100.0,100.0,0.0,15.0,0.3261305646403788,0.9916666666666666,0.4,2.5,0.84007033152,0.05,0.0,0.0,1.2803668306339637,0.0,1.61525505381933,0.0,0.0,0.0,0.0,0.042705151307848466,0.06270152694696898,1.2649110640673518,3.5355339059327373,0.001579408795883179,0.0
181,15.0,0.0,9.76596666666665,0.0,2.5969999999999978,100.0,100.0,0.0,15.0,0.34439740313585887,1.0036666666666665,0.0,0.5,0.84007033152,0.05,0.0,0.0,1.2776569841455137,0.0,1.5780089423771395,0.0,0.0,0.0,0.0,0.048057093896968106,0.011595018087284017,0.0,1.5811388300841895,0.001579408795883179,0.0
182,15.0,0.0,9.392633333333317,0.0,2.5259999999999976,100.0,100.0,0.0,15.0,0.3556491303721919,0.9969999999999999,0.8,0.5,0.83995738848,0.05,0.0,0.0,1.4265427295595696,0.0,1.5750710742340759,0.0,0.0,0.0,0.0,0.05174142675175495,0.025163661826991923,1.6865480854231356,1.5811388300841895,0.0016016864658797147,0.0
183,15.0,0.0,8.985966666666648,0.0,2.530999999999998,100.0,100.0,0.0,15.0,0.3754069954358494,1.0193333333333334,1.0,2.0,0.83995738848,0.05,0.0,0.0,1.4143144607290026,0.0,1.6100410622782946,0.0,0.0,0.0,0.0,0.05754455147447459,0.02707100859171734,1.699673171197595,3.496029493900505,0.0016016864658797147,0.0
184,15.0,0.0,11.316366666666653,0.0,2.3389999999999977,100.0,100.0,0.0,15.0,0.29950781629863554,0.86556,0.25600000000000006,0.5,0.83758558464,0.05,0.0,0.0,1.8612334052689106,0.0,1.425267616196262,0.0,0.0,0.0,0.0,0.06444979064918996,0.05569050454338063,0.8095430810031053,1.5811388300841898,0.002142943513581024,0.0
185,15.0,0.0,11.009699999999984,0.0,2.421999999999998,100.0,100.0,0.0,15.0,0.30881362775549437,1.0043333333333333,0.0,1.5,0.8374726416,0.05,0.0,0.0,2.0651577911794425,0.0,1.3823152880423313,0.0,0.0,0.0,0.0,0.07989216916781765,0.030349812373573454,0.0,2.4152294576982394,0.0022113005092861864,0.0
186,15.0,0.0,11.069699999999987,0.0,2.3679999999999977,100.0,100.0,0.0,15.0,0.29987721019269387,0.9806666666666667,0.4,1.0,0.8370208694400001,0.05,0.0,0.0,1.9602130549987853,0.0,1.7681490636004387,0.0,0.0,0.0,0.0,0.06071790753887226,0.0694386664262911,1.2649110640673518,2.1081851067789197,0.0019526048261843752,0.0
187,15.0,0.0,10.576366666666651,0.0,2.228999999999998,100.0,100.0,0.0,15.0,0.3148334982683566,1.0013333333333332,0.2,0.0,0.8370208694400001,0.05,0.0,0.0,1.9638385594682528,0.0,1.6954937006337965,0.0,0.0,0.0,0.0,0.06674969961565834,0.004216370213557838,0.6324555320336759,0.0,0.0019526048261843752,0.0
188,15.0,0.0,10.629699999999984,0.0,2.2429999999999977,100.0,100.0,0.0,15.0,0.3162133849200445,0.977,0.0,0.5,0.83656909728,0.05,0.0,0.0,1.4358182288924184,0.0,1.5490861105108955,0.0,0.0,0.0,0.0,0.05795894558831285,0.03792292378164095,0.0,1.5811388300841898,0.0016016864658796419,0.0
189,15.0,0.0,10.289699999999984,0.0,2.261999999999998,100.0,100.0,0.0,15.0,0.32738927621189273,1.0006666666666666,0.4,1.0,0.8364561542400001,0.05,0.0,0.0,1.4097899891757828,0.0,1.5055733496283425,0.0,0.0,0.0,0.0,0.05755525690282457,0.02814424924264457,1.2649110640673518,2.1081851067789192,0.0016149055604782164,0.0
190,15.0,0.0,11.547499999999987,0.0,2.130999999999998,100.0,100.0,0.0,15.0,0.2838652297325118,0.9180033333333333,0.16700000000000004,0.5,0.83498789472,0.05,0.0,0.0,1.0907284602842626,0.0,1.4252987990827266,0.0,0.0,0.0,0.0,0.05508447938323374,0.06848043867763613,0.5281003692481195,1.5811388300841898,0.0016878593237763106,0.0
191,15.0,0.0,11.200833333333318,0.0,2.002999999999998,100.0,100.0,0.0,15.0,0.2911012325005461,0.9969999999999999,0.0,0.5,0.83487495168,0.05,0.0,0.0,1.1850184897239613,0.0,1.3453545588018372,0.0,0.0,0.0,0.0,0.0560029914185439,0.025163661826991913,0.0,1.5811388300841895,0.0016667338438963594,0.0
192,15.0,0.0,11.70153333333332,0.0,1.920999999999998,100.0,100.0,0.0,15.0,0.27136986325897317,0.968,0.4,2.0,0.8340843504000001,0.05,0.0,0.0,1.1580032218126164,0.0,1.3462165089200495,0.0,0.0,0.0,0.0,0.042693161032416355,0.041609590537415274,1.2649110640673518,2.581988897471611,0.0015292559908272698,0.0
193,15.0,0.0,11.354866666666654,0.0,1.7989999999999982,100.0,100.0,0.0,15.0,0.2795901884707443,0.9969999999999999,0.0,0.5,0.83397140736,0.05,0.0,0.0,1.1741052195892292,0.0,1.2730143579534179,0.0,0.0,0.0,0.0,0.04776043501800183,0.02516366182699192,0.0,1.5811388300841895,0.0014286290090540677,0.0
194,15.0,0.0,11.488199999999987,0.0,1.824999999999998,100.0,100.0,0.0,15.0,0.27001769608040105,0.9916666666666666,0.0,2.5,0.8335218940608,0.05,0.0,0.0,1.167895481963232,0.0,1.1915839132105719,0.0,0.0,0.0,0.0,0.03847106037423108,0.06027201713384672,0.0,2.6352313834736494,0.0012998190694497118,0.0
195,15.0,0.0,11.15973333333332,0.0,1.702999999999998,100.0,100.0,0.0,15.0,0.2749848918429024,1.0000633333333333,0.873,0.0,0.8334089510208,0.05,0.0,0.0,1.3879348616728813,0.0,1.1244163918327676,0.0,0.0,0.0,0.0,0.044453590969571764,0.027217289575779804,1.6637177244552834,0.0,0.0015423772520977478,0.0
196,15.0,0.0,11.800566666666652,0.0,1.8269999999999982,100.0,100.0,0.0,15.0,0.25381993216116017,0.9627916666666666,0.6125000000000002,2.0,0.8325076655615999,0.05,0.0,0.0,1.1998175792414425,0.0,1.0588363633935334,0.0,0.0,0.0,0.0,0.04937713193412599,0.05997300382898634,1.3647980111031492,2.581988897471611,0.0016329131664819098,0.0
197,15.0,0.0,11.333899999999986,0.0,1.7919999999999985,100.0,100.0,0.0,15.0,0.2653254096501586,1.0059999999999998,0.3,0.5,0.8325076655615999,0.05,0.0,0.0,1.2019589981914265,0.0,1.0403396881147353,0.0,0.0,0.0,0.0,0.052090703423767544,0.013033669598769074,0.9486832980505138,1.5811388300841898,0.0016329131664819098,0.0
198,15.0,0.0,10.893899999999984,0.0,1.9069999999999983,100.0,100.0,0.0,15.0,0.276313799270137,1.011,0.0,1.5,0.8325076655615999,0.05,0.0,0.0,1.3147567962681683,0.0,1.2370848349603543,0.0,0.0,0.0,0.0,0.058637421208922694,0.024748113782720235,0.0,3.3747427885527643,0.0016329131664819098,0.0
199,15.0,0.0,10.413899999999986,0.0,1.7969999999999984,100.0,100.0,0.0,15.0,0.2890080024756708,1.0036666666666665,0.0,0.5,0.8325076655615999,0.05,0.0,0.0,1.3601079300855088,0.0,1.1771533460004258,0.0,0.0,0.0,0.0,0.06483271243600586,0.011595018087284036,0.0,1.5811388300841895,0.0016329131664819098,0.0
200,15.0,0.0,10.200566666666651,0.0,1.8379999999999985,100.0,100.0,0.0,15.0,0.29625483918805057,0.9903333333333333,0.0,0.5,0.8322840383424,0.05,0.0,0.0,1.3047308984169705,0.0,1.1222873468452217,0.0,0.0,0.0,0.0,0.06549154681017481,0.032143582198367486,0.0,1.5811388300841898,0.0016320536328832396,0.0
201,15.0,0.0,9.80056666666665,0.0,1.8079999999999985,100.0,100.0,0.0,15.0,0.310917366581361,1.0183333333333333,0.0,2.5,0.8322840383424,0.05,0.0,0.0,1.2901236427491165,0.0,0.9862025935656193,0.0,0.0,0.0,0.0,0.06784307443457607,0.03563359491294351,0.0,4.85912657903775,0.0016320536328832396,0.0
202,15.0,0.0,10.353899999999985,0.0,1.7059999999999984,100.0,100.0,0.0,15.0,0.2946663102344972,0.9466666666666667,0.4,0.0,0.8313850117439999,0.05,0.0,0.0,1.03546077355941,0.0,0.9390799279673218,0.0,0.0,0.0,0.0,0.05315013748710487,0.052587375849774326,1.2649110640673518,0.0,0.0012441404834770292,0.0
203,15.0,0.0,10.06056666666665,0.0,1.9789999999999985,100.0,100.0,0.0,15.0,0.3089994662425365,1.0116666666666667,0.8,2.5,0.8312720687040001,0.05,0.0,0.0,1.1381261407883068,0.0,1.4434407196387076,0.0,0.0,0.0,0.0,0.05207614003658892,0.037259516971349306,2.5298221281347035,3.5355339059327378,0.0011929622522950335,0.0
204,15.0,0.0,10.213899999999985,0.0,1.8729999999999987,100.0,100.0,0.0,15.0,0.305605761799043,0.9666666666666666,0.4,0.0,0.8307163889471999,0.05,0.0,0.0,0.9731809882043898,0.0,1.3937164545041274,0.0,0.0,0.0,0.0,0.04586509577956637,0.04714045207910312,1.2649110640673518,0.0,0.0016114772685207645,0.0
205,15.0,0.0,9.80056666666665,0.0,1.9929999999999986,100.0,100.0,0.0,15.0,0.32272320557951495,1.016,0.2,2.0,0.8307163889471999,0.05,0.0,0.0,1.0144434714611394,0.0,1.5196494478808074,0.0,0.0,0.0,0.0,0.05075219513794696,0.025131751595772345,0.6324555320336759,3.496029493900505,0.0016114772685207645,0.0
206,15.0,0.0,9.987233333333318,0.0,2.0339999999999985,100.0,100.0,0.0,15.0,0.3185329249505113,0.9726666666666667,0.7,0.5,0.8301607091904,0.05,0.0,0.0,1.2692716882206596,0.0,1.5817023178279217,0.0,0.0,0.0,0.0,0.046926076714891594,0.05325920774736084,1.4944341180973264,1.5811388300841895,0.0017530742344325384,0.0
207,15.0,0.0,9.653899999999982,0.0,2.026999999999999,100.0,100.0,0.0,15.0,0.32995351660480965,1.0043333333333333,0.8,1.5,0.8300500250112,0.05,0.0,0.0,1.3608208311779726,0.0,1.5285872199154642,0.0,0.0,0.0,0.0,0.048130616384453866,0.030349812373573443,1.6865480854231356,2.4152294576982394,0.0017881403601806229,0.0
208,15.0,0.0,10.676166666666651,0.0,1.926999999999999,100.0,100.0,0.0,15.0,0.301222862032134,0.93934,1.134,1.0,0.8288144281535998,0.05,0.0,0.0,1.2569248703202731,0.0,1.46913466594001,0.0,0.0,0.0,0.0,0.03787307270227495,0.09750396231264999,1.8552040917975092,2.1081851067789197,0.0008795742138469629,0.0
209,15.0,0.0,10.21616666666665,0.0,1.9049999999999987,100.0,100.0,0.0,15.0,0.3150935049838349,1.0073333333333332,0.0,1.0,0.8288144281535998,0.05,0.0,0.0,1.2783123060707258,0.0,1.4961896047404322,0.0,0.0,0.0,0.0,0.04181951786913227,0.015460024116378736,0.0,2.1081851067789197,0.0008795742138469629,0.0
210,15.0,0.0,10.609499999999985,0.0,1.8849999999999987,100.0,100.0,0.0,15.0,0.3032704628172739,0.977,0.3,2.0,0.8281480642176,0.05,0.0,0.0,1.239051162765534,0.0,1.4313959775144134,0.0,0.0,0.0,0.0,0.03565559374556264,0.06335184914525742,0.9486832980505138,2.5819888974716116,0.0012615422429052088,0.0
211,15.0,0.0,10.15616666666665,0.0,1.8669999999999987,100.0,100.0,0.0,15.0,0.3184821740791909,1.011,0.4,1.5,0.8281480642176,0.05,0.0,0.0,1.224662566274716,0.0,1.3386066553613785,0.0,0.0,0.0,0.0,0.03775679279129095,0.01771168268978711,1.2649110640673518,2.4152294576982394,0.0012615422429052088,0.0
212,15.0,0.0,10.342833333333317,0.0,1.8479999999999985,100.0,100.0,0.0,15.0,0.3132653904494246,0.9706666666666666,0.1,0.5,0.8275923844608,0.05,0.0,0.0,1.4120183894336407,0.0,1.2945166408097393,0.0,0.0,0.0,0.0,0.043602891193619965,0.033473778202654306,0.31622776601683794,1.5811388300841895,0.0011747620578671817,0.0
213,15.0,0.0,9.902833333333316,0.0,1.9049999999999987,100.0,100.0,0.0,15.0,0.32742879813420445,1.011,0.0,1.5,0.8275923844608,0.05,0.0,0.0,1.4384288003166001,0.0,1.3373294283758204,0.0,0.0,0.0,0.0,0.05095695288205621,0.017711682689787112,0.0,2.4152294576982394,0.0011747620578671817,0.0
214,15.0,0.0,10.971599999999984,0.0,2.034999999999999,100.0,100.0,0.0,15.0,0.29373619673520773,0.9446666666666665,0.4,2.0,0.8263725996288,0.05,0.0,0.0,1.5778874515872647,0.0,1.133414212800323,0.0,0.0,0.0,0.0,0.05818075440063577,0.0722683613304101,1.2649110640673518,3.496029493900505,0.00174588492819844,0.0
215,15.0,0.0,10.518266666666651,0.0,2.0879999999999987,100.0,100.0,0.0,15.0,0.3060964254265047,1.0133333333333332,1.1,1.5,0.8263725996288,0.05,0.0,0.0,1.6425582034898671,0.0,1.2179199024931349,0.0,0.0,0.0,0.0,0.06617236698986259,0.022388268532899932,1.7919573407620817,2.41522945769824,0.00174588492819844,0.0
216,15.0,0.0,10.684933333333317,0.0,1.9899999999999984,100.0,100.0,0.0,15.0,0.29937821676605103,0.9716666666666667,1.0,0.5,0.8258191787328,0.05,0.0,0.0,1.8553738886452715,0.0,1.1619906291456144,0.0,0.0,0.0,0.0,0.08168741222465517,0.04178871015353665,1.699673171197595,1.5811388300841898,0.0019132860629736403,0.0
217,15.0,0.0,10.645599999999984,0.0,1.9659999999999986,100.0,100.0,0.0,15.0,0.30129239385565487,0.991,0.5,1.0,0.8254871261951999,0.05,0.0,0.0,1.852681345483147,0.0,1.0740494505478881,0.0,0.0,0.0,0.0,0.08586405520077879,0.03600582943200196,1.5811388300841895,2.1081851067789197,0.001789883314092914,0.0
218,15.0,0.0,11.365599999999985,0.0,1.8679999999999986,100.0,100.0,0.0,15.0,0.27235604725367063,0.9436666666666665,0.0,0.5,0.8244909685824,0.05,0.0,0.0,1.443148656391453,0.0,1.0201720987711385,0.0,0.0,0.0,0.0,0.05027522876197374,0.0862446992466676,0.0,1.5811388300841898,0.0016043407653081958,0.0
219,15.0,0.0,10.905599999999984,0.0,1.7719999999999985,100.0,100.0,0.0,15.0,0.2846609762122275,1.0073333333333332,0.0,1.0,0.8244909685824,0.05,0.0,0.0,1.4300228850797676,0.0,0.970404268562563,0.0,0.0,0.0,0.0,0.05691101421167064,0.015460024116378755,0.0,2.1081851067789197,0.0016043407653081958,0.0
220,15.0,0.0,10.585599999999983,0.0,1.9029999999999982,100.0,100.0,0.0,15.0,0.2953124490439948,1.0043333333333333,0.4,1.5,0.8243780255423999,0.05,0.0,0.0,1.5263316857140932,0.0,1.0330757743532437,0.0,0.0,0.0,0.0,0.061938366228987254,0.03492673106962454,1.2649110640673518,3.374742788552764,0.0014538069757509806,0.0
221,15.0,0.0,10.098933333333317,0.0,1.7599999999999985,100.0,100.0,0.0,15.0,0.3100151320391785,1.0053333333333332,0.7,0.5,0.8243780255423999,0.05,0.0,0.0,1.5346343980904635,0.0,0.7745679799446621,0.0,0.0,0.0,0.0,0.06668164586985129,0.011779874027287583,1.3374935098492586,1.5811388300841898,0.0014538069757509806,0.0
222,15.0,0.0,10.19226666666665,0.0,1.9589999999999985,100.0,100.0,0.0,15.0,0.3101442034121097,0.984,0.4,1.0,0.8239352888256001,0.05,0.0,0.0,1.3497271859687856,0.0,0.9004498875562142,0.0,0.0,0.0,0.0,0.06663085572730179,0.04488118745815804,1.2649110640673518,2.1081851067789192,0.001491534374728889,0.0
223,15.0,0.0,9.87226666666665,0.0,1.9379999999999988,100.0,100.0,0.0,15.0,0.31879311261826115,1.002,0.7,0.5,0.8238246046464,0.05,0.0,0.0,1.327586697547915,0.0,0.9874073796226824,0.0,0.0,0.0,0.0,0.0669027766577476,0.0279858870958776,1.3374935098492586,1.5811388300841898,0.0015673665600239711,0.0
224,15.0,0.0,10.858933333333319,0.0,1.9159999999999986,100.0,100.0,0.0,15.0,0.28427489422719676,0.9326666666666666,0.7,0.5,0.8226070786752,0.05,0.0,0.0,1.7327108625888354,0.0,1.024838198611533,0.0,0.0,0.0,0.0,0.05714028550542739,0.0903327183250897,1.4944341180973264,1.5811388300841898,0.002379415579957141,0.0
225,15.0,0.0,10.558933333333318,0.0,1.9699999999999989,100.0,100.0,0.0,15.0,0.2894808285501691,1.0056666666666667,0.2,1.5,0.8224963944959999,0.05,0.0,0.0,2.0113985110788937,0.0,1.1426771683686998,0.0,0.0,0.0,0.0,0.07212472033262893,0.036516527629601635,0.6324555320336759,3.3747427885527643,0.002526582899022625,0.0
226,15.0,0.0,10.465599999999984,0.0,1.9489999999999987,100.0,100.0,0.0,15.0,0.294634605380912,0.9836666666666666,0.4,0.5,0.8221643419583999,0.05,0.0,0.0,1.8430574490486842,0.0,1.1614401979152145,0.0,0.0,0.0,0.0,0.06897764832087552,0.03653004851412663,1.2649110640673518,1.5811388300841898,0.0022625986318955964,0.0
227,15.0,0.0,10.012266666666651,0.0,1.9249999999999985,100.0,100.0,0.0,15.0,0.31184814471366223,1.0086666666666666,0.2,1.0,0.8221643419583999,0.05,0.0,0.0,1.8879745551748492,0.0,1.1967293391202163,0.0,0.0,0.0,0.0,0.07299090799718978,0.015331722942809135,0.6324555320336759,2.1081851067789197,0.0022625986318955964,0.0
228,15.0,0.0,10.238933333333318,0.0,1.8999999999999986,100.0,100.0,0.0,15.0,0.3079873091945514,0.9776666666666667,0.0,1.5,0.8216086622016,0.05,0.0,0.0,1.5839994762438374,0.0,1.249515461644588,0.0,0.0,0.0,0.0,0.06463896895168912,0.05298613841560381,0.0,2.4152294576982394,0.001955768531684616,0.0
229,15.0,0.0,10.046666666666649,0.0,1.8749999999999987,100.0,100.0,0.0,15.0,0.31448754636621845,0.994,0.0,1.0,0.8213872938431999,0.05,0.0,0.0,1.4451451291979138,0.0,1.3421645039098429,0.0,0.0,0.0,0.0,0.0632929476599004,0.026518104693646752,0.0,2.1081851067789197,0.0019834132742366744,0.0
230,15.0,0.0,11.013333333333318,0.0,1.6359999999999986,100.0,100.0,0.0,15.0,0.281683325878238,0.9266666666666665,0.0,0.0,0.820169767872,0.05,0.0,0.0,1.3446005419023004,0.0,1.0754244640037611,0.0,0.0,0.0,0.0,0.04435659592901377,0.07336699564097407,0.0,0.0,0.0019522854148834243,0.0
231,15.0,0.0,10.513333333333318,0.0,1.5409999999999984,100.0,100.0,0.0,15.0,0.29653734312667107,1.005,1.0,0.5,0.820169767872,0.05,0.0,0.0,1.4138817943502462,0.0,1.0336714500588016,0.0,0.0,0.0,0.0,0.04560125731754938,0.011889408088351504,1.699673171197595,1.5811388300841898,0.0019522854148834243,0.0
232,15.0,0.0,10.34666666666665,0.0,1.6689999999999987,100.0,100.0,0.0,15.0,0.2996582976832255,0.9993333333333332,0.3,1.5,0.8199483995135999,0.05,0.0,0.0,1.3137637948436482,0.0,1.1232339224063894,0.0,0.0,0.0,0.0,0.04536222733228375,0.029847348249565912,0.6749485577105528,2.4152294576982394,0.0017923395809022716,0.0
233,15.0,0.0,9.979999999999983,0.0,2.0899999999999985,100.0,100.0,0.0,15.0,0.31342484870955106,1.0046666666666666,0.4,2.0,0.8198377153344,0.05,0.0,0.0,1.4802569012935451,0.0,1.28279209365959,0.0,0.0,0.0,0.0,0.05115426710839091,0.019385625322279446,1.2649110640673518,2.5819888974716116,0.0017344445934792056,0.0
234,15.0,0.0,9.993333333333316,0.0,1.8609999999999984,100.0,100.0,0.0,15.0,0.3124754363863156,0.9746666666666666,1.0,0.0,0.8193949786175999,0.05,0.0,0.0,1.6170999801122445,0.0,1.0869166379156114,0.0,0.0,0.0,0.0,0.049927326649392346,0.0636192377147621,2.1602468994692865,0.0,0.0014803937132299187,0.0
235,15.0,0.0,9.633333333333315,0.0,1.7609999999999986,100.0,100.0,0.0,15.0,0.32678195416079986,0.9996666666666666,1.2,0.5,0.8192842944383999,0.05,0.0,0.0,1.61191550800229,0.0,1.0290605208419736,0.0,0.0,0.0,0.0,0.05273426385441758,0.022024116971970976,3.155242550986462,1.5811388300841898,0.0015478206199655044,0.0
236,15.0,0.0,10.639999999999983,0.0,1.8859999999999986,100.0,100.0,0.0,15.0,0.3019949515081811,0.9389999999999998,1.0,1.5,0.8180689821507838,0.05,0.0,0.0,1.4349947304931876,0.0,1.0672623336785045,0.0,0.0,0.0,0.0,0.06354179246339649,0.062361946294827976,1.699673171197595,2.41522945769824,0.0018409085793654662,0.0
237,15.0,0.0,10.286666666666651,0.0,1.7869999999999986,100.0,100.0,0.0,15.0,0.31177443787404885,0.9979999999999999,1.0,0.0,0.8179582979715839,0.05,0.0,0.0,1.468534164598359,0.0,1.01253312703009,0.0,0.0,0.0,0.0,0.06563468565312552,0.024705674861666294,1.632993161855452,0.0,0.0018074786335290486,0.0
238,15.0,0.0,10.899299999999986,0.0,1.9139999999999986,100.0,100.0,0.0,15.0,0.29109481608807614,0.9555616666666665,0.28950000000000004,1.0,0.8170750382215679,0.05,0.0,0.0,1.4218402130190415,0.0,0.8500614356882941,0.0,0.0,0.0,0.0,0.057628533698539944,0.07697185875450493,0.6635696815122148,2.1081851067789197,0.0017902361449596202,0.0
239,15.0,0.0,10.445966666666651,0.0,1.9629999999999985,100.0,100.0,0.0,15.0,0.30637975811378865,1.011,0.4,1.5,0.8170750382215679,0.05,0.0,0.0,1.4973304512521346,0.0,1.05685119314142,0.0,0.0,0.0,0.0,0.06270111284160393,0.024748113782720217,1.2649110640673518,3.3747427885527643,0.0017902361449596202,0.0
240,15.0,0.0,10.412633333333318,0.0,1.9339999999999986,100.0,100.0,0.0,15.0,0.3068800686267521,0.9923333333333332,0.2,1.5,0.8167474130511361,0.05,0.0,0.0,1.0116645426788395,0.0,0.9182858426921804,0.0,0.0,0.0,0.0,0.04303967243082849,0.03524342159087425,0.6324555320336759,2.4152294576982394,0.001684152728039356,0.0
241,15.0,0.0,9.992633333333318,0.0,2.2059999999999986,100.0,100.0,0.0,15.0,0.3211687324384943,1.0146666666666666,0.0,2.0,0.8167474130511361,0.05,0.0,0.0,1.0451389942414149,0.0,1.2286776993536137,0.0,0.0,0.0,0.0,0.044862491350995105,0.018934585248125236,0.0,2.5819888974716116,0.001684152728039356,0.0
242,15.0,0.0,10.445966666666651,0.0,2.1729999999999987,100.0,100.0,0.0,15.0,0.3063845418130822,0.9570000000000001,0.0,0.5,0.8159748374803201,0.05,0.0,0.0,1.2937536397038343,0.0,1.3037982972837476,0.0,0.0,0.0,0.0,0.04860572260230793,0.03175718058201194,0.0,1.5811388300841895,0.001549622430470848,0.0
243,15.0,0.0,9.98596666666665,0.0,2.2189999999999985,100.0,100.0,0.0,15.0,0.3218585119452638,1.0073333333333334,0.0,1.0,0.8159748374803201,0.05,0.0,0.0,1.3230973616461752,0.0,1.4311801656907723,0.0,0.0,0.0,0.0,0.05238046448152926,0.01546002411637871,0.0,2.1081851067789192,0.001549622430470848,0.0
244,15.0,0.0,10.272633333333317,0.0,2.1159999999999988,100.0,100.0,0.0,15.0,0.31315240405249456,0.96,0.4,0.0,0.8153218008230401,0.05,0.0,0.0,1.3702330922731734,0.0,1.3923696827112162,0.0,0.0,0.0,0.0,0.05346167184521549,0.04661372658534006,1.2649110640673518,0.0,0.0019593010369064533,0.0
245,15.0,0.0,9.80596666666665,0.0,2.239999999999999,100.0,100.0,0.0,15.0,0.3277080617500916,1.0086666666666666,0.6,1.0,0.8153218008230401,0.05,0.0,0.0,1.3827849734199664,0.0,1.5772549994637306,0.0,0.0,0.0,0.0,0.05722231434260816,0.015331722942809128,1.8973665961010275,2.1081851067789197,0.0019593010369064533,0.0
246,15.0,0.0,9.846933333333316,0.0,2.0689999999999986,100.0,100.0,0.0,15.0,0.3275824512885815,0.9769783333333333,0.46449999999999997,0.5,0.814885705156992,0.05,0.0,0.0,1.2898867573991086,0.0,1.1875507006720454,0.0,0.0,0.0,0.0,0.04978069535362512,0.04450005968230145,1.4688779731482122,1.5811388300841895,0.0019970662475440816,0.0
247,15.0,0.0,9.36026666666665,0.0,1.9659999999999986,100.0,100.0,0.0,15.0,0.3459210044598985,1.0023333333333333,0.3,0.0,0.814885705156992,0.05,0.0,0.0,1.290147831514087,0.0,1.1526992476598372,0.0,0.0,0.0,0.0,0.054100375549065556,0.007378647873726189,0.9486832980505138,0.0,0.0019970662475440816,0.0
248,15.0,0.0,10.46693333333332,0.0,1.9379999999999984,100.0,100.0,0.0,15.0,0.3133420159549433,0.9236666666666666,0.4,0.5,0.8135597086901759,0.05,0.0,0.0,1.3259456238967227,0.0,1.2204625716870177,0.0,0.0,0.0,0.0,0.04735500699526196,0.09684466370889458,1.2649110640673518,1.5811388300841895,0.0015514818105541465,0.0
249,15.0,0.0,10.006933333333318,0.0,2.0579999999999985,100.0,100.0,0.0,15.0,0.32948117865108334,1.0073333333333332,0.0,1.0,0.8135597086901759,0.05,0.0,0.0,1.2826609859734084,0.0,1.0371413704130321,0.0,0.0,0.0,0.0,0.0519395875690557,0.01546002411637879,0.0,2.1081851067789197,0.0015514818105541465,0.0
250,15.0,0.0,10.726933333333317,0.0,2.0299999999999985,100.0,100.0,0.0,15.0,0.3036854776512786,0.9436666666666665,0.0,0.5,0.81257683317888,0.05,0.0,0.0,1.5030840542278674,0.0,1.109264020270497,0.0,0.0,0.0,0.0,0.051369578256324114,0.07014007149718071,0.0,1.5811388300841895,0.0016674130662138547,0.0
251,15.0,0.0,10.186933333333318,0.0,1.9289999999999985,100.0,100.0,0.0,15.0,0.32065682451243344,1.0,1.2,0.0,0.81257683317888,0.05,0.0,0.0,1.4823526329436822,0.0,1.0733172876647425,0.0,0.0,0.0,0.0,0.05384343485095248,8.275113844157577e-17,1.9321835661585918,0.0,0.0016674130662138547,0.0
252,15.0,0.0,10.394299999999983,0.0,1.8319999999999985,100.0,100.0,0.0,15.0,0.31309629818480833,0.9743333333333333,0.6,0.5,0.812030053333632,0.05,0.0,0.0,1.763724723419166,0.0,1.0359407962491547,0.0,0.0,0.0,0.0,0.05851374293544347,0.05333449072818233,0.9660917830792959,1.5811388300841895,0.0017989514472421112,0.0
253,15.0,0.0,9.88096666666665,0.0,1.7369999999999988,100.0,100.0,0.0,15.0,0.3307408992748786,0.9999999999999998,0.4,0.0,0.812030053333632,0.05,0.0,0.0,1.781728377478207,0.0,0.9970071882054475,0.0,0.0,0.0,0.0,0.06610680871919711,6.409875621278546e-17,1.2649110640673518,0.0,0.0017989514472421112,0.0
254,15.0,0.0,11.534299999999986,0.0,1.7649999999999988,100.0,100.0,0.0,15.0,0.2754013015088993,0.9019999999999999,1.0,1.0,0.81028567066944,0.05,0.0,0.0,1.6400555429468324,0.0,0.9514345893322236,0.0,0.0,0.0,0.0,0.06337444489001821,0.07580351469098366,1.699673171197595,2.1081851067789197,0.0019188450275231658,0.0
255,15.0,0.0,11.180966666666652,0.0,1.5689999999999986,100.0,100.0,0.0,15.0,0.28619699767078366,1.0006666666666666,0.8,1.0,0.81017498649024,0.05,0.0,0.0,1.7122090161002042,0.0,0.8720149081294422,0.0,0.0,0.0,0.0,0.06213808131574062,0.02814424924264459,2.5298221281347035,2.1081851067789197,0.0018801474381942161,0.0
256,15.0,0.0,11.240966666666653,0.0,1.4829999999999985,100.0,100.0,0.0,15.0,0.28159695987814815,0.9806666666666667,0.9,0.5,0.8097388908241919,0.05,0.0,0.0,1.8771984540272986,0.0,0.8406089062895612,0.0,0.0,0.0,0.0,0.07760152462802425,0.043113402000987656,1.911950719959998,1.5811388300841898,0.002000192391835249,0.0
257,15.0,0.0,11.027633333333318,0.0,1.3969999999999985,100.0,100.0,0.0,15.0,0.2838971394956876,0.9923333333333332,1.1,0.0,0.80952194983296,0.05,0.0,0.0,1.6608933967322077,0.0,0.8098566402628165,0.0,0.0,0.0,0.0,0.0729908841575144,0.03326103270038817,1.7919573407620817,0.0,0.001701515022546083,0.0
258,15.0,0.0,11.212999999999985,0.0,1.3879999999999986,100.0,100.0,0.0,15.0,0.27422526235381267,0.9728049999999999,0.7805,0.5,0.8089795973548799,0.05,0.0,0.0,1.4469557314890098,0.0,0.9032632199112524,0.0,0.0,0.0,0.0,0.06305343684742354,0.041619247127759045,1.3810713433981445,1.5811388300841898,0.001601766604832342,0.0
259,15.0,0.0,10.86633333333332,0.0,1.4519999999999986,100.0,100.0,0.0,15.0,0.28267529184858464,0.9969999999999999,0.0,0.5,0.808871126859264,0.05,0.0,0.0,1.3255148172933429,0.0,1.1201765733827656,0.0,0.0,0.0,0.0,0.06263729829710576,0.025163661826991895,0.0,1.5811388300841895,0.001539856999336719,0.0
260,15.0,0.0,10.806333333333319,0.0,1.5189999999999988,100.0,100.0,0.0,15.0,0.28377938456877877,0.9896666666666667,0.7,1.0,0.8085435016888318,0.05,0.0,0.0,1.0915486337095066,0.0,1.17636398373217,0.0,0.0,0.0,0.0,0.05911191310081643,0.04149817785676977,1.4944341180973264,2.1081851067789197,0.001271570201937829,0.0
261,15.0,0.0,10.312999999999985,0.0,1.5099999999999987,100.0,100.0,0.0,15.0,0.2975919608451387,1.0036666666666665,0.4,0.5,0.8085435016888318,0.05,0.0,0.0,1.140165420097097,0.0,1.0798353784000796,0.0,0.0,0.0,0.0,0.06429044724020427,0.011595018087284017,1.2649110640673518,1.5811388300841895,0.001271570201937829,0.0
262,15.0,0.0,10.11966666666665,0.0,1.6499999999999986,100.0,100.0,0.0,15.0,0.30423227310265133,0.994,0.0,1.0,0.8083265606975999,0.05,0.0,0.0,1.1913088144381494,0.0,0.8940544353300487,0.0,0.0,0.0,0.0,0.06357969293351985,0.03530467041464088,0.0,2.1081851067789197,0.001228455887595517,0.0
263,15.0,0.0,9.646333333333317,0.0,1.5619999999999987,100.0,100.0,0.0,15.0,0.3193215085535418,1.0046666666666666,0.6,0.0,0.8083265606975999,0.05,0.0,0.0,1.1681184195000576,0.0,0.8518841861818223,0.0,0.0,0.0,0.0,0.06851382830857591,0.014757295747452492,1.8973665961010275,0.0,0.001228455887595517,0.0
264,15.0,0.0,10.277566666666651,0.0,1.7759999999999987,100.0,100.0,0.0,15.0,0.2974973977653844,0.9586849999999998,0.1685,1.5,0.807458796732672,0.05,0.0,0.0,1.5241422769042667,0.0,1.0522695049801216,0.0,0.0,0.0,0.0,0.046674637236780725,0.06881803455221332,0.532843785738372,2.41522945769824,0.0019243859224206564,0.0
265,15.0,0.0,9.770899999999983,0.0,1.7599999999999987,100.0,100.0,0.0,15.0,0.31560303987770133,1.0036666666666665,0.8,0.5,0.807458796732672,0.05,0.0,0.0,1.494401338081329,0.0,1.1116354318450505,0.0,0.0,0.0,0.0,0.05192175577576417,0.011595018087284028,1.6865480854231356,1.5811388300841895,0.0019243859224206564,0.0
266,15.0,0.0,10.210899999999985,0.0,1.6679999999999986,100.0,100.0,0.0,15.0,0.29945108488746797,0.9546666666666667,0.2,0.0,0.8066972895797759,0.05,0.0,0.0,2.0586336835896506,0.0,1.0695668905371616,0.0,0.0,0.0,0.0,0.057033296379112114,0.054505634548465354,0.6324555320336759,0.0,0.0022899757484837894,0.0
267,15.0,0.0,9.87756666666665,0.0,1.5759999999999985,100.0,100.0,0.0,15.0,0.3127416677001223,1.002,0.6,1.0,0.8065888190841599,0.05,0.0,0.0,1.854197720422438,0.0,1.0285610228750537,0.0,0.0,0.0,0.0,0.05929253537132093,0.02842360347612353,1.349897115421106,2.1081851067789192,0.002181929289764943,0.0
268,15.0,0.0,9.810899999999984,0.0,1.4839999999999987,100.0,100.0,0.0,15.0,0.3167970211653476,0.986,0.3,0.5,0.8062611939137281,0.05,0.0,0.0,1.8368376747034258,0.0,0.9887500526759356,0.0,0.0,0.0,0.0,0.06824514843010224,0.04599516882842755,0.9486832980505138,1.5811388300841898,0.0021113856195348075,0.0
269,15.0,0.0,9.710899999999985,0.0,1.3939999999999988,100.0,100.0,0.0,15.0,0.3258646741346746,0.9799999999999999,0.0,0.0,0.8059357824268799,0.05,0.0,0.0,1.570196905557463,0.0,0.9486856404755178,0.0,0.0,0.0,0.0,0.07260125491195077,0.03220305943597649,0.0,0.0,0.0020453392802330106,0.0
270,15.0,0.0,10.990899999999986,0.0,1.5309999999999988,100.0,100.0,0.0,15.0,0.2819717370817766,0.9243333333333332,0.4,1.5,0.8045256659838721,0.05,0.0,0.0,1.4891120234953878,0.0,0.9301308151724319,0.0,0.0,0.0,0.0,0.054489007744528965,0.0930292666016692,1.2649110640673518,2.41522945769824,0.001916653161050925,0.0
271,15.0,0.0,10.470899999999984,0.0,1.4469999999999987,100.0,100.0,0.0,15.0,0.2965088589809022,1.0013333333333332,1.0,0.0,0.8045256659838721,0.05,0.0,0.0,1.4543738379432698,0.0,0.8993831219230208,0.0,0.0,0.0,0.0,0.055931109511422404,0.004216370213557821,2.5385910352879697,0.0,0.001916653161050925,0.0
272,15.0,0.0,10.493266666666651,0.0,1.5149999999999988,100.0,100.0,0.0,15.0,0.28947930001022176,0.9783333333333333,1.4,0.5,0.804091784001408,0.05,0.0,0.0,1.690657734524836,0.0,0.9810113828765353,0.0,0.0,0.0,0.0,0.0540031567732739,0.06771855335973885,1.8973665961010278,1.5811388300841898,0.0016210200945547737,0.0
273,15.0,0.0,10.066599999999983,0.0,1.505999999999999,100.0,100.0,0.0,15.0,0.302337211912863,1.0133333333333332,0.3,1.5,0.804091784001408,0.05,0.0,0.0,1.7073634630803536,0.0,1.0740287602190997,0.0,0.0,0.0,0.0,0.057597883021085844,0.017638342073763958,0.9486832980505138,2.41522945769824,0.0016210200945547737,0.0
274,15.0,0.0,10.379933333333318,0.0,1.5709999999999986,100.0,100.0,0.0,15.0,0.2953352964768502,0.9673333333333332,0.8,1.0,0.803440961027712,0.05,0.0,0.0,1.4140269506922274,0.0,1.1639726037249423,0.0,0.0,0.0,0.0,0.049862431554090036,0.06705074547785281,1.6865480854231358,2.1081851067789197,0.0013576878331701674,0.0
275,15.0,0.0,9.926599999999985,0.0,1.4859999999999987,100.0,100.0,0.0,15.0,0.307672694933984,1.008,1.0,0.0,0.803440961027712,0.05,0.0,0.0,1.4279823009588952,0.0,1.1218952218852203,0.0,0.0,0.0,0.0,0.05298127800253843,0.01860572061238623,2.309401076758503,0.0,0.0013576878331701674,0.0
276,15.0,0.0,10.493266666666651,0.0,1.4039999999999988,100.0,100.0,0.0,15.0,0.2912719335553528,0.9536666666666666,1.6,0.5,0.802573197062784,0.05,0.0,0.0,0.7603135285712058,0.0,1.083760941249396,0.0,0.0,0.0,0.0,0.039696031078155856,0.0576162271381043,2.7968235951204043,1.5811388300841898,0.0012986293826245583,0.0
277,15.0,0.0,10.046599999999984,0.0,1.549999999999999,100.0,100.0,0.0,15.0,0.3043145596132514,1.0126666666666666,0.7,1.5,0.802573197062784,0.05,0.0,0.0,0.7051910659574294,0.0,1.2094075684675802,0.0,0.0,0.0,0.0,0.04292390337272475,0.01783324679799018,1.3374935098492586,2.41522945769824,0.0012986293826245583,0.0
278,15.0,0.0,10.199933333333316,0.0,1.4719999999999989,100.0,100.0,0.0,15.0,0.29558237861606546,0.9666666666666666,0.4,0.0,0.8020330139946162,0.05,0.0,0.0,1.3155137455818617,0.0,1.1606396703733866,0.0,0.0,0.0,0.0,0.037315537711046384,0.05665577237325312,1.2649110640673518,0.0,0.0015469192508197945,0.0
279,15.0,0.0,9.819933333333317,0.0,1.398999999999999,100.0,100.0,0.0,15.0,0.30753859684071677,0.9936666666666666,0.5,0.0,0.8019245434990003,0.05,0.0,0.0,1.3810093356618527,0.0,1.111689904804592,0.0,0.0,0.0,0.0,0.043103770317827556,0.021224839861833926,1.5811388300841895,0.0,0.0014466510644307734,0.0
280,15.0,0.0,10.01326666666665,0.0,1.476999999999999,100.0,100.0,0.0,15.0,0.30386094435377276,0.9719999999999999,0.3,0.5,0.8013886992506573,0.05,0.0,0.0,1.2752654025392458,0.0,1.32345549394169,0.0,0.0,0.0,0.0,0.03553053058361148,0.05154885013865279,0.6749485577105528,1.5811388300841898,0.0016707805583047667,0.0
281,15.0,0.0,9.65326666666665,0.0,1.553999999999999,100.0,100.0,0.0,15.0,0.31768152983202447,0.9969999999999999,0.4,0.5,0.8012802287550412,0.05,0.0,0.0,1.4636000330657732,0.0,1.6356663609808828,0.0,0.0,0.0,0.0,0.04603710803973565,0.025163661826991958,1.2649110640673518,1.5811388300841898,0.0018375697361977413,0.0
282,15.0,0.0,9.934566666666651,0.0,1.4779999999999989,100.0,100.0,0.0,15.0,0.3128570363203619,0.9613333333333334,1.0,0.0,0.8006337446011699,0.05,0.0,0.0,1.3206621613586307,0.0,1.5803009558660368,0.0,0.0,0.0,0.0,0.04977478850798515,0.045952202757556716,1.699673171197595,0.0,0.0019389287774336447,0.0
283,15.0,0.0,9.467899999999982,0.0,1.4789999999999988,100.0,100.0,0.0,15.0,0.32837546462779643,1.009,0.7,1.0,0.8006337446011699,0.05,0.0,0.0,1.318496300738738,0.0,1.5769974987650135,0.0,0.0,0.0,0.0,0.05414964079866117,0.016028523957211823,1.8885620632287057,2.1081851067789197,0.0019389287774336447,0.0
284,15.0,0.0,9.51456666666665,0.0,1.477999999999999,100.0,100.0,0.0,15.0,0.3276906679737211,0.9783333333333333,0.6,0.5,0.8002042014385304,0.05,0.0,0.0,1.1798497084662545,0.0,1.458886942539109,0.0,0.0,0.0,0.0,0.04595796935373961,0.03285771796138064,1.8973665961010275,1.5811388300841898,0.0018407144459970653,0.0
285,15.0,0.0,9.021233333333317,0.0,1.4759999999999989,100.0,100.0,0.0,15.0,0.34724349839025825,1.004,0.5,0.5,0.8002042014385304,0.05,0.0,0.0,1.1581924619908173,0.0,1.4815097404712225,0.0,0.0,0.0,0.0,0.049948927161953205,0.011525602204346645,1.5811388300841895,1.5811388300841898,0.0018407144459970653,0.0
286,15.0,0.0,8.83456666666665,0.0,1.3369999999999989,100.0,100.0,0.0,15.0,0.35822130058129886,0.9949999999999999,0.6,0.5,0.7999915992671232,0.05,0.0,0.0,1.2901365230657387,0.0,1.2727664532208736,0.0,0.0,0.0,0.0,0.054357488193224716,0.035390240685851074,1.3498971154211057,1.5811388300841898,0.0017824401333948047,0.0
287,15.0,0.0,8.361233333333315,0.0,1.3399999999999987,100.0,100.0,0.0,15.0,0.38022908258608756,1.005,0.2,0.5,0.7999915992671232,0.05,0.0,0.0,1.2997184505181456,0.0,1.340671473553457,0.0,0.0,0.0,0.0,0.060739140057103284,0.015811388300841844,0.6324555320336759,1.5811388300841898,0.0017824401333948047,0.0
288,15.0,0.0,9.940699999999984,0.0,1.4149999999999987,100.0,100.0,0.0,15.0,0.3422348686733275,0.9139199999999998,1.2920000000000003,0.5,0.7983688806527078,0.05,0.0,0.0,1.4438013136624224,0.0,1.406249938271603,0.0,0.0,0.0,0.0,0.06664350851134979,0.06371219857227949,2.095332378831048,1.5811388300841895,0.0015273015564036879,0.0
289,15.0,0.0,9.460699999999983,0.0,1.3409999999999989,100.0,100.0,0.0,15.0,0.36046167576411847,1.004,0.1,0.5,0.7983688806527078,0.05,0.0,0.0,1.4573230189225332,0.0,1.3421082089177618,0.0,0.0,0.0,0.0,0.07339991602175244,0.011525602204346615,0.31622776601683794,1.5811388300841898,0.0015273015564036879,0.0
290,15.0,0.0,10.414033333333318,0.0,1.2689999999999988,100.0,100.0,0.0,15.0,0.32841005970222004,0.9266666666666665,0.4,0.0,0.7971887216604057,0.05,0.0,0.0,1.4030473927917615,0.0,1.2812186039513744,0.0,0.0,0.0,0.0,0.047850358270780616,0.09660917830792959,1.2649110640673518,0.0,0.0016353379718841395,0.0
291,15.0,0.0,10.102799999999984,0.0,1.1969999999999987,100.0,100.0,0.0,15.0,0.34001649333729533,1.003,0.3,1.0,0.7970802511647898,0.05,0.0,0.0,1.4477600851651962,0.0,1.2204375353854764,0.0,0.0,0.0,0.0,0.05452759513202922,0.02230263229772234,0.9486832980505138,2.1081851067789197,0.001583844231995295,0.0
292,15.0,0.0,10.542799999999984,0.0,1.125999999999999,100.0,100.0,0.0,15.0,0.3250205286262773,0.9566666666666667,0.8,0.0,0.7963318047450393,0.05,0.0,0.0,1.5676474093366808,0.0,1.161466505950319,0.0,0.0,0.0,0.0,0.0611110130290054,0.058899370136438096,1.6865480854231356,0.0,0.0017806804708441373,0.0
293,15.0,0.0,10.049466666666651,0.0,1.0559999999999987,100.0,100.0,0.0,15.0,0.3417366858549553,1.0013333333333332,0.2,0.0,0.7963318047450393,0.05,0.0,0.0,1.5704195806405583,0.0,1.1043570276158172,0.0,0.0,0.0,0.0,0.06666424393662009,0.0042163702135578,0.6324555320336759,0.0,0.0017806804708441373,0.0
294,15.0,0.0,11.709466666666653,0.0,1.0609999999999988,100.0,100.0,0.0,15.0,0.280954886458799,0.901,0.5,1.0,0.7946158015043941,0.05,0.0,0.0,1.8351835458377428,0.0,1.1933561450333623,0.0,0.0,0.0,0.0,0.07248276133647708,0.05985682505924309,1.5811388300841895,2.1081851067789197,0.001759045291969971,0.0
295,15.0,0.0,11.349466666666654,0.0,0.988999999999999,100.0,100.0,0.0,15.0,0.28956542810930025,0.9973333333333333,0.5,0.5,0.7945073310087782,0.05,0.0,0.0,1.7631244376719584,0.0,1.1345136011133181,0.0,0.0,0.0,0.0,0.07183957258080761,0.009660917830792858,1.2692955176439846,1.5811388300841898,0.0016810648396907268,0.0
296,15.0,0.0,11.267199999999987,0.0,0.9969999999999988,100.0,100.0,0.0,15.0,0.2865440461357678,0.9883266666666666,1.466,0.5,0.7941862583417548,0.05,0.0,0.0,1.6509540541423005,0.0,1.1899210991583518,0.0,0.0,0.0,0.0,0.07146178204341497,0.04171258817606118,1.6936971393965334,1.5811388300841898,0.0017009919973325854,0.0
297,15.0,0.0,11.027199999999986,0.0,0.9309999999999988,100.0,100.0,0.0,15.0,0.29008922711331264,0.9899999999999999,1.2,0.0,0.7939736561703474,0.05,0.0,0.0,1.4002179389449403,0.0,1.129586453333942,0.0,0.0,0.0,0.0,0.0648145124582929,0.03162277660168372,1.9321835661585918,0.0,0.0013706520372871473,0.0
298,15.0,0.0,11.207199999999986,0.0,0.8669999999999991,100.0,100.0,0.0,15.0,0.2808443293551598,0.9713333333333333,1.0,0.0,0.7934421507418291,0.05,0.0,0.0,1.0173030940605603,0.0,1.0729404042681538,0.0,0.0,0.0,0.0,0.04583508011458886,0.04576375189660828,3.162277660168379,0.0,0.0013485073265440614,0.0
299,15.0,0.0,10.893866666666653,0.0,1.0279999999999991,100.0,100.0,0.0,15.0,0.28772105892406286,1.0056666666666667,1.1,1.0,0.7933358496561255,0.05,0.0,0.0,1.1529705723654642,0.0,1.3663641941704667,0.0,0.0,0.0,0.0,0.05117323070518503,0.02994026975640705,1.7919573407620817,2.1081851067789197,0.0014263510433694974,0.0
300,15.0,0.0,10.987199999999985,0.0,1.336999999999999,100.0,100.0,0.0,15.0,0.27977682769249246,0.984,0.4,1.0,0.792906306493486,0.05,0.0,0.0,1.251965725480448,0.0,1.633258841838746,0.0,0.0,0.0,0.0,0.04677182486459509,0.05057203638570955,1.2649110640673518,2.1081851067789197,0.0009261345045361142,0.0
301,15.0,0.0,10.513866666666653,0.0,1.4149999999999991,100.0,100.0,0.0,15.0,0.2935133670054426,1.005,0.2,0.5,0.792906306493486,0.05,0.0,0.0,1.2125511947955043,0.0,1.4959667999881094,0.0,0.0,0.0,0.0,0.050551726912367645,0.015811388300841948,0.6324555320336759,1.5811388300841895,0.0009261345045361142,0.0
302,15.0,0.0,10.401833333333318,0.0,1.3449999999999993,100.0,100.0,0.0,15.0,0.295766260968179,0.9799999999999999,0.4,0.0,0.792587403236375,0.05,0.0,0.0,0.9885030114793318,0.0,1.4308835654160599,0.0,0.0,0.0,0.0,0.04150270682988806,0.032203059435976525,1.2649110640673518,0.0,0.0008913110088678692,0.0
303,15.0,0.0,9.948499999999985,0.0,1.500999999999999,100.0,100.0,0.0,15.0,0.3097255427419599,1.0086666666666666,0.2,1.0,0.792587403236375,0.05,0.0,0.0,0.9626147165884157,0.0,1.4981429244975994,0.0,0.0,0.0,0.0,0.049546051916456064,0.015331722942809144,0.6324555320336759,2.1081851067789197,0.0008913110088678692,0.0
304,15.0,0.0,10.661833333333318,0.0,1.4309999999999992,100.0,100.0,0.0,15.0,0.2828281116857435,0.9466666666666667,1.6,0.0,0.7916285240551295,0.05,0.0,0.0,1.5412436636898812,0.0,1.4358075544213198,0.0,0.0,0.0,0.0,0.05427296312142436,0.05488484015657097,2.7968235951204043,0.0,0.0014192742496408595,0.0
305,15.0,0.0,10.233033333333319,0.0,1.510999999999999,100.0,100.0,0.0,15.0,0.2959003555668507,1.0130133333333333,0.7680000000000001,1.0,0.7916285240551295,0.05,0.0,0.0,1.5517325438535892,0.0,1.3805590654996733,0.0,0.0,0.0,0.0,0.05909766847114606,0.01628562344106596,1.371299464822408,2.1081851067789197,0.0014192742496408595,0.0
306,15.0,0.0,10.408499999999986,0.0,1.4369999999999992,100.0,100.0,0.0,15.0,0.29025509981664865,0.9686533333333334,0.332,0.0,0.7910970186266112,0.05,0.0,0.0,1.569627377735965,0.0,1.3160804602218574,0.0,0.0,0.0,0.0,0.056180186504021574,0.049080048497264384,1.049876183175902,0.0,0.0016446550132414473,0.0
307,15.0,0.0,10.035166666666651,0.0,1.364999999999999,100.0,100.0,0.0,15.0,0.30259265091195026,0.9946666666666666,0.6,0.0,0.7909907175409074,0.05,0.0,0.0,1.393710468630547,0.0,1.2533266843795259,0.0,0.0,0.0,0.0,0.055174890237806196,0.02195393606262835,1.3498971154211057,0.0,0.0016180317597781736,0.0
308,15.0,0.0,10.101833333333317,0.0,1.2959999999999992,100.0,100.0,0.0,15.0,0.29871901557757424,0.9836666666666666,1.6,0.5,0.7905633437881805,0.05,0.0,0.0,1.450662422124104,0.0,1.1932886397589546,0.0,0.0,0.0,0.0,0.05515047941467564,0.03914045616292655,2.7968235951204043,1.5811388300841898,0.0017384842460211297,0.0
309,15.0,0.0,10.061699999999984,0.0,1.5259999999999991,100.0,100.0,0.0,15.0,0.3051351969210357,0.9933133333333333,1.198,1.0,0.7902444405310695,0.05,0.0,0.0,1.2981490569553562,0.0,1.0193265750811489,0.0,0.0,0.0,0.0,0.05663270949868753,0.04314207421880908,1.616868028696907,2.1081851067789197,0.0018200661065443829,0.0
310,15.0,0.0,10.941699999999985,0.0,1.745999999999999,100.0,100.0,0.0,15.0,0.275364508087249,0.9443333333333331,0.9,1.0,0.7891814296740326,0.05,0.0,0.0,1.6300230586114255,0.0,1.2644911141553254,0.0,0.0,0.0,0.0,0.04914350875876283,0.07670771847783033,1.5238839267549948,2.1081851067789197,0.0018186577334800191,0.0
311,15.0,0.0,10.466533333333318,0.0,1.7429999999999992,100.0,100.0,0.0,15.0,0.2866662118306462,1.0050583333333332,0.2725,0.5,0.7891814296740326,0.05,0.0,0.0,1.6235718601851885,0.0,1.1175275288679811,0.0,0.0,0.0,0.0,0.05513971227471263,0.011863553612682327,0.6483365466929794,1.5811388300841895,0.0018186577334800191,0.0
312,15.0,0.0,10.793199999999985,0.0,1.738999999999999,100.0,100.0,0.0,15.0,0.2763569217227817,0.967,0.8,0.5,0.7885414537498983,0.05,0.0,0.0,1.5601593476704436,0.0,1.0256103873628941,0.0,0.0,0.0,0.0,0.04978555288242104,0.07063119305306091,1.6865480854231358,1.5811388300841895,0.0014865269234148593,0.0
313,15.0,0.0,10.33986666666665,0.0,1.7359999999999993,100.0,100.0,0.0,15.0,0.286631419970067,1.0086666666666666,0.2,1.0,0.7885414537498983,0.05,0.0,0.0,1.5054755714711232,0.0,0.9629260961603783,0.0,0.0,0.0,0.0,0.05032620629037948,0.015331722942809196,0.6324555320336759,2.1081851067789197,0.0014865269234148593,0.0
314,15.0,0.0,10.513199999999983,0.0,1.656999999999999,100.0,100.0,0.0,15.0,0.28020952697346874,0.9703333333333333,0.9,0.0,0.7880120743430938,0.05,0.0,0.0,1.641087987499774,0.0,0.9234001179216825,0.0,0.0,0.0,0.0,0.059488685743819686,0.06733828364641056,1.5238839267549946,0.0,0.0015865577014634454,0.0
315,15.0,0.0,10.05986666666665,0.0,1.6559999999999993,100.0,100.0,0.0,15.0,0.2941792541036419,1.0086666666666666,0.2,1.0,0.7880120743430938,0.05,0.0,0.0,1.6473063399919836,0.0,0.8352803920440923,0.0,0.0,0.0,0.0,0.06841734390374435,0.015331722942809186,0.6324555320336759,2.1081851067789192,0.0015865577014634454,0.0
316,15.0,0.0,10.360399999999983,0.0,1.579999999999999,100.0,100.0,0.0,15.0,0.28649221177420653,0.96,0.0,0.0,0.7873742678288718,0.05,0.0,0.0,1.6540161806723466,0.0,0.7974542829111475,0.0,0.0,0.0,0.0,0.07171038831604847,0.04661372658534005,0.0,0.0,0.0018760580672358546,0.0
317,15.0,0.0,9.94706666666665,0.0,1.579999999999999,100.0,100.0,0.0,15.0,0.2987092624465936,1.0153333333333332,1.0,1.0,0.7873742678288718,0.05,0.0,0.0,1.7551078599334027,0.0,0.9336547065757822,0.0,0.0,0.0,0.0,0.0804757325963481,0.021727833887253818,1.632993161855452,2.1081851067789197,0.0018760580672358546,0.0
318,15.0,0.0,9.96706666666665,0.0,1.504999999999999,100.0,100.0,0.0,15.0,0.2995630630309961,0.9756666666666666,1.1,0.0,0.7869490634860571,0.05,0.0,0.0,1.508740180857307,0.0,0.8888100659496,0.0,0.0,0.0,0.0,0.06934701583871906,0.04863697724525602,1.7919573407620817,0.0,0.001505342482120869,0.0
319,15.0,0.0,9.747066666666651,0.0,1.431999999999999,100.0,100.0,0.0,15.0,0.3036101166897483,0.994,1.3,0.5,0.7867364613146497,0.05,0.0,0.0,1.7196851980077408,0.0,0.8435875769592621,0.0,0.0,0.0,0.0,0.07459453786049687,0.025180827509716053,1.7669811040931427,1.5811388300841895,0.0016166605491214018,0.0
320,15.0,0.0,9.893733333333318,0.0,1.432999999999999,100.0,100.0,0.0,15.0,0.3009483404309909,0.9706666666666667,1.3,0.5,0.7862092079295595,0.05,0.0,0.0,1.4000323259054606,0.0,0.8340536886529276,0.0,0.0,0.0,0.0,0.05729555136479851,0.05052318866216374,2.6687491868330797,1.5811388300841898,0.0015153380404759962,0.0
321,15.0,0.0,9.393733333333316,0.0,1.360999999999999,100.0,100.0,0.0,15.0,0.3175367088907918,1.0006666666666666,0.2,0.0,0.7862092079295595,0.05,0.0,0.0,1.4000323259054606,0.0,0.7926390519439891,0.0,0.0,0.0,0.0,0.061784843875781995,0.0014054567378525699,0.42163702135578396,0.0,0.0015153380404759962,0.0
322,15.0,0.0,9.753733333333317,0.0,1.3649999999999989,100.0,100.0,0.0,15.0,0.3171557046848717,0.9703333333333333,0.8,0.5,0.7855756534587656,0.05,0.0,0.0,0.7907131614585069,0.0,0.8702266626830298,0.0,0.0,0.0,0.0,0.0517207316986836,0.05362075330676724,1.6865480854231358,1.5811388300841895,0.0012234121505783693,0.0
323,15.0,0.0,9.24706666666665,0.0,1.2949999999999988,100.0,100.0,0.0,15.0,0.33416048939811355,1.0016666666666665,0.7,0.0,0.7855756534587656,0.05,0.0,0.0,0.8242010092833579,0.0,0.8338964763886058,0.0,0.0,0.0,0.0,0.05503506167060065,0.004230985058813255,1.3374935098492586,0.0,0.0012234121505783693,0.0
324,15.0,0.0,9.42706666666665,0.0,1.2259999999999989,100.0,100.0,0.0,15.0,0.3329738545734754,0.9716666666666667,0.6,0.5,0.7850462740519613,0.05,0.0,0.0,0.9023955197551013,0.0,0.799808310367761,0.0,0.0,0.0,0.0,0.044919622164750615,0.04178871015353659,1.3498971154211057,1.5811388300841898,0.0012468311283422482,0.0
325,15.0,0.0,8.933733333333317,0.0,1.159999999999999,100.0,100.0,0.0,15.0,0.3512690877406103,1.0013333333333334,0.2,0.0,0.7850462740519613,0.05,0.0,0.0,0.9054488798789683,0.0,0.7657385686744235,0.0,0.0,0.0,0.0,0.0471948211720146,0.004216370213557873,0.6324555320336759,0.0,0.0012468311283422482,0.0
326,15.0,0.0,8.980399999999984,0.0,1.168999999999999,100.0,100.0,0.0,15.0,0.35272226672517776,0.9806666666666667,0.8,1.0,0.7846274477742887,0.05,0.0,0.0,1.3645253848594878,0.0,0.6794679290935416,0.0,0.0,0.0,0.0,0.05559709301114499,0.036270588023294525,1.6865480854231358,2.1081851067789197,0.0016092812571313203,0.0
327,15.0,0.0,8.69676666666665,0.0,1.1759999999999988,100.0,100.0,0.0,15.0,0.3650146978093948,1.0076666666666667,0.9,1.0,0.784521146688585,0.05,0.0,0.0,1.5943714427732556,0.0,0.7846046421252195,0.0,0.0,0.0,0.0,0.06499133676664497,0.03170270853405204,1.5238839267549946,2.1081851067789197,0.00179711234830176,0.0
328,15.0,0.0,9.91676666666665,0.0,1.107999999999999,100.0,100.0,0.0,15.0,0.3369906830077679,0.9133333333333333,0.4,0.0,0.7831434846178653,0.05,0.0,0.0,1.5572716093964178,0.0,0.7460086386154573,0.0,0.0,0.0,0.0,0.0618867670022491,0.07062332703142535,1.2649110640673518,0.0,0.001581262544736454,0.0
329,15.0,0.0,9.410099999999982,0.0,1.039999999999999,100.0,100.0,0.0,15.0,0.3562264845037616,1.0013333333333332,0.6,0.0,0.7831434846178653,0.05,0.0,0.0,1.5491136617553423,0.0,0.7077193417355964,0.0,0.0,0.0,0.0,0.06782145460067748,0.004216370213557792,1.349897115421106,0.0,0.001581262544736454,0.0
330,15.0,0.0,10.163433333333318,0.0,1.0449999999999988,100.0,100.0,0.0,15.0,0.3300340789205141,0.952,1.0,1.0,0.7822016569985307,0.05,0.0,0.0,1.7952882230170504,0.0,0.7001626795093959,0.0,0.0,0.0,0.0,0.058058097335557037,0.08406640526290605,1.699673171197595,2.1081851067789197,0.001973775781500893,0.0
331,15.0,0.0,9.810099999999984,0.0,0.9749999999999988,100.0,100.0,0.0,15.0,0.343232554422342,0.9956666666666665,0.3,0.0,0.782095355912827,0.05,0.0,0.0,1.848005946024856,0.0,0.6657702306351639,0.0,0.0,0.0,0.0,0.06383269120994708,0.02309668353083314,0.9486832980505138,0.0,0.0019265192891763725,0.0
332,15.0,0.0,10.243433333333318,0.0,0.9059999999999988,100.0,100.0,0.0,15.0,0.3279412584590746,0.9533333333333334,0.0,0.0,0.7813555003563295,0.05,0.0,0.0,2.359452761673334,0.0,0.630999207606475,0.0,0.0,0.0,0.0,0.07875455005541859,0.054884840156570976,0.0,0.0,0.0025316030018334846,0.0
333,15.0,0.0,9.756766666666651,0.0,0.8379999999999989,100.0,100.0,0.0,15.0,0.3481282005989429,1.0073333333333332,0.8,1.0,0.7813555003563295,0.05,0.0,0.0,2.33747823413647,0.0,0.5958896243805927,0.0,0.0,0.0,0.0,0.08886164567337677,0.015460024116378769,1.6865480854231356,2.1081851067789197,0.0025316030018334846,0.0
334,15.0,0.0,11.705566666666652,0.0,0.7709999999999988,100.0,100.0,0.0,15.0,0.28600539963049315,0.8886666666666667,0.2,1.0,0.7794612150090898,0.05,0.0,0.0,1.9344974148724428,0.0,0.5632731723299683,0.0,0.0,0.0,0.0,0.08917121833482002,0.05238037517719495,0.6324555320336759,2.1081851067789197,0.002197425116670961,0.0
335,15.0,0.0,11.35223333333332,0.0,0.7049999999999988,100.0,100.0,0.0,15.0,0.29375753437557267,0.9956666666666665,0.3,0.0,0.7793549139233862,0.05,0.0,0.0,1.8281804355528715,0.0,0.5330884854630916,0.0,0.0,0.0,0.0,0.08728644927298154,0.023096683530833058,0.9486832980505139,0.0,0.0021187678730856183,0.0
336,15.0,0.0,11.39223333333332,0.0,0.6409999999999989,100.0,100.0,0.0,15.0,0.28647704857587797,0.977,0.4,0.5,0.7789360876457136,0.05,0.0,0.0,1.9283481708190693,0.0,0.5008758994667902,0.0,0.0,0.0,0.0,0.08375706877224963,0.050245078378230924,1.2649110640673518,1.5811388300841898,0.0020955141050506866,0.0
337,15.0,0.0,11.112233333333318,0.0,0.581999999999999,100.0,100.0,0.0,15.0,0.2926051222249044,0.986,1.2,0.0,0.7787277375177345,0.05,0.0,0.0,1.4998280564002806,0.0,0.4628846748621319,0.0,0.0,0.0,0.0,0.0777352675279505,0.02888034061561726,2.14993539954628,0.0,0.001726728723873067,0.0
338,15.0,0.0,11.465566666666653,0.0,0.7529999999999991,100.0,100.0,0.0,15.0,0.27556475937940234,0.9719999999999999,1.0,1.0,0.7781005611120827,0.05,0.0,0.0,1.5938197773638205,0.0,0.8032441167609699,0.0,0.0,0.0,0.0,0.06344542332491025,0.08038794823990854,1.632993161855452,2.1081851067789197,0.001738244333175471,0.0
339,15.0,0.0,11.125566666666654,0.0,0.7729999999999991,100.0,100.0,0.0,15.0,0.28178901892253483,1.0003333333333333,0.8,0.5,0.7779963860480932,0.05,0.0,0.0,1.5774994281073518,0.0,0.8375632646088423,0.0,0.0,0.0,0.0,0.06169800336070243,0.02768651675232085,1.6865480854231356,1.5811388300841898,0.001762077441715751,0.0
340,15.0,0.0,11.27333333333332,0.0,0.8689999999999992,100.0,100.0,0.0,15.0,0.2722606789674559,0.9706666666666666,1.3,0.5,0.7774691326630029,0.05,0.0,0.0,1.4896183950807578,0.0,1.0804160721170748,0.0,0.0,0.0,0.0,0.050859982116446184,0.0407885241667764,2.1108186931983415,1.5811388300841898,0.001479883519782552,0.0
341,15.0,0.0,10.799999999999986,0.0,1.0409999999999993,100.0,100.0,0.0,15.0,0.2816431880836442,1.0096666666666665,1.6,0.5,0.7774691326630029,0.05,0.0,0.0,1.5166564916223642,0.0,1.157271215690888,0.0,0.0,0.0,0.0,0.05279071211004882,0.017529516554009233,3.502380143083652,1.5811388300841898,0.001479883519782552,0.0
342,15.0,0.0,11.173333333333321,0.0,1.0559999999999994,100.0,100.0,0.0,15.0,0.2642403449818644,0.9736666666666667,0.4,1.5,0.7768440822790652,0.05,0.0,0.0,1.7804008426457905,0.0,1.1003958883561455,0.0,0.0,0.0,0.0,0.05600195383631202,0.052621405774447114,1.2649110640673518,2.41522945769824,0.0016362480918122317,0.0
343,15.0,0.0,10.679999999999986,0.0,0.9979999999999993,100.0,100.0,0.0,15.0,0.2783662015212417,1.0036666666666665,0.4,0.5,0.7768440822790652,0.05,0.0,0.0,1.7878326764583867,0.0,1.0573215636167117,0.0,0.0,0.0,0.0,0.060817534147711974,0.011595018087284036,1.2649110640673518,1.5811388300841898,0.0016362480918122317,0.0
344,15.0,0.0,10.71333333333332,0.0,0.9419999999999993,100.0,100.0,0.0,15.0,0.27533464276389924,0.9733333333333333,0.0,0.0,0.7764273820231068,0.05,0.0,0.0,1.7889371974153565,0.0,1.0133640346226356,0.0,0.0,0.0,0.0,0.06164995955310402,0.0344265186329548,0.0,0.0,0.0014798835197825406,0.0
345,15.0,0.0,10.239999999999984,0.0,1.0319999999999994,100.0,100.0,0.0,15.0,0.2894883756150418,1.0073333333333332,0.4,1.0,0.7764273820231068,0.05,0.0,0.0,1.7875288135465885,0.0,1.0926400240803105,0.0,0.0,0.0,0.0,0.06791509808836227,0.015460024116378741,1.2649110640673518,2.1081851067789197,0.0014798835197825406,0.0
346,15.0,0.0,10.453333333333319,0.0,1.0479999999999994,100.0,100.0,0.0,15.0,0.28167991782474416,0.975,0.6,0.5,0.7759043806814447,0.05,0.0,0.0,1.616596027475446,0.0,0.9972049828283938,0.0,0.0,0.0,0.0,0.06422900716148575,0.05011714671708401,1.3498971154211057,1.5811388300841895,0.0014581884769518437,0.0
347,15.0,0.0,10.086666666666652,0.0,0.9939999999999994,100.0,100.0,0.0,15.0,0.2938284629755728,0.9983333333333333,1.0,0.5,0.7758002056174551,0.05,0.0,0.0,1.372408894185517,0.0,0.958681965571018,0.0,0.0,0.0,0.0,0.06627250688668879,0.02772216655527699,1.699673171197595,1.5811388300841898,0.0014793828736840433,0.0
348,15.0,0.0,10.153333333333318,0.0,1.0969999999999995,100.0,100.0,0.0,15.0,0.29365919982846694,0.9823333333333333,0.7,1.0,0.7753813793397826,0.05,0.0,0.0,1.373757575609036,0.0,1.1639878769891794,0.0,0.0,0.0,0.0,0.0673955499730234,0.03748415303024817,1.636391694484477,2.1081851067789197,0.0015617539351363591,0.0
349,15.0,0.0,10.039999999999983,0.0,1.0529999999999995,100.0,100.0,0.0,15.0,0.2995138118095874,0.9799999999999999,0.4,0.0,0.7750688541478138,0.05,0.0,0.0,1.1864252771547017,0.0,1.1266178490410033,0.0,0.0,0.0,0.0,0.07245228977783429,0.03220305943597652,1.2649110640673518,0.0,0.0017055367926447978,0.0
350,15.0,0.0,11.073333333333318,0.0,1.0859999999999994,100.0,100.0,0.0,15.0,0.2633476486769176,0.9383333333333332,1.0,0.5,0.7739229284439281,0.05,0.0,0.0,1.268886942983528,0.0,1.0869856382573675,0.0,0.0,0.0,0.0,0.06187457766315444,0.0780669228575358,1.632993161855452,1.5811388300841895,0.0012498082650593267,0.0
351,15.0,0.0,10.56666666666665,0.0,1.1909999999999994,100.0,100.0,0.0,15.0,0.2762006818810722,1.0036666666666665,0.8,0.5,0.7739229284439281,0.05,0.0,0.0,1.2550146327414153,0.0,1.3544121315988797,0.0,0.0,0.0,0.0,0.06199983255682496,0.011595018087284041,1.6865480854231358,1.5811388300841898,0.0012498082650593267,0.0
352,15.0,0.0,10.633333333333317,0.0,1.0209999999999995,100.0,100.0,0.0,15.0,0.26713209497458706,0.9819999999999999,0.6,1.0,0.7735062281879697,0.05,0.0,0.0,1.5199090291165889,0.0,1.0497983933435342,0.0,0.0,0.0,0.0,0.048171020263421176,0.03594234065627685,1.3498971154211057,2.1081851067789197,0.0011285417770479345,0.0
353,15.0,0.0,10.126666666666651,0.0,0.9799999999999995,100.0,100.0,0.0,15.0,0.281908174480001,1.0013333333333332,0.6,0.0,0.7735062281879697,0.05,0.0,0.0,1.5029025415451007,0.0,1.0154582982848457,0.0,0.0,0.0,0.0,0.0523178490888838,0.004216370213557837,1.3498971154211057,0.0,0.0011285417770479345,0.0
354,15.0,0.0,9.879999999999983,0.0,0.9399999999999995,100.0,100.0,0.0,15.0,0.2896507083336771,0.9866666666666666,0.4,0.0,0.7732999615612702,0.05,0.0,0.0,1.3736677047099022,0.0,0.9816086570296508,0.0,0.0,0.0,0.0,0.05133637457177206,0.028109134757052262,1.2649110640673518,0.0,0.0012096427174574504,0.0
355,15.0,0.0,9.459999999999983,0.0,1.1549999999999994,100.0,100.0,0.0,15.0,0.3010938533994102,1.0143333333333333,0.4,1.5,0.7732999615612702,0.05,0.0,0.0,1.4377451481786045,0.0,1.3785358577531126,0.0,0.0,0.0,0.0,0.060541237520413696,0.02533966782402832,1.2649110640673518,3.3747427885527643,0.0012096427174574504,0.0
356,15.0,0.0,10.233333333333317,0.0,1.1819999999999993,100.0,100.0,0.0,15.0,0.2846699903072181,0.953,0.7,1.0,0.7723602599636498,0.05,0.0,0.0,1.1802908199901792,0.0,1.2860603061719578,0.0,0.0,0.0,0.0,0.047031088715417925,0.07129230388052127,1.4944341180973264,2.1081851067789192,0.0013137364725814065,0.0
357,15.0,0.0,9.88666666666665,0.0,1.2069999999999994,100.0,100.0,0.0,15.0,0.295176418920852,0.9969999999999999,0.0,0.5,0.77225608489966,0.05,0.0,0.0,1.314515354525749,0.0,1.307245195057147,0.0,0.0,0.0,0.0,0.04566079159073681,0.025163661826991916,0.0,1.5811388300841898,0.0015523750645675472,0.0
358,15.0,0.0,9.76866666666665,0.0,1.2299999999999993,100.0,100.0,0.0,15.0,0.3008021081969823,0.9843,1.33,0.5,0.7719414336859771,0.05,0.0,0.0,1.30735450527741,0.0,1.2886082069857812,0.0,0.0,0.0,0.0,0.049913437723569674,0.02860477815563917,2.1705350082922465,1.5811388300841898,0.001385587945300951,0.0
359,15.0,0.0,9.475333333333316,0.0,1.2519999999999993,100.0,100.0,0.0,15.0,0.3115570729701278,1.0063333333333333,1.2,0.5,0.7718372586219876,0.05,0.0,0.0,1.4906657722120182,0.0,1.2560679387145686,0.0,0.0,0.0,0.0,0.057033147508560186,0.03218196719198001,2.2997584414213788,1.5811388300841895,0.0013353897312560182,0.0
360,15.0,0.0,9.761999999999983,0.0,1.1999999999999993,100.0,100.0,0.0,15.0,0.30847543073141087,0.96,0.4,0.0,0.7712163752406095,0.05,0.0,0.0,1.2780079019829529,0.0,1.2091686767729668,0.0,0.0,0.0,0.0,0.04414502787306767,0.0562182695141045,1.2649110640673518,0.0,0.0013878519075839284,0.0
361,15.0,0.0,9.255333333333315,0.0,1.1479999999999992,100.0,100.0,0.0,15.0,0.32458793269499314,1.0013333333333334,0.6,0.0,0.7712163752406095,0.05,0.0,0.0,1.2529079262279983,0.0,1.1623806987768197,0.0,0.0,0.0,0.0,0.04789712554613372,0.004216370213557808,1.3498971154211057,0.0,0.0013878519075839284,0.0
362,15.0,0.0,9.441999999999982,0.0,1.0959999999999992,100.0,100.0,0.0,15.0,0.3262044593113175,0.9703333333333333,0.0,0.5,0.7706996669232211,0.05,0.0,0.0,1.3957468021824289,0.0,1.1157180049934954,0.0,0.0,0.0,0.0,0.05719930291895285,0.040504534115955684,0.0,1.5811388300841895,0.0015330200754308844,0.0
363,15.0,0.0,9.008666666666649,0.0,1.1179999999999992,100.0,100.0,0.0,15.0,0.3444441636677894,1.0146666666666666,0.4,2.0,0.7706996669232211,0.05,0.0,0.0,1.4219306992889114,0.0,1.1296980914287569,0.0,0.0,0.0,0.0,0.06203119215722904,0.018934585248125226,1.2649110640673518,2.5819888974716116,0.0015330200754308844,0.0
364,15.0,0.0,9.315333333333317,0.0,1.0669999999999993,100.0,100.0,0.0,15.0,0.3423362977028299,0.9613333333333334,0.2,0.0,0.7700767000405633,0.05,0.0,0.0,1.325301922274766,0.0,1.082815773804574,0.0,0.0,0.0,0.0,0.05371564082869807,0.04805346816275737,0.6324555320336759,0.0,0.0016103993779833562,0.0
365,15.0,0.0,8.935333333333315,0.0,1.016999999999999,100.0,100.0,0.0,15.0,0.35869187939897706,0.9933333333333334,0.4,0.0,0.7699725249765736,0.05,0.0,0.0,1.5944473093276648,0.0,1.0379900449105146,0.0,0.0,0.0,0.0,0.06195598279900157,0.021081851067789245,1.2649110640673518,0.0,0.0018633847684283588,0.0
366,15.0,0.0,8.855333333333316,0.0,0.9669999999999991,100.0,100.0,0.0,15.0,0.3705781459349507,0.9836666666666666,0.0,0.5,0.7696641667871644,0.05,0.0,0.0,1.4383462726339598,0.0,0.9933115210133105,0.0,0.0,0.0,0.0,0.06133854953875952,0.028128892048945576,0.0,1.5811388300841898,0.001682518042691855,0.0
367,15.0,0.0,8.395333333333316,0.0,0.9929999999999992,100.0,100.0,0.0,15.0,0.3906988091622769,1.0093333333333334,1.1,0.5,0.7696641667871644,0.05,0.0,0.0,1.4639437687372743,0.0,0.8952225049301051,0.0,0.0,0.0,0.0,0.07181718398606973,0.015379961309331872,1.7919573407620817,1.5811388300841895,0.001682518042691855,0.0
368,15.0,0.0,10.16866666666665,0.0,0.9429999999999993,100.0,100.0,0.0,15.0,0.3435167410647324,0.8879999999999999,0.2,0.0,0.7679015247044603,0.05,0.0,0.0,1.3382282371908096,0.0,0.851091456111895,0.0,0.0,0.0,0.0,0.056757030388329605,0.06291675864599608,0.6324555320336759,0.0,0.0016586206639608457,0.0
369,15.0,0.0,9.641999999999985,0.0,0.8929999999999992,100.0,100.0,0.0,15.0,0.3610487803981353,1.0,0.8,0.0,0.7679015247044603,0.05,0.0,0.0,1.295218366640913,0.0,0.8072181310594491,0.0,0.0,0.0,0.0,0.06280068862344454,8.275113844157577e-17,2.5298221281347035,0.0,0.0016586206639608457,0.0
370,15.0,0.0,10.47533333333332,0.0,0.8429999999999993,100.0,100.0,0.0,15.0,0.33239916764117067,0.9359999999999999,0.8,0.0,0.7668659820479693,0.05,0.0,0.0,2.1195295308390443,0.0,0.763646951586049,0.0,0.0,0.0,0.0,0.08488671707388439,0.05137131831751073,2.5298221281347035,0.0,0.002253719695021277,0.0
371,15.0,0.0,10.121999999999986,0.0,0.792999999999999,100.0,100.0,0.0,15.0,0.34442193396425386,0.9956666666666665,0.3,0.0,0.7667618069839797,0.05,0.0,0.0,2.1239377591959436,0.0,0.7204327403257935,0.0,0.0,0.0,0.0,0.09172064823983359,0.02309668353083305,0.9486832980505138,0.0,0.0021765293235706975,0.0
372,15.0,0.0,10.708666666666653,0.0,0.8179999999999991,100.0,100.0,0.0,15.0,0.3237032922381801,0.9526666666666666,0.7,0.5,0.7659346569759022,0.05,0.0,0.0,2.034458826334265,0.0,0.8504613127264773,0.0,0.0,0.0,0.0,0.08883373967692033,0.050596442562694036,1.4944341180973262,1.5811388300841898,0.0022216513951400564,0.0
373,15.0,0.0,10.389999999999985,0.0,1.138999999999999,100.0,100.0,0.0,15.0,0.3348798014385057,1.002,0.2,1.0,0.7658304819119126,0.05,0.0,0.0,1.9156309601039163,0.0,1.1850218000807689,0.0,0.0,0.0,0.0,0.08869200248133348,0.033266599866332375,0.6324555320336759,3.1622776601683795,0.0022013680711808715,0.0
374,15.0,0.0,11.796666666666653,0.0,1.3729999999999989,100.0,100.0,0.0,15.0,0.2799801057754222,0.9136666666666666,0.4,0.5,0.7643886990262965,0.05,0.0,0.0,2.056993491050042,0.0,1.3741425609367384,0.0,0.0,0.0,0.0,0.08601023163447169,0.06914736455347635,1.2649110640673518,1.5811388300841895,0.0021143186936160383,0.0
375,15.0,0.0,11.436666666666653,0.0,1.453999999999999,100.0,100.0,0.0,15.0,0.28787439848315644,0.9973333333333333,0.5,0.5,0.764284523962307,0.05,0.0,0.0,2.086905086367415,0.0,1.5358544491223405,0.0,0.0,0.0,0.0,0.08776999194285545,0.025229807963528837,1.2692955176439848,1.5811388300841898,0.002122515337715467,0.0
376,15.0,0.0,11.876666666666654,0.0,1.3849999999999991,100.0,100.0,0.0,15.0,0.26646263140679327,0.9549999999999998,0.3,0.0,0.7635636325194988,0.05,0.0,0.0,1.8549932614432898,0.0,1.4921367974224822,0.0,0.0,0.0,0.0,0.07884409495003773,0.04717317714523058,0.9486832980505138,0.0,0.0020163358057572523,0.0
377,15.0,0.0,11.516666666666653,0.0,1.4669999999999992,100.0,100.0,0.0,15.0,0.27447376901627196,0.9969999999999999,0.4,0.5,0.763461540956789,0.05,0.0,0.0,1.5657798908744092,0.0,1.4481102628368232,0.0,0.0,0.0,0.0,0.07478030142828548,0.0251636618269919,1.2649110640673518,1.5811388300841898,0.0018566374908040764,0.0
378,15.0,0.0,11.82333333333332,0.0,1.544999999999999,100.0,100.0,0.0,15.0,0.25738901313632645,0.9659999999999999,1.1,0.5,0.7628469080792504,0.05,0.0,0.0,1.5911832696238597,0.0,1.3188147035206355,0.0,0.0,0.0,0.0,0.06741394591001053,0.06215869773172299,1.7919573407620817,1.5811388300841895,0.0017921354406517601,0.0
379,15.0,0.0,11.363333333333319,0.0,1.5499999999999992,100.0,100.0,0.0,15.0,0.26725889604198294,1.0073333333333332,0.5,0.5,0.7628469080792504,0.05,0.0,0.0,1.5779694719230155,0.0,1.4066271716414407,0.0,0.0,0.0,0.0,0.07098738610812734,0.013033669598769067,1.0801234497346435,1.5811388300841898,0.0017921354406517601,0.0
380,15.0,0.0,11.38333333333332,0.0,1.481999999999999,100.0,100.0,0.0,15.0,0.26291507815732035,0.9733333333333333,0.4,0.0,0.7624343748258514,0.05,0.0,0.0,1.3232255763572345,0.0,1.3592955691991506,0.0,0.0,0.0,0.0,0.06345262151191462,0.03442651863295485,1.2649110640673518,0.0,0.0015837487986334225,0.0
381,15.0,0.0,10.856666666666651,0.0,1.413999999999999,100.0,100.0,0.0,15.0,0.27505730692863556,1.0003333333333333,0.9,0.0,0.7624343748258514,0.05,0.0,0.0,1.3101738646284944,0.0,1.3123702052224266,0.0,0.0,0.0,0.0,0.06808229310356212,0.0010540925533893252,1.9119507199599979,0.0,0.0015837487986334225,0.0
382,15.0,0.0,11.043333333333319,0.0,1.3479999999999992,100.0,100.0,0.0,15.0,0.2644802219791856,0.9729999999999999,0.8,0.5,0.7619218335110226,0.05,0.0,0.0,1.491378515516172,0.0,1.2639338941926066,0.0,0.0,0.0,0.0,0.06105714701787769,0.054261597724858016,1.3984117975602022,1.5811388300841898,0.0016045830800578624,0.0
383,15.0,0.0,10.66333333333332,0.0,1.2839999999999991,100.0,100.0,0.0,15.0,0.272978490890039,0.9933333333333332,0.4,0.0,0.7618197419483128,0.05,0.0,0.0,1.443627974373963,0.0,1.2139485619708563,0.0,0.0,0.0,0.0,0.06102853621206143,0.02108185106778917,1.2649110640673518,0.0,0.0014323623023099587,0.0
384,15.0,0.0,10.609999999999985,0.0,1.220999999999999,100.0,100.0,0.0,15.0,0.27307442658378556,0.9883333333333333,0.6,0.5,0.7615134672601833,0.05,0.0,0.0,1.7537297115674875,0.0,1.1638103129137682,0.0,0.0,0.0,0.0,0.0545385320521658,0.045467394368022475,1.3498971154211057,1.5811388300841898,0.001556736300272556,0.0
385,15.0,0.0,10.269999999999985,0.0,1.306999999999999,100.0,100.0,0.0,15.0,0.28331571065137623,1.0006666666666666,0.4,1.0,0.7614113756974736,0.05,0.0,0.0,1.9892581904187714,0.0,1.2700835493077693,0.0,0.0,0.0,0.0,0.06669284867107553,0.015776212754932333,1.2649110640673518,2.1081851067789197,0.0017235312297217027,0.0
386,15.0,0.0,10.568299999999985,0.0,1.313999999999999,100.0,100.0,0.0,15.0,0.2717985791755394,0.964745,0.9745000000000001,0.5,0.7607967428199348,0.05,0.0,0.0,2.363250431863649,0.0,1.296269862164339,0.0,0.0,0.0,0.0,0.0701768833091707,0.04678347421768227,1.6848515430809394,1.5811388300841898,0.001583127394537559,0.0
387,15.0,0.0,10.374966666666651,0.0,1.245999999999999,100.0,100.0,0.0,15.0,0.27937095024667863,0.994,0.5,0.5,0.7605925596945152,0.05,0.0,0.0,2.081840949617955,0.0,1.2427406987961902,0.0,0.0,0.0,0.0,0.07276471921072784,0.02651810469364675,1.5811388300841895,1.5811388300841898,0.001597690646355893,0.0
388,15.0,0.0,10.54163333333332,0.0,1.179999999999999,100.0,100.0,0.0,15.0,0.27725135699243536,0.9666666666666666,0.0,0.0,0.7600800183796863,0.05,0.0,0.0,1.791802323546512,0.0,1.190032679289849,0.0,0.0,0.0,0.0,0.07616104465366272,0.03513641844631531,0.0,0.0,0.0015454296521409095,0.0
389,15.0,0.0,10.321633333333319,0.0,1.115999999999999,100.0,100.0,0.0,15.0,0.2853531140802793,0.9889999999999999,0.3,0.0,0.7598758352542667,0.05,0.0,0.0,1.561973588954884,0.0,1.1380021480159372,0.0,0.0,0.0,0.0,0.07793257418239487,0.030227532213260508,0.9486832980505138,0.0,0.0016039637332984388,0.0
390,15.0,0.0,10.908299999999985,0.0,1.051999999999999,100.0,100.0,0.0,15.0,0.26603502800059375,0.9503333333333333,0.0,0.5,0.7590591027525883,0.05,0.0,0.0,1.7159095809871423,0.0,1.086327145323482,0.0,0.0,0.0,0.0,0.0757816753310974,0.07935620585314929,0.0,1.5811388300841895,0.0014669733115737853,0.0
391,15.0,0.0,10.408299999999985,0.0,0.987999999999999,100.0,100.0,0.0,15.0,0.2795334637689092,0.9999999999999998,0.0,0.0,0.7590591027525883,0.05,0.0,0.0,1.7159095809871419,0.0,1.035060921449124,0.0,0.0,0.0,0.0,0.08111142451200061,1.0467283057891834e-16,0.0,0.0,0.0014669733115737853,0.0
392,15.0,0.0,10.488299999999985,0.0,1.222999999999999,100.0,100.0,0.0,15.0,0.2767917038579587,0.9843333333333332,0.4,1.5,0.7586486530004692,0.05,0.0,0.0,1.6835408045962985,0.0,1.3240346588279994,0.0,0.0,0.0,0.0,0.08039984033578768,0.03692000026751199,1.2649110640673518,3.374742788552764,0.0014018865709449293,0.0
393,15.0,0.0,9.99496666666665,0.0,1.334999999999999,100.0,100.0,0.0,15.0,0.2907921864525965,1.0036666666666665,0.4,0.5,0.7586486530004692,0.05,0.0,0.0,1.672984768550652,0.0,1.3485321237882646,0.0,0.0,0.0,0.0,0.08525845151914625,0.011595018087284031,1.2649110640673518,1.5811388300841895,0.0014018865709449293,0.0
394,15.0,0.0,9.654966666666649,0.0,1.2719999999999991,100.0,100.0,0.0,15.0,0.30105493439020026,1.0006666666666666,1.4,0.0,0.7585486032690135,0.05,0.0,0.0,1.4726732260974278,0.0,1.2998273389612598,0.0,0.0,0.0,0.0,0.08337913308288977,0.01421180173806175,2.3190036174568114,0.0,0.0014455011012035025,0.0
395,15.0,0.0,9.174966666666649,0.0,1.362999999999999,100.0,100.0,0.0,15.0,0.32030103746502075,1.0059999999999998,0.7,0.5,0.7585486032690135,0.05,0.0,0.0,1.4946662408728395,0.0,1.1887813554691666,0.0,0.0,0.0,0.0,0.08848047885150859,0.013033669598769075,2.2135943621178655,1.5811388300841895,0.0014455011012035025,0.0
396,15.0,0.0,10.141633333333317,0.0,1.3019999999999992,100.0,100.0,0.0,15.0,0.29589574886507986,0.9269999999999999,0.1,0.0,0.7574235125779258,0.05,0.0,0.0,1.113137046901768,0.0,1.1360242563920497,0.0,0.0,0.0,0.0,0.058152314420815324,0.08610143314790672,0.31622776601683794,0.0,0.0013088718061614304,0.0
397,15.0,0.0,9.781633333333316,0.0,1.241999999999999,100.0,100.0,0.0,15.0,0.30591353967411045,0.9966666666666667,0.8,0.0,0.757321421015216,0.05,0.0,0.0,1.3193331691089702,0.0,1.0837260826529092,0.0,0.0,0.0,0.0,0.061573909699854185,0.024595492912420757,1.6865480854231356,0.0,0.0015766524204846972,0.0
398,15.0,0.0,9.988299999999983,0.0,1.2569999999999992,100.0,100.0,0.0,15.0,0.30062238027677807,0.9763333333333332,1.2,0.5,0.7568088797003871,0.05,0.0,0.0,1.6984556561916455,0.0,0.9610763641760088,0.0,0.0,0.0,0.0,0.06132897392848936,0.0505390693509902,2.1499353995462798,1.5811388300841898,0.0015960722316286906,0.0
399,15.0,0.0,9.634966666666651,0.0,1.2699999999999991,100.0,100.0,0.0,15.0,0.3122621423903341,0.9983333333333333,0.6,0.5,0.7567067881376773,0.05,0.0,0.0,1.9065765353599624,0.0,0.9723396754449769,0.0,0.0,0.0,0.0,0.07208296032900144,0.02568806227043755,1.349897115421106,1.5811388300841898,0.0015766267229242288,0.0
400,15.0,0.0,10.228299999999985,0.0,1.2089999999999992,100.0,100.0,0.0,15.0,0.30150288778028783,0.9516666666666665,0.2,0.5,0.7558941392985072,0.05,0.0,0.0,1.444086797175913,0.0,0.9217790769304028,0.0,0.0,0.0,0.0,0.0584137956782079,0.04611445770988248,0.6324555320336759,1.5811388300841898,0.0016054855279211617,0.0
401,15.0,0.0,9.748299999999983,0.0,1.1469999999999991,100.0,100.0,0.0,15.0,0.3174214502472922,1.0033333333333334,0.4,0.0,0.7558941392985072,0.05,0.0,0.0,1.429828794465089,0.0,0.8731431090542303,0.0,0.0,0.0,0.0,0.0624209885166702,0.010540925533894652,1.2649110640673518,0.0,0.0016054855279211617,0.0
402,15.0,0.0,9.81496666666665,0.0,1.159999999999999,100.0,100.0,0.0,15.0,0.31746399646988677,0.9793333333333333,0.3,0.5,0.7554878148789221,0.05,0.0,0.0,1.5785703834658644,0.0,0.8050534833854892,0.0,0.0,0.0,0.0,0.06561192951134624,0.04135960933024657,0.9486832980505138,1.5811388300841898,0.0017299365893669377,0.0
403,15.0,0.0,9.268299999999984,0.0,1.042999999999999,100.0,100.0,0.0,15.0,0.34017570013046966,1.0003333333333333,0.0,0.5,0.7554878148789221,0.05,0.0,0.0,1.6729229277591464,0.0,0.9413825530097262,0.0,0.0,0.0,0.0,0.07461602939527519,0.016514116669768205,0.0,1.5811388300841895,0.0017299365893669377,0.0
404,15.0,0.0,9.228299999999983,0.0,1.201999999999999,100.0,100.0,0.0,15.0,0.3468788833664832,0.991,0.0,1.5,0.7551835820220469,0.05,0.0,0.0,1.5050250024583323,0.0,1.245987337192655,0.0,0.0,0.0,0.0,0.06243697977328801,0.027444669364800382,0.0,2.4152294576982394,0.0015938069363260901,0.0
405,15.0,0.0,8.821633333333317,0.0,1.1349999999999991,100.0,100.0,0.0,15.0,0.36260356477575495,0.9933333333333334,1.2,0.0,0.755081490459337,0.05,0.0,0.0,1.6554201320451125,0.0,1.198733127560555,0.0,0.0,0.0,0.0,0.07017487791785429,0.021081851067789224,2.6997942308422114,0.0,0.001807751416583095,0.0
406,15.0,0.0,9.01436666666665,0.0,0.9999999999999991,100.0,100.0,0.0,15.0,0.36726729037732425,0.9713216666666667,0.1655,0.5,0.7545771581395506,0.05,0.0,0.0,1.532016281784999,0.0,0.990959131346999,0.0,0.0,0.0,0.0,0.05969560704943076,0.042380101062283744,0.5233569527578669,1.5811388300841895,0.0016216645791439172,0.0
407,15.0,0.0,8.527699999999983,0.0,0.935999999999999,100.0,100.0,0.0,15.0,0.3890885410190646,1.0023333333333333,0.3,0.0,0.7545771581395506,0.05,0.0,0.0,1.5289086921359623,0.0,0.9495870447492186,0.0,0.0,0.0,0.0,0.0649024811535579,0.007378647873726158,0.9486832980505138,0.0,0.0016216645791439172,0.0
408,15.0,0.0,10.18103333333332,0.0,0.871999999999999,100.0,100.0,0.0,15.0,0.3471874045953744,0.8966666666666667,0.4,0.0,0.7529518604612103,0.05,0.0,0.0,1.414419502704074,0.0,0.9097350041510862,0.0,0.0,0.0,0.0,0.04883714227807258,0.07105900869030876,1.2649110640673518,0.0,0.0015356958740219094,0.0
409,15.0,0.0,9.681033333333318,0.0,0.8079999999999989,100.0,100.0,0.0,15.0,0.3657020359066059,1.0,0.0,0.0,0.7529518604612103,0.05,0.0,0.0,1.4144195027040734,0.0,0.8716115342666513,0.0,0.0,0.0,0.0,0.05324061099987813,8.275113844157577e-17,0.0,0.0,0.0015356958740219094,0.0
410,15.0,0.0,10.584366666666652,0.0,0.745999999999999,100.0,100.0,0.0,15.0,0.3341346027201447,0.9266666666666665,0.0,0.0,0.7518390624276734,0.05,0.0,0.0,1.8732791770872426,0.0,0.8341222931920711,0.0,0.0,0.0,0.0,0.05535992293364669,0.05837300238472752,0.0,0.0,0.001977298191326449,0.0
411,15.0,0.0,10.237699999999986,0.0,0.6919999999999993,100.0,100.0,0.0,15.0,0.3470221011357638,0.9969999999999999,0.0,0.5,0.7517369708649635,0.05,0.0,0.0,1.9261637332170156,0.0,0.7954844785132861,0.0,0.0,0.0,0.0,0.059187393325280946,0.025163661826991948,0.0,1.5811388300841898,0.001969436758275927,0.0
412,15.0,0.0,11.044366666666653,0.0,0.6459999999999992,100.0,100.0,0.0,15.0,0.3161954934758954,0.9333333333333332,0.8,0.0,0.7507242225628822,0.05,0.0,0.0,2.2349712205731294,0.0,0.7573227698793805,0.0,0.0,0.0,0.0,0.07593652938024384,0.07027283689263066,1.6865480854231358,0.0,0.0023861500761140097,0.0
413,15.0,0.0,10.69103333333332,0.0,0.6039999999999994,100.0,100.0,0.0,15.0,0.3267109128985204,0.9959999999999999,0.4,0.0,0.7506221310001724,0.05,0.0,0.0,2.2134703351731133,0.0,0.7192928626242732,0.0,0.0,0.0,0.0,0.07998398048118265,0.023190036174568048,0.9660917830792959,0.0,0.0023741828663475695,0.0
414,15.0,0.0,12.077699999999988,0.0,0.5649999999999993,100.0,100.0,0.0,15.0,0.27262856279836906,0.9103333333333333,0.0,0.5,0.7492071419410143,0.05,0.0,0.0,2.171421008532503,0.0,0.6804777733328249,0.0,0.0,0.0,0.0,0.08955298598397457,0.05448864419013389,0.0,1.5811388300841898,0.0023181893999949313,0.0
415,15.0,0.0,11.584366666666655,0.0,0.5289999999999994,100.0,100.0,0.0,15.0,0.2852285609481016,1.0013333333333332,0.2,0.0,0.7492071419410143,0.05,0.0,0.0,2.1729986248170543,0.0,0.6450400504361461,0.0,0.0,0.0,0.0,0.09539210723780679,0.004216370213557824,0.6324555320336759,0.0,0.0023181893999949313,0.0
416,15.0,0.0,11.991033333333322,0.0,0.4949999999999994,100.0,100.0,0.0,15.0,0.2636012175661978,0.9533333333333334,0.8,0.0,0.7484985848257827,0.05,0.0,0.0,2.1308826343171936,0.0,0.6124676862224374,0.0,0.0,0.0,0.0,0.09284922188912752,0.044996570514036834,2.5298221281347035,0.0,0.002141096961490558,0.0
417,15.0,0.0,11.637699999999988,0.0,0.5369999999999994,100.0,100.0,0.0,15.0,0.27117436749882773,0.9986666666666666,0.7,0.5,0.7483985350943271,0.05,0.0,0.0,1.8602623102570712,0.0,0.5609723700860849,0.0,0.0,0.0,0.0,0.09262930387484694,0.02592486770327088,1.4944341180973264,1.5811388300841898,0.0020090127768632436,0.0
418,15.0,0.0,11.677699999999987,0.0,0.5029999999999994,100.0,100.0,0.0,15.0,0.26244156658135764,0.9766666666666666,0.8,0.0,0.7479962943372505,0.05,0.0,0.0,1.7681622073096224,0.0,0.5298437924940179,0.0,0.0,0.0,0.0,0.0883682175778962,0.038650060290946836,2.5298221281347035,0.0,0.002017552462929139,0.0
419,15.0,0.0,11.177699999999987,0.0,0.4689999999999994,100.0,100.0,0.0,15.0,0.27494309629954405,0.9999999999999998,0.0,0.0,0.7479962943372505,0.05,0.0,0.0,1.7681622073096224,0.0,0.49909807542094203,0.0,0.0,0.0,0.0,0.09396669630195656,5.233641528945917e-17,0.0,0.0,0.002017552462929139,0.0
420,15.0,0.0,11.351033333333321,0.0,0.43499999999999944,100.0,100.0,0.0,15.0,0.26666646535668265,0.9726666666666667,1.6,0.0,0.7474899201862097,0.05,0.0,0.0,1.1850142724566357,0.0,0.46881055164461993,0.0,0.0,0.0,0.0,0.07860971369309129,0.05325920774736083,2.1186998109427604,0.0,0.001729896937075796,0.0
421,15.0,0.0,10.857699999999987,0.0,0.40099999999999947,100.0,100.0,0.0,15.0,0.2783157276727198,1.0036666666666665,0.9,0.0,0.7474899201862097,0.05,0.0,0.0,1.2015161456044412,0.0,0.43907605010724204,0.0,0.0,0.0,0.0,0.08255328322738335,0.008081376242652502,1.5238839267549946,0.0,0.001729896937075796,0.0
422,15.0,0.0,11.344366666666655,0.0,0.36799999999999944,100.0,100.0,0.0,15.0,0.25508244407937014,0.9629999999999999,0.3,1.0,0.7467875302347662,0.05,0.0,0.0,1.6148088022738925,0.0,0.409004210790603,0.0,0.0,0.0,0.0,0.07806178507368791,0.06794060586958234,0.9486832980505138,2.1081851067789192,0.0018435423411858826,0.0
423,15.0,0.0,10.837699999999987,0.0,0.4109999999999995,100.0,100.0,0.0,15.0,0.26965141445552254,1.0036666666666665,0.8,0.5,0.7467875302347662,0.05,0.0,0.0,1.5668740796507838,0.0,0.5642389170870393,0.0,0.0,0.0,0.0,0.08346226947690795,0.011595018087284047,1.6865480854231356,1.5811388300841895,0.0018435423411858826,0.0
424,15.0,0.0,10.91103333333332,0.0,0.3809999999999995,100.0,100.0,0.0,15.0,0.2617966325425888,0.9803333333333333,0.9,0.0,0.7463852894776896,0.05,0.0,0.0,1.5449959243224063,0.0,0.5278562514759313,0.0,0.0,0.0,0.0,0.08047298271967002,0.05231551949705662,1.5238839267549946,0.0,0.0016352520461128833,0.0
425,15.0,0.0,10.677699999999986,0.0,0.3509999999999995,100.0,100.0,0.0,15.0,0.2655649704355509,0.9866666666666666,0.0,0.0,0.7461851900147782,0.05,0.0,0.0,1.663947429502554,0.0,0.4918999446590282,0.0,0.0,0.0,0.0,0.08484894722910676,0.028109134757052272,0.0,0.0,0.0018174834342544399,0.0
426,15.0,0.0,10.977699999999986,0.0,0.32099999999999945,100.0,100.0,0.0,15.0,0.25192290432241765,0.9623333333333333,0.7,0.0,0.7455828497947904,0.05,0.0,0.0,1.5936819892048917,0.0,0.45647076089882793,0.0,0.0,0.0,0.0,0.07612749764864098,0.04934259172383112,1.4944341180973264,0.0,0.0016226871452601442,0.0
427,15.0,0.0,10.59103333333332,0.0,0.2909999999999995,100.0,100.0,0.0,15.0,0.25950389741720037,0.9946666666666666,1.0,0.0,0.7454807582320806,0.05,0.0,0.0,1.6955996968915676,0.0,0.42170157958231763,0.0,0.0,0.0,0.0,0.0812186902418153,0.021953936062628417,1.699673171197595,0.0,0.0016675983071557181,0.0
428,15.0,0.0,10.371033333333319,0.0,0.2609999999999995,100.0,100.0,0.0,15.0,0.26435223734783475,0.9916666666666666,1.1,0.0,0.7452806587691694,0.05,0.0,0.0,1.818273651802588,0.0,0.38776997763565335,0.0,0.0,0.0,0.0,0.08920675355712918,0.03135814620371125,2.282785822435191,0.0,0.0016675983071557155,0.0
429,15.0,0.0,10.131033333333317,0.0,0.23199999999999948,100.0,100.0,0.0,15.0,0.2687999911150511,0.9879999999999999,0.6,0.0,0.745080559306258,0.05,0.0,0.0,1.820673070835126,0.0,0.3542378359865643,0.0,0.0,0.0,0.0,0.08778610397849967,0.02549267626613331,1.8973665961010275,0.0,0.001640703139412763,0.0
430,15.0,0.0,10.564366666666652,0.0,0.20799999999999966,100.0,100.0,0.0,15.0,0.25435178425340654,0.9533333333333334,0.0,0.0,0.7443802111860688,0.05,0.0,0.0,1.6780694555145435,0.0,0.3249205030978086,0.0,0.0,0.0,0.0,0.06995219220239124,0.07062332703142532,0.0,0.0,0.0014181625009535043,0.0
431,15.0,0.0,10.024366666666651,0.0,0.1889999999999997,100.0,100.0,0.0,15.0,0.27013470708419474,0.9999999999999998,1.2,0.0,0.7443802111860688,0.05,0.0,0.0,1.6847314505563904,0.0,0.30289161978062906,0.0,0.0,0.0,0.0,0.07071447909320414,1.0467283057891834e-16,1.9321835661585918,0.0,0.0014181625009535043,0.0
432,15.0,0.0,10.217699999999983,0.0,0.2459999999999997,100.0,100.0,0.0,15.0,0.26342676080429295,0.9719999999999999,0.3,0.5,0.7438779206975364,0.05,0.0,0.0,1.959966505445731,0.0,0.32948444576337726,0.0,0.0,0.0,0.0,0.06805017735677585,0.052498089324432104,0.6749485577105528,1.5811388300841898,0.0014376338453423816,0.0
433,15.0,0.0,9.717699999999983,0.0,0.22799999999999976,100.0,100.0,0.0,15.0,0.27708488926200425,1.0023333333333333,0.7,0.0,0.7438779206975364,0.05,0.0,0.0,1.94783502768118,0.0,0.314953259318832,0.0,0.0,0.0,0.0,0.07309239133967084,0.007378647873726186,1.4944341180973264,0.0,0.0014376338453423816,0.0
434,15.0,0.0,9.62436666666665,0.0,0.2849999999999998,100.0,100.0,0.0,15.0,0.2817539065940169,0.9836666666666666,0.4,0.5,0.7435797724977987,0.05,0.0,0.0,2.030980195452679,0.0,0.4736911792859703,0.0,0.0,0.0,0.0,0.07270133143993816,0.04818816001293361,1.2649110640673518,1.5811388300841898,0.0017534457286235636,0.0
435,15.0,0.0,9.137699999999983,0.0,0.2669999999999998,100.0,100.0,0.0,15.0,0.29651088249103885,1.005,1.1,0.0,0.7435797724977987,0.05,0.0,0.0,2.0689379541263935,0.0,0.4587434528748672,0.0,0.0,0.0,0.0,0.07771564798050934,0.010801234497346384,1.66332999331662,0.0,0.0017534457286235636,0.0
436,15.0,0.0,9.717699999999983,0.0,0.32199999999999973,100.0,100.0,0.0,15.0,0.28435714829435055,0.9516666666666665,0.6,0.5,0.7427773328148995,0.05,0.0,0.0,2.0330575553724013,0.0,0.45847088844937095,0.0,0.0,0.0,0.0,0.050209913371225816,0.05873670062235365,1.349897115421106,1.5811388300841898,0.0014297141680630996,0.0
437,15.0,0.0,9.191033333333316,0.0,0.3039999999999998,100.0,100.0,0.0,15.0,0.3032897094791831,1.0003333333333333,0.9,0.0,0.7427773328148995,0.05,0.0,0.0,2.0281820750686173,0.0,0.4444522221541678,0.0,0.0,0.0,0.0,0.05669845206937499,0.0010540925533893775,1.911950719959998,0.0,0.0014297141680630996,0.0
438,15.0,0.0,9.22436666666665,0.0,0.2879999999999998,100.0,100.0,0.0,15.0,0.3145913670549074,0.976,0.8,0.0,0.742377093052452,0.05,0.0,0.0,1.8125887799457425,0.0,0.42933540372171597,0.0,0.0,0.0,0.0,0.06979986819133656,0.037078495314869654,1.9321835661585915,0.0,0.0014166227373630204,0.0
439,15.0,0.0,8.984366666666649,0.0,0.2719999999999998,100.0,100.0,0.0,15.0,0.32724416211583274,0.9903333333333333,0.8,0.5,0.7421769935895408,0.05,0.0,0.0,1.7931948345940616,0.0,0.4146966762988742,0.0,0.0,0.0,0.0,0.07958775670700216,0.022135943621178635,1.6865480854231358,1.5811388300841898,0.001229618151562443,0.0
440,15.0,0.0,9.597699999999984,0.0,0.2569999999999998,100.0,100.0,0.0,15.0,0.31812029147257526,0.9553333333333333,0.2,1.0,0.7413765549012707,0.05,0.0,0.0,1.365917974237723,0.0,0.4009724290881965,0.0,0.0,0.0,0.0,0.06518915562578272,0.0694102137857086,0.6324555320336759,2.1081851067789197,0.0012443488582596742,0.0
441,15.0,0.0,9.393333333333317,0.0,0.31699999999999984,100.0,100.0,0.0,15.0,0.3254532328748893,0.9936666666666666,0.8,0.5,0.7411764554383595,0.05,0.0,0.0,1.6199984758413823,0.0,0.40557366778428794,0.0,0.0,0.0,0.0,0.06831082827168636,0.03487012942227096,1.6865480854231356,1.5811388300841898,0.0016832274874237782,0.0
442,15.0,0.0,9.279999999999983,0.0,0.3039999999999999,100.0,100.0,0.0,15.0,0.3317861996734891,0.9800000000000001,0.4,0.0,0.7408763062439927,0.05,0.0,0.0,1.5120258669157187,0.0,0.3931977167335085,0.0,0.0,0.0,0.0,0.06111245512207993,0.04499657051403681,1.2649110640673518,0.0,0.0015777783942915531,0.0
443,15.0,0.0,8.806666666666649,0.0,0.29199999999999987,100.0,100.0,0.0,15.0,0.35044518527610447,1.005,0.2,0.5,0.7408763062439927,0.05,0.0,0.0,1.526296251359344,0.0,0.38002339109294014,0.0,0.0,0.0,0.0,0.06744953982177122,0.011889408088351469,0.6324555320336759,1.5811388300841898,0.0015777783942915531,0.0
444,15.0,0.0,8.839999999999984,0.0,0.27999999999999986,100.0,100.0,0.0,15.0,0.35729801839634423,0.9756666666666666,0.7,0.0,0.7404781083127994,0.05,0.0,0.0,1.410962371863553,0.0,0.3669090108217869,0.0,0.0,0.0,0.0,0.06495011344446049,0.037120092060337104,1.4944341180973264,0.0,0.0015211127544429955,0.0
445,15.0,0.0,8.399999999999983,0.0,0.26799999999999985,100.0,100.0,0.0,15.0,0.3755099962004216,1.01,1.2,0.0,0.7404781083127994,0.05,0.0,0.0,1.4176140622996223,0.0,0.3538612408526507,0.0,0.0,0.0,0.0,0.06742674940276935,0.022498285257018406,2.699794230842212,0.0,0.0015211127544429955,0.0
446,15.0,0.0,8.819999999999983,0.0,0.25599999999999984,100.0,100.0,0.0,15.0,0.3764822523842185,0.9533333333333334,0.4,0.0,0.7397877651657556,0.05,0.0,0.0,1.2226463910431629,0.0,0.34088772997050565,0.0,0.0,0.0,0.0,0.06477887809040925,0.032203059435976525,1.2649110640673518,0.0,0.0014990895161995348,0.0
447,15.0,0.0,8.32666666666665,0.0,0.24399999999999986,100.0,100.0,0.0,15.0,0.3991868665959129,1.0013333333333334,0.2,0.0,0.7397877651657556,0.05,0.0,0.0,1.2221010040898979,0.0,0.32799728996170396,0.0,0.0,0.0,0.0,0.0700870060754056,0.0042163702135578915,0.6324555320336759,0.0,0.0014990895161995348,0.0
448,15.0,0.0,10.51333333333332,0.0,0.23199999999999985,100.0,100.0,0.0,15.0,0.3294656158666255,0.8699999999999999,0.4,0.0,0.7377947745151596,0.05,0.0,0.0,1.8895554379500048,0.0,0.31520011280313814,0.0,0.0,0.0,0.0,0.05499075784813476,0.08081376242652523,1.2649110640673518,0.0,0.0018883911557479357,0.0
449,15.0,0.0,10.059999999999985,0.0,0.21999999999999983,100.0,100.0,0.0,15.0,0.3450680047890249,1.0083333333333333,0.6,0.5,0.7377947745151596,0.05,0.0,0.0,1.9176116832928531,0.0,0.3025080347876913,0.0,0.0,0.0,0.0,0.06237079443911958,0.02635231383473644,1.8973665961010275,1.5811388300841895,0.0018883911557479357,0.0
450,15.0,0.0,10.89333333333332,0.0,0.20799999999999982,100.0,100.0,0.0,15.0,0.3152855880819544,0.9333333333333332,0.0,0.0,0.7368002801844907,0.05,0.0,0.0,2.1757813978794016,0.0,0.28993485858416906,0.0,0.0,0.0,0.0,0.06618235448255792,0.054433105395181716,0.0,0.0,0.002201512631426112,0.0
451,15.0,0.0,10.539999999999987,0.0,0.2709999999999998,100.0,100.0,0.0,15.0,0.3255047659044249,1.0003333333333333,1.2,0.5,0.7367002304530352,0.05,0.0,0.0,2.2269283501143966,0.0,0.3171557626431809,0.0,0.0,0.0,0.0,0.07208249933201485,0.016514116669768215,2.6997942308422114,1.5811388300841895,0.002194633148398255,0.0
452,15.0,0.0,11.119999999999987,0.0,0.2569999999999998,100.0,100.0,0.0,15.0,0.30517945515046163,0.9493333333333333,0.4,0.0,0.7359058355852776,0.05,0.0,0.0,2.2100332381166274,0.0,0.3062333895722163,0.0,0.0,0.0,0.0,0.08348842396909056,0.0640370263264991,0.8432740427115678,0.0,0.002392610467433641,0.0
453,15.0,0.0,10.726666666666654,0.0,0.2429999999999998,100.0,100.0,0.0,15.0,0.31552072945023985,0.9933333333333332,0.8,0.0,0.735805785853822,0.05,0.0,0.0,2.0616905444888145,0.0,0.2955240166965189,0.0,0.0,0.0,0.0,0.08420848244516697,0.021081851067789165,1.6865480854231356,0.0,0.002344243443659637,0.0
454,15.0,0.0,11.593333333333321,0.0,0.30399999999999977,100.0,100.0,0.0,15.0,0.2812106634390042,0.9393333333333332,0.3,0.5,0.7348192955016696,0.05,0.0,0.0,2.249049181814893,0.0,0.3151789615088192,0.0,0.0,0.0,0.0,0.09423058487653797,0.04631614389373521,0.9486832980505138,1.5811388300841898,0.002428417820580242,0.0
455,15.0,0.0,11.079999999999988,0.0,0.2889999999999998,100.0,100.0,0.0,15.0,0.29473220311358805,1.0,0.4,0.0,0.7348192955016696,0.05,0.0,0.0,2.2612244033861733,0.0,0.30544866817337546,0.0,0.0,0.0,0.0,0.10013696438510729,7.401486830834377e-17,1.2649110640673518,0.0,0.002428417820580242,0.0
456,15.0,0.0,11.379999999999987,0.0,0.2749999999999998,100.0,100.0,0.0,15.0,0.27902250351396984,0.9603333333333332,0.1,0.0,0.734224959260198,0.05,0.0,0.0,2.288576030398291,0.0,0.2948916938659193,0.0,0.0,0.0,0.0,0.09733349742925827,0.04694230764367655,0.31622776601683794,0.0,0.002311839272436432,0.0
457,15.0,0.0,10.879999999999987,0.0,0.2609999999999998,100.0,100.0,0.0,15.0,0.2930419896679142,1.0,0.0,0.0,0.734224959260198,0.05,0.0,0.0,2.288576030398291,0.0,0.2845835163493798,0.0,0.0,0.0,0.0,0.10378588919724055,6.409875621278546e-17,0.0,0.0,0.002311839272436432,0.0
458,15.0,0.0,10.919999999999987,0.0,0.3199999999999998,100.0,100.0,0.0,15.0,0.2903328706153105,0.977,0.4,0.5,0.733830763318263,0.05,0.0,0.0,2.3311736036534025,0.0,0.433076847170979,0.0,0.0,0.0,0.0,0.10264351136380202,0.04451244797459869,1.2649110640673518,1.5811388300841895,0.002329859213226036,0.0
459,15.0,0.0,10.43333333333332,0.0,0.30399999999999977,100.0,100.0,0.0,15.0,0.30273834224945945,1.0046666666666666,1.0,0.0,0.733830763318263,0.05,0.0,0.0,2.3437861108329305,0.0,0.42056047259711776,0.0,0.0,0.0,0.0,0.10837774251273159,0.010909277963229887,1.6996731711975948,0.0,0.002329859213226036,0.0
460,15.0,0.0,11.406666666666656,0.0,0.2889999999999998,100.0,100.0,0.0,15.0,0.2722739948565563,0.9279999999999999,0.2,0.0,0.7327382202507676,0.05,0.0,0.0,1.4305140231295803,0.0,0.40747051699751496,0.0,0.0,0.0,0.0,0.08719299469746496,0.07495183638696097,0.6324555320336759,0.0,0.0018541122606706428,0.0
461,15.0,0.0,10.89333333333332,0.0,0.2749999999999998,100.0,100.0,0.0,15.0,0.2859358718075338,0.9999999999999998,0.4,0.0,0.7327382202507676,0.05,0.0,0.0,1.408247312735646,0.0,0.3937921053325246,0.0,0.0,0.0,0.0,0.09114815143084613,3.700743415417188e-17,1.2649110640673518,0.0,0.0018541122606706428,0.0
462,15.0,0.0,11.333333333333321,0.0,0.2609999999999998,100.0,100.0,0.0,15.0,0.2646131022255078,0.9546666666666666,0.2,0.0,0.732049878098353,0.05,0.0,0.0,1.5102938966707762,0.0,0.3803346479673452,0.0,0.0,0.0,0.0,0.08050059651510204,0.07171961868069086,0.6324555320336759,0.0,0.0018657848773306867,0.0
463,15.0,0.0,10.83333333333332,0.0,0.2469999999999998,100.0,100.0,0.0,15.0,0.27738807212980404,1.0,0.0,0.0,0.732049878098353,0.05,0.0,0.0,1.5102938966707755,0.0,0.3671224440004844,0.0,0.0,0.0,0.0,0.0855274660232852,9.791246743253677e-17,0.0,0.0,0.0018657848773306867,0.0
464,15.0,0.0,10.839999999999986,0.0,0.2329999999999998,100.0,100.0,0.0,15.0,0.2721173586984221,0.9733333333333333,0.8,0.0,0.7316556821564179,0.05,0.0,0.0,1.564324490350746,0.0,0.3541829408025681,0.0,0.0,0.0,0.0,0.08212041400232689,0.04661372658534008,1.6865480854231356,0.0,0.0016568482563582775,0.0
465,15.0,0.0,10.859999999999987,0.0,0.21899999999999978,100.0,100.0,0.0,15.0,0.266473461100767,0.9733333333333333,0.4,0.0,0.7312614862144826,0.05,0.0,0.0,1.8221409195954659,0.0,0.3415471335620376,0.0,0.0,0.0,0.0,0.08863400913163216,0.046613726585340035,1.2649110640673518,0.0,0.002011073158758393,0.0
466,15.0,0.0,11.146666666666654,0.0,0.2049999999999998,100.0,100.0,0.0,15.0,0.252798943498882,0.96,0.4,0.0,0.7306691918042654,0.05,0.0,0.0,1.7900410368425241,0.0,0.32924998945414635,0.0,0.0,0.0,0.0,0.08159802552346393,0.046613726585340055,1.2649110640673518,0.0,0.0016576227376418325,0.0
467,15.0,0.0,10.779999999999987,0.0,0.19099999999999978,100.0,100.0,0.0,15.0,0.2592045990866427,1.0003333333333333,2.1,0.0,0.7305711430674389,0.05,0.0,0.0,1.7490173608043675,0.0,0.31733088234347573,0.0,0.0,0.0,0.0,0.07890016789894283,0.028216534860010235,4.433458644845529,0.0,0.0016342463410125784,0.0
468,15.0,0.0,10.379999999999985,0.0,0.17699999999999977,100.0,100.0,0.0,15.0,0.2708557835031371,0.9969999999999999,2.1,0.0,0.7304730943306124,0.05,0.0,0.0,1.7600645330481035,0.0,0.3058340145314846,0.0,0.0,0.0,0.0,0.08353837815141214,0.0237502436634674,2.9981475762358483,0.0,0.0016052431278712684,0.0
469,15.0,0.0,10.039999999999985,0.0,0.23799999999999977,100.0,100.0,0.0,15.0,0.27730699580427887,1.001,1.0,0.5,0.7303750455937859,0.05,0.0,0.0,1.8258635704175141,0.0,0.37990642122618673,0.0,0.0,0.0,0.0,0.08481832697668629,0.026483164929655943,1.9436506316151,1.5811388300841898,0.0014978290961220715,0.0
470,15.0,0.0,10.379999999999985,0.0,0.3689999999999998,100.0,100.0,0.0,15.0,0.26550904876361664,0.9673333333333332,0.5,0.5,0.7297867531728268,0.05,0.0,0.0,2.0428858793504343,0.0,0.5271190040630714,0.0,0.0,0.0,0.0,0.07918207722475584,0.06800145241731383,1.0801234497346435,1.5811388300841898,0.001467541581015701,0.0
471,15.0,0.0,9.879999999999985,0.0,0.3519999999999998,100.0,100.0,0.0,15.0,0.2798841300105324,1.0,0.0,0.0,0.7297867531728268,0.05,0.0,0.0,2.0428858793504343,0.0,0.508195063161993,0.0,0.0,0.0,0.0,0.085383425496556,9.791246743253677e-17,0.0,0.0,0.001467541581015701,0.0
472,15.0,0.0,9.939999999999985,0.0,0.5569999999999997,100.0,100.0,0.0,15.0,0.27493787180727675,0.9803333333333333,0.8,0.5,0.7293925572308917,0.05,0.0,0.0,2.090058774056931,0.0,0.9788093674346284,0.0,0.0,0.0,0.0,0.08175535480251153,0.035709735159829815,1.6865480854231358,1.5811388300841898,0.0014215123055718814,0.0
473,15.0,0.0,9.44666666666665,0.0,0.5359999999999998,100.0,100.0,0.0,15.0,0.2908414721420768,1.0013333333333332,0.2,0.0,0.7293925572308917,0.05,0.0,0.0,2.092148756602432,0.0,0.9472322254277926,0.0,0.0,0.0,0.0,0.08849938098259273,0.004216370213557882,0.6324555320336759,0.0,0.0014215123055718814,0.0
474,15.0,0.0,9.733333333333317,0.0,0.5159999999999998,100.0,100.0,0.0,15.0,0.2833081718514841,0.96,0.4,0.0,0.7288062257846692,0.05,0.0,0.0,2.1623032986969184,0.0,0.9150616251257494,0.0,0.0,0.0,0.0,0.06940441773530857,0.08432740427115676,1.2649110640673518,0.0,0.0019632426750190476,0.0
475,15.0,0.0,9.373333333333317,0.0,0.49599999999999983,100.0,100.0,0.0,15.0,0.2887109269857777,1.0016666666666665,1.8,0.5,0.7287081770478427,0.05,0.0,0.0,2.303931154664158,0.0,0.88292695054574,0.0,0.0,0.0,0.0,0.07044094917252373,0.027988092706244486,2.7406406388125952,1.5811388300841898,0.0021571624650736634,0.0
476,15.0,0.0,9.839999999999984,0.0,0.4759999999999998,100.0,100.0,0.0,15.0,0.28502363190223373,0.9593333333333334,0.8,0.0,0.7280198348954281,0.05,0.0,0.0,2.0757744352826144,0.0,0.8508322722814146,0.0,0.0,0.0,0.0,0.055670790562556624,0.050007406858791785,1.3165611772087666,0.0,0.0017436580443706852,0.0
477,15.0,0.0,9.333333333333318,0.0,0.4559999999999998,100.0,100.0,0.0,15.0,0.3014630135473627,1.0013333333333332,0.6,0.0,0.7280198348954281,0.05,0.0,0.0,2.098735657014648,0.0,0.8187822936803434,0.0,0.0,0.0,0.0,0.0626484981513608,0.004216370213557808,1.3498971154211057,0.0,0.0017436580443706852,0.0
478,15.0,0.0,9.626666666666651,0.0,0.4369999999999997,100.0,100.0,0.0,15.0,0.30769688671128004,0.9633333333333333,1.2,0.0,0.7274315024545764,0.05,0.0,0.0,1.7419160728744312,0.0,0.7895716138092435,0.0,0.0,0.0,0.0,0.07401931170762271,0.05079613089183309,2.6997942308422114,0.0,0.001695749003627658,0.0
479,15.0,0.0,9.433333333333318,0.0,0.41899999999999976,100.0,100.0,0.0,15.0,0.31657225245000775,0.9933333333333334,0.8,0.0,0.7272354049809234,0.05,0.0,0.0,1.5429649188302208,0.0,0.7632161482102489,0.0,0.0,0.0,0.0,0.0786285584589733,0.03442651863295484,1.6865480854231358,0.0,0.0014642200874083477,0.0
480,15.0,0.0,9.879999999999985,0.0,0.4009999999999998,100.0,100.0,0.0,15.0,0.30666099841715466,0.9560000000000001,0.4,0.0,0.7265509847779819,0.05,0.0,0.0,1.4219791458942121,0.0,0.7369373559989115,0.0,0.0,0.0,0.0,0.06577754486561173,0.07000529080534368,0.8432740427115679,0.0,0.0017208551452605244,0.0
481,15.0,0.0,9.513333333333318,0.0,0.38299999999999973,100.0,100.0,0.0,15.0,0.31818276351558256,0.9933333333333334,0.0,0.0,0.7264529360411554,0.05,0.0,0.0,1.7165282216737598,0.0,0.7107437419117147,0.0,0.0,0.0,0.0,0.07626847754712222,0.021081851067789235,0.0,0.0,0.0019762631064707816,0.0
482,15.0,0.0,9.533333333333317,0.0,0.36499999999999977,100.0,100.0,0.0,15.0,0.3204296980794069,0.974,0.1,0.5,0.7260607410938493,0.05,0.0,0.0,1.7267681937833284,0.0,0.6846450824251121,0.0,0.0,0.0,0.0,0.062317344377433206,0.04961083115511403,0.31622776601683794,1.5811388300841898,0.0017949743686902662,0.0
483,15.0,0.0,9.033333333333317,0.0,0.34699999999999975,100.0,100.0,0.0,15.0,0.3391084179798421,1.0,0.0,0.0,0.7260607410938493,0.05,0.0,0.0,1.7267681937833286,0.0,0.6586526651683214,0.0,0.0,0.0,0.0,0.0678206518508573,7.401486830834377e-17,0.0,0.0,0.0017949743686902662,0.0
484,15.0,0.0,9.319999999999984,0.0,0.32899999999999974,100.0,100.0,0.0,15.0,0.3391794871374917,0.96,0.4,0.0,0.7254783315970998,0.05,0.0,0.0,1.6386685350922086,0.0,0.6327795824771842,0.0,0.0,0.0,0.0,0.0710616400068107,0.03442651863295478,1.2649110640673518,0.0,0.0019162768722971071,0.0
485,15.0,0.0,8.853333333333318,0.0,0.38399999999999973,100.0,100.0,0.0,15.0,0.35850243565840334,1.0059999999999998,0.3,0.5,0.7254783315970998,0.05,0.0,0.0,1.6780500147051227,0.0,0.6093749074074002,0.0,0.0,0.0,0.0,0.07731891518197767,0.013033669598769096,0.9486832980505138,1.5811388300841898,0.0019162768722971071,0.0
486,15.0,0.0,9.159999999999984,0.0,0.3639999999999997,100.0,100.0,0.0,15.0,0.35874598069503927,0.9633333333333333,0.8,0.0,0.724897883075087,0.05,0.0,0.0,1.6609383039061758,0.0,0.5850394098786087,0.0,0.0,0.0,0.0,0.08394097257896349,0.03314763086705841,1.6865480854231356,0.0,0.001658838621753532,0.0
487,15.0,0.0,8.68666666666665,0.0,0.4169999999999997,100.0,100.0,0.0,15.0,0.3762435617859057,1.0073333333333332,0.9,0.5,0.724897883075087,0.05,0.0,0.0,1.6533691752387418,0.0,0.5842193271556683,0.0,0.0,0.0,0.0,0.09221365464568532,0.013033669598769023,1.5238839267549948,1.5811388300841895,0.001658838621753532,0.0
488,15.0,0.0,10.439999999999987,0.0,0.3949999999999997,100.0,100.0,0.0,15.0,0.3202635264787525,0.8866666666666667,0.4,0.0,0.7232330155237728,0.05,0.0,0.0,2.0510039697549662,0.0,0.5565818298627192,0.0,0.0,0.0,0.0,0.07657208106830404,0.08916623398995055,1.2649110640673518,0.0,0.0020129599294760824,0.0
489,15.0,0.0,9.986666666666652,0.0,0.5239999999999997,100.0,100.0,0.0,15.0,0.3382019554021209,1.0083333333333333,0.6,0.5,0.7232330155237728,0.05,0.0,0.0,2.056138055604175,0.0,0.6174175608487696,0.0,0.0,0.0,0.0,0.08174817330711351,0.013899995559107415,1.2649110640673518,1.5811388300841895,0.0020129599294760824,0.0
490,15.0,0.0,10.73333333333332,0.0,0.6499999999999997,100.0,100.0,0.0,15.0,0.312972954514432,0.9483333333333333,0.6,0.5,0.7223544988418074,0.05,0.0,0.0,1.9919591448039082,0.0,0.6411101482758029,0.0,0.0,0.0,0.0,0.06463491543089894,0.06307451990882205,1.8973665961010275,1.5811388300841898,0.0021041015719733378,0.0
491,15.0,0.0,10.366666666666653,0.0,0.6219999999999997,100.0,100.0,0.0,15.0,0.3242962781519487,0.9983333333333333,1.0,0.5,0.7222564501049809,0.05,0.0,0.0,2.070963275601213,0.0,0.6199068030312656,0.0,0.0,0.0,0.0,0.07039139965184038,0.02568806227043755,1.699673171197595,1.5811388300841898,0.002112210612867989,0.0
492,15.0,0.0,10.799999999999986,0.0,0.5949999999999996,100.0,100.0,0.0,15.0,0.3084529004794926,0.9559999999999998,0.8,0.0,0.7215759918714049,0.05,0.0,0.0,2.214319280624008,0.0,0.5979083913480762,0.0,0.0,0.0,0.0,0.080404080359481,0.051491339317319716,1.4757295747452437,0.0,0.002266695430867238,0.0
493,15.0,0.0,10.439999999999987,0.0,0.5689999999999997,100.0,100.0,0.0,15.0,0.3207548609815213,0.9946666666666666,0.2,0.0,0.7214779431345784,0.05,0.0,0.0,2.125669103083188,0.0,0.575122209235181,0.0,0.0,0.0,0.0,0.08602796021122852,0.016865480854231327,0.6324555320336759,0.0,0.0022356654266153216,0.0
494,15.0,0.0,11.693333333333321,0.0,0.5429999999999996,100.0,100.0,0.0,15.0,0.2738948110673717,0.917,0.0,0.5,0.7202209583284626,0.05,0.0,0.0,2.278986129351778,0.0,0.5526913947021226,0.0,0.0,0.0,0.0,0.08383911372176296,0.09376158364650865,0.0,1.5811388300841898,0.0022937091804529288,0.0
495,15.0,0.0,11.23333333333332,0.0,0.5929999999999996,100.0,100.0,0.0,15.0,0.28655799692624057,1.0073333333333332,0.0,1.0,0.7202209583284626,0.05,0.0,0.0,2.269932288107426,0.0,0.5887472576015392,0.0,0.0,0.0,0.0,0.08933784309257092,0.015460024116378736,0.0,2.1081851067789197,0.0022937091804529288,0.0
496,15.0,0.0,11.25333333333332,0.0,0.5669999999999996,100.0,100.0,0.0,15.0,0.2803630019132135,0.9733333333333333,0.4,0.0,0.7198306843360005,0.05,0.0,0.0,2.319599795196697,0.0,0.5672947499610173,0.0,0.0,0.0,0.0,0.08963397247400916,0.04661372658534005,1.2649110640673518,0.0,0.0021059728490699686,0.0
497,15.0,0.0,10.75333333333332,0.0,0.6909999999999996,100.0,100.0,0.0,15.0,0.2935957545311851,1.005,1.0,0.5,0.7198306843360005,0.05,0.0,0.0,2.350371654351768,0.0,0.8019483219703814,0.0,0.0,0.0,0.0,0.09607295056038713,0.011889408088351499,1.6996731711975948,1.5811388300841898,0.0021059728490699686,0.0
498,15.0,0.0,10.81333333333332,0.0,0.6629999999999997,100.0,100.0,0.0,15.0,0.28892114156010895,0.9806666666666665,0.9,0.5,0.719444372312904,0.05,0.0,0.0,2.4070472665093003,0.0,0.7719247228699034,0.0,0.0,0.0,0.0,0.10079435657868328,0.04567193805747599,2.0248456731316584,1.5811388300841898,0.002135281489837404,0.0
499,15.0,0.0,10.35333333333332,0.0,0.6349999999999996,100.0,100.0,0.0,15.0,0.30214348256697077,1.0073333333333332,0.5,0.5,0.719444372312904,0.05,0.0,0.0,2.385097766974073,0.0,0.7420280018675541,0.0,0.0,0.0,0.0,0.10834979673422009,0.013033669598769065,1.0801234497346435,1.5811388300841898,0.002135281489837404,0.0
500,15.0,0.0,11.206666666666653,0.0,0.6069999999999997,100.0,100.0,0.0,15.0,0.276875124922512,0.9366666666666665,0.4,0.0,0.7184717288435851,0.05,0.0,0.0,1.6453300918390565,0.0,0.7122741357401965,0.0,0.0,0.0,0.0,0.1002468696253408,0.07105900869030878,1.2649110640673518,0.0,0.0019305672066861012,0.0
501,15.0,0.0,10.766666666666653,0.0,0.8019999999999996,100.0,100.0,0.0,15.0,0.2889608374617242,1.011,0.0,1.5,0.7184717288435851,0.05,0.0,0.0,1.6050845137550558,0.0,0.7392007696003686,0.0,0.0,0.0,0.0,0.10675938185534352,0.01771168268978711,0.0,2.41522945769824,0.0019305672066861012,0.0
502,15.0,0.0,11.47333333333332,0.0,0.7679999999999996,100.0,100.0,0.0,15.0,0.25695652107893413,0.9433333333333331,0.8,0.0,0.7176010560605658,0.05,0.0,0.0,1.3620790209306024,0.0,0.7109274068270102,0.0,0.0,0.0,0.0,0.07932716348306845,0.0802003663671937,1.6865480854231358,0.0,0.0017471992673476502,0.0
503,15.0,0.0,10.99333333333332,0.0,0.8089999999999996,100.0,100.0,0.0,15.0,0.26993650794797464,1.0036666666666665,0.0,0.5,0.7176010560605658,0.05,0.0,0.0,1.3898041428760965,0.0,0.7529711518747282,0.0,0.0,0.0,0.0,0.08285551341222669,0.011595018087284041,0.0,1.5811388300841895,0.0017471992673476502,0.0
504,15.0,0.0,11.046666666666653,0.0,0.7639999999999996,100.0,100.0,0.0,15.0,0.2626360177713617,0.9793333333333333,0.7,0.5,0.7172127830627328,0.05,0.0,0.0,1.53109337193401,0.0,0.712073654117949,0.0,0.0,0.0,0.0,0.08435230328314457,0.051944890075331485,1.4944341180973264,1.5811388300841898,0.001585092268494337,0.0
505,15.0,0.0,11.053333333333319,0.0,0.5959999999999995,100.0,100.0,0.0,15.0,0.25622179017295454,0.9756666666666666,1.5,0.0,0.7168264710396364,0.05,0.0,0.0,1.671119976335826,0.0,0.6427233723253988,0.0,0.0,0.0,0.0,0.08548691376591265,0.044943036648738735,2.5495097567963922,0.0,0.0019283294923279687,0.0
506,15.0,0.0,11.113333333333319,0.0,0.5639999999999995,100.0,100.0,0.0,15.0,0.25211447424717287,0.9809999999999999,1.0,0.5,0.7164401590165399,0.05,0.0,0.0,1.6346706543362666,0.0,0.6254100876846949,0.0,0.0,0.0,0.0,0.07596892670034708,0.05293951825047705,2.309401076758503,1.5811388300841898,0.0017105987758181086,0.0
507,15.0,0.0,10.75333333333332,0.0,0.5349999999999997,100.0,100.0,0.0,15.0,0.2574237163422408,0.9969999999999999,0.9,0.0,0.71634407125445,0.05,0.0,0.0,1.5235760403134777,0.0,0.6058281751270549,0.0,0.0,0.0,0.0,0.07103085835839795,0.023750243663467358,1.5238839267549948,0.0,0.0016520104907731701,0.0
508,15.0,0.0,10.382533333333319,0.0,0.5089999999999997,100.0,100.0,0.0,15.0,0.2660887277992742,0.9950466666666665,0.638,0.0,0.71624798349236,0.05,0.0,0.0,1.8118836743518414,0.0,0.5837322445550983,0.0,0.0,0.0,0.0,0.08156189105294662,0.022342387330026695,2.017533147187426,0.0,0.0018266081729034261,0.0
509,15.0,0.0,10.029199999999985,0.0,0.48399999999999965,100.0,100.0,0.0,15.0,0.27436320922341106,0.9956666666666665,0.3,0.0,0.71615189573027,0.05,0.0,0.0,1.8948358618122811,0.0,0.560935726165564,0.0,0.0,0.0,0.0,0.08529839552265049,0.02309668353083306,0.9486832980505138,0.0,0.0017602423079119008,0.0
510,15.0,0.0,10.21586666666665,0.0,0.4609999999999997,100.0,100.0,0.0,15.0,0.2669923303087284,0.9703333333333333,0.0,0.5,0.7156714569198201,0.05,0.0,0.0,1.7942071339469667,0.0,0.5363549819538048,0.0,0.0,0.0,0.0,0.07026624648419601,0.05029419621427016,0.0,1.5811388300841898,0.0014914312646929057,0.0
511,15.0,0.0,9.73586666666665,0.0,0.5139999999999997,100.0,100.0,0.0,15.0,0.28042341012242006,1.0036666666666665,0.0,0.5,0.7156714569198201,0.05,0.0,0.0,1.8082813557984858,0.0,0.4940130452618519,0.0,0.0,0.0,0.0,0.07549007648321039,0.01159501808728406,0.0,1.5811388300841898,0.0014914312646929057,0.0
512,15.0,0.0,10.009199999999984,0.0,0.48999999999999966,100.0,100.0,0.0,15.0,0.2725584160499307,0.96,0.8,0.0,0.7150949303472803,0.05,0.0,0.0,1.9636566997741531,0.0,0.47034266468418734,0.0,0.0,0.0,0.0,0.07047037360700126,0.046613726585340076,1.6865480854231356,0.0,0.0018051633736088917,0.0
513,15.0,0.0,9.562533333333317,0.0,0.6869999999999996,100.0,100.0,0.0,15.0,0.28612723934455386,1.0096666666666665,0.3,1.0,0.7150949303472803,0.05,0.0,0.0,1.9200933567838436,0.0,0.5739154022056636,0.0,0.0,0.0,0.0,0.07556958352444691,0.01598224323320835,0.9486832980505138,2.1081851067789197,0.0018051633736088917,0.0
514,15.0,0.0,9.462533333333315,0.0,0.6569999999999996,100.0,100.0,0.0,15.0,0.2893678656711888,0.9799999999999999,0.0,0.0,0.7148085888162521,0.05,0.0,0.0,2.13300066387678,0.0,0.5514032603780606,0.0,0.0,0.0,0.0,0.07434524814540736,0.044996570514036806,0.0,0.0,0.0021478590132845646,0.0
515,15.0,0.0,8.962533333333315,0.0,0.6269999999999996,100.0,100.0,0.0,15.0,0.30684729257344723,1.0,0.0,0.0,0.7148085888162521,0.05,0.0,0.0,2.13300066387678,0.0,0.5291513121131902,0.0,0.0,0.0,0.0,0.08090949213347559,7.401486830834377e-17,0.0,0.0,0.0021478590132845646,0.0
516,15.0,0.0,9.649199999999983,0.0,0.5969999999999996,100.0,100.0,0.0,15.0,0.2973603939226933,0.9399999999999998,0.4,0.0,0.7139418379827058,0.05,0.0,0.0,2.06917386269837,0.0,0.5071938047290753,0.0,0.0,0.0,0.0,0.07329165587030313,0.05837300238472752,1.2649110640673518,0.0,0.0017544162999425536,0.0
517,15.0,0.0,9.149733333333316,0.0,0.5669999999999996,100.0,100.0,0.0,15.0,0.3154811769134736,1.0024133333333334,0.708,0.0,0.7139418379827058,0.05,0.0,0.0,2.065183032572345,0.0,0.48557068372059764,0.0,0.0,0.0,0.0,0.0780518219299531,0.00763163008653962,1.5082646393197126,0.0,0.0017544162999425536,0.0
518,15.0,0.0,9.589733333333317,0.0,0.5369999999999996,100.0,100.0,0.0,15.0,0.30676381384837453,0.9570000000000001,0.4,0.5,0.7132672234538447,0.05,0.0,0.0,2.329320829324708,0.0,0.46432866712180376,0.0,0.0,0.0,0.0,0.07005392031511304,0.0920071119097611,1.2649110640673518,1.5811388300841895,0.0018713575579383237,0.0
519,15.0,0.0,9.36306666666665,0.0,0.6549999999999996,100.0,100.0,0.0,15.0,0.3207158682622816,0.993,1.2,0.5,0.7130750479296648,0.05,0.0,0.0,2.113407223851375,0.0,0.49900456466404747,0.0,0.0,0.0,0.0,0.0782133351872765,0.033089851489617454,1.7511900715418263,1.5811388300841895,0.0016608107313116562,0.0
520,15.0,0.0,9.949733333333317,0.0,0.6209999999999996,100.0,100.0,0.0,15.0,0.310738621110158,0.9503333333333333,0.5,0.0,0.7123082283686921,0.05,0.0,0.0,1.5450033265376337,0.0,0.483562014866989,0.0,0.0,0.0,0.0,0.06711167994796774,0.07201594473653933,1.2692955176439846,0.0,0.0015652836393485574,0.0
521,15.0,0.0,9.589733333333317,0.0,0.5869999999999995,100.0,100.0,0.0,15.0,0.32243957005790796,0.9946666666666666,0.2,0.0,0.7122121406066021,0.05,0.0,0.0,1.7386406553382647,0.0,0.4687584073320119,0.0,0.0,0.0,0.0,0.07671138691584611,0.02195393606262839,0.6324555320336759,0.0,0.0017925877503466156,0.0
522,15.0,0.0,9.62306666666665,0.0,0.5539999999999996,100.0,100.0,0.0,15.0,0.32387173923062446,0.9733333333333333,0.0,0.0,0.7118277895582421,0.05,0.0,0.0,1.5212007018499074,0.0,0.4554411780533976,0.0,0.0,0.0,0.0,0.06331669495703088,0.04661372658534002,0.0,0.0,0.0014790021913873867,0.0
523,15.0,0.0,9.109733333333317,0.0,0.5219999999999996,100.0,100.0,0.0,15.0,0.34133731967515174,1.0,0.4,0.0,0.7118277895582421,0.05,0.0,0.0,1.5333234202578132,0.0,0.44361645095234636,0.0,0.0,0.0,0.0,0.06922169664998246,7.401486830834377e-17,1.2649110640673518,0.0,0.0014790021913873867,0.0
524,15.0,0.0,9.669733333333317,0.0,0.49099999999999955,100.0,100.0,0.0,15.0,0.3255003367295208,0.9480000000000001,0.6,0.0,0.711062930972006,0.05,0.0,0.0,1.9651796562862884,0.0,0.4325492907044107,0.0,0.0,0.0,0.0,0.06346049119600114,0.054233150082779,1.3498971154211057,0.0,0.0018545374456337758,0.0
525,15.0,0.0,9.189733333333317,0.0,0.4609999999999996,100.0,100.0,0.0,15.0,0.3424451931307789,1.0033333333333334,0.4,0.0,0.711062930972006,0.05,0.0,0.0,1.9931034724398689,0.0,0.4221492627021869,0.0,0.0,0.0,0.0,0.07273473470494551,0.010540925533894577,1.2649110640673518,0.0,0.0018545374456337758,0.0
526,15.0,0.0,9.169733333333317,0.0,0.4309999999999995,100.0,100.0,0.0,15.0,0.3549103836394078,0.9746666666666666,1.0,0.0,0.7106824234341297,0.05,0.0,0.0,1.6698355711170816,0.0,0.41240352407159014,0.0,0.0,0.0,0.0,0.07896068887084554,0.04472688036472578,1.632993161855452,0.0,0.0016366140525896906,0.0
527,15.0,0.0,8.716399999999984,0.0,0.5529999999999996,100.0,100.0,0.0,15.0,0.37642637463159123,1.0083333333333333,0.6,0.5,0.7106824234341297,0.05,0.0,0.0,1.7197281496335355,0.0,0.692259585223154,0.0,0.0,0.0,0.0,0.0895245537865001,0.01467760534846985,1.3498971154211057,1.5811388300841898,0.0016366140525896906,0.0
528,15.0,0.0,10.356399999999985,0.0,0.5249999999999997,100.0,100.0,0.0,15.0,0.32575245313621914,0.8993333333333332,1.6,0.0,0.7091469409959319,0.05,0.0,0.0,1.887423541416015,0.0,0.6705263272650488,0.0,0.0,0.0,0.0,0.06371041970249312,0.10068653225619487,1.837873166945363,0.0,0.001684070311871181,0.0
529,15.0,0.0,10.003066666666651,0.0,0.49899999999999967,100.0,100.0,0.0,15.0,0.3383680438444894,1.0003333333333333,1.7,0.0,0.709050853233842,0.05,0.0,0.0,1.7121454939906842,0.0,0.6471724825904003,0.0,0.0,0.0,0.0,0.06627949125742871,0.018754423346552865,2.6687491868330793,0.0,0.001650228816646734,0.0
530,15.0,0.0,10.836399999999987,0.0,0.4729999999999997,100.0,100.0,0.0,15.0,0.30709835297497573,0.9336666666666666,0.1,0.0,0.7080976626339094,0.05,0.0,0.0,1.921646726953186,0.0,0.6239488939185821,0.0,0.0,0.0,0.0,0.05213666008510508,0.07063119305306093,0.31622776601683794,0.0,0.0019817461107345725,0.0
531,15.0,0.0,10.48973333333332,0.0,0.4469999999999996,100.0,100.0,0.0,15.0,0.318003248135747,0.9966666666666667,0.4,0.0,0.7080015748718194,0.05,0.0,0.0,1.9483648655687495,0.0,0.6008706645822838,0.0,0.0,0.0,0.0,0.05836488683211949,0.024595492912420806,1.2649110640673518,0.0,0.001948230970415082,0.0
532,15.0,0.0,10.936399999999987,0.0,0.4939999999999996,100.0,100.0,0.0,15.0,0.3018804055236074,0.9606666666666666,0.8,1.0,0.7073366475581567,0.05,0.0,0.0,2.4078729345909893,0.0,0.6890283013055412,0.0,0.0,0.0,0.0,0.08287801577564484,0.06333918101658605,1.6865480854231356,2.1081851067789192,0.002032659604941669,0.0
533,15.0,0.0,10.44973333333332,0.0,0.46699999999999964,100.0,100.0,0.0,15.0,0.316930906399954,1.0046666666666666,1.0,0.0,0.7073366475581567,0.05,0.0,0.0,2.3795244301289005,0.0,0.6639285436785428,0.0,0.0,0.0,0.0,0.08880896822975831,0.010909277963229788,1.699673171197595,0.0,0.002032659604941669,0.0
534,15.0,0.0,11.462766666666655,0.0,0.5139999999999996,100.0,100.0,0.0,15.0,0.2792186279206287,0.9349549999999999,0.5955,0.5,0.7062931344618596,0.05,0.0,0.0,2.2401921216662046,0.0,0.6239515650718053,0.0,0.0,0.0,0.0,0.07339847431379343,0.08994903496967217,1.344776829894917,1.5811388300841898,0.0020521191039917733,0.0
535,15.0,0.0,10.962766666666655,0.0,0.4859999999999996,100.0,100.0,0.0,15.0,0.2921989377232041,1.0023333333333333,0.7,0.0,0.7062931344618596,0.05,0.0,0.0,2.2527221396061314,0.0,0.6005774998560411,0.0,0.0,0.0,0.0,0.08063764368142634,0.007378647873726197,1.4944341180973264,0.0,0.0020521191039917733,0.0
536,15.0,0.0,11.156099999999986,0.0,0.5329999999999996,100.0,100.0,0.0,15.0,0.2803768274744508,0.9739999999999999,0.9,0.5,0.7058164999423986,0.05,0.0,0.0,2.6172543338674923,0.0,0.5597032944139042,0.0,0.0,0.0,0.0,0.09110913897837632,0.04799176884157539,1.523883926754995,1.5811388300841898,0.002150783844989639,0.0
537,15.0,0.0,10.716099999999987,0.0,0.6509999999999996,100.0,100.0,0.0,15.0,0.29047002638614916,1.013,1.1,1.0,0.7058164999423986,0.05,0.0,0.0,2.586211682254978,0.0,0.7179515613496804,0.0,0.0,0.0,0.0,0.09820033586124766,0.02162817093001113,2.4244128727957572,2.1081851067789197,0.002150783844989639,0.0
538,15.0,0.0,10.916099999999988,0.0,0.6179999999999997,100.0,100.0,0.0,15.0,0.2843612682233473,0.9749999999999999,1.0,0.5,0.7053437481529159,0.05,0.0,0.0,2.320385132198621,0.0,0.6911632706290651,0.0,0.0,0.0,0.0,0.09452732733764857,0.04989495137626153,2.309401076758503,1.5811388300841895,0.002091771705089217,0.0
539,15.0,0.0,10.462766666666653,0.0,0.5879999999999996,100.0,100.0,0.0,15.0,0.2959287988791086,1.01,1.6,0.0,0.7053437481529159,0.05,0.0,0.0,2.271095673191718,0.0,0.6636565376759274,0.0,0.0,0.0,0.0,0.09922747507872477,0.022498285257018424,2.7968235951204043,0.0,0.002091771705089217,0.0
540,15.0,0.0,11.176099999999987,0.0,0.5599999999999996,100.0,100.0,0.0,15.0,0.2734793811783763,0.9453333333333334,1.2,0.0,0.7044866453150733,0.05,0.0,0.0,1.8926788125971972,0.0,0.6363611832564547,0.0,0.0,0.0,0.0,0.09659881013900579,0.04919600505712067,1.6193277068654826,0.0,0.0019113764281359997,0.0
541,15.0,0.0,10.722766666666653,0.0,0.7559999999999997,100.0,100.0,0.0,15.0,0.28788989467438775,1.0083333333333333,0.6,0.5,0.7044866453150733,0.05,0.0,0.0,1.9302838021363946,0.0,0.9462816118306899,0.0,0.0,0.0,0.0,0.10096404542040463,0.01467760534846988,1.3498971154211057,1.5811388300841898,0.0019113764281359997,0.0
542,15.0,0.0,11.14943333333332,0.0,0.5939999999999996,100.0,100.0,0.0,15.0,0.26936855586272246,0.9546666666666667,0.6,0.0,0.7038217180014107,0.05,0.0,0.0,1.7304968247569357,0.0,0.6506099702074454,0.0,0.0,0.0,0.0,0.08493284828308179,0.06291675864599604,1.349897115421106,0.0,0.0018462735560702314,0.0
543,15.0,0.0,10.916099999999986,0.0,0.5659999999999996,100.0,100.0,0.0,15.0,0.27528750754394027,0.9866666666666666,0.0,0.0,0.7036314642324726,0.05,0.0,0.0,1.3267958251850211,0.0,0.6229000276484534,0.0,0.0,0.0,0.0,0.08122574255044514,0.04216370213557837,0.0,0.0,0.0018777995277639674,0.0
544,15.0,0.0,10.962766666666653,0.0,0.5379999999999996,100.0,100.0,0.0,15.0,0.2702179883731855,0.9756666666666666,0.3,0.0,0.7032509566945963,0.05,0.0,0.0,1.4056988073684369,0.0,0.5954232854775572,0.0,0.0,0.0,0.0,0.08249047298558652,0.048636977245256056,0.9486832980505138,0.0,0.0017101054320619075,0.0
545,15.0,0.0,10.869433333333319,0.0,0.7289999999999995,100.0,100.0,0.0,15.0,0.26638621222119996,0.9836666666666666,0.4,0.5,0.70296653691881,0.05,0.0,0.0,1.6309377750012226,0.0,0.9887753368013715,0.0,0.0,0.0,0.0,0.08499060238241989,0.03653004851412661,1.2649110640673518,1.5811388300841898,0.0019533160774715826,0.0
546,15.0,0.0,11.156099999999986,0.0,0.6949999999999996,100.0,100.0,0.0,15.0,0.2518071110406971,0.96,0.4,0.0,0.7023996191224791,0.05,0.0,0.0,1.8029086242534367,0.0,0.9497163319176473,0.0,0.0,0.0,0.0,0.07853050648248591,0.056218269514104545,1.2649110640673518,0.0,0.0018595391588922235,0.0
547,15.0,0.0,10.785299999999987,0.0,0.6609999999999996,100.0,100.0,0.0,15.0,0.2580191750374313,0.9950466666666665,0.638,0.0,0.7023054531156309,0.05,0.0,0.0,1.7679744177943644,0.0,0.9108414912717918,0.0,0.0,0.0,0.0,0.07844364959411841,0.02234238733002668,1.398171822218015,0.0,0.0018245545453448389,0.0
548,15.0,0.0,10.565299999999985,0.0,0.6269999999999996,100.0,100.0,0.0,15.0,0.2603972785976131,0.9936666666666666,1.7,0.0,0.7021171211019345,0.05,0.0,0.0,1.8253107190250288,0.0,0.8721754410667611,0.0,0.0,0.0,0.0,0.0797554286434675,0.03353457769578388,2.4517567397911058,0.0,0.0018466813546400525,0.0
549,15.0,0.0,10.211966666666651,0.0,0.5939999999999996,100.0,100.0,0.0,15.0,0.2698226855317193,0.9956666666666667,0.3,0.0,0.7020229550950864,0.05,0.0,0.0,1.9508572882861706,0.0,0.8329492448189407,0.0,0.0,0.0,0.0,0.08613879226759957,0.023096683530833093,0.9486832980505138,0.0,0.0017950572466512967,0.0
550,15.0,0.0,10.385299999999985,0.0,0.5639999999999996,100.0,100.0,0.0,15.0,0.2659996596108164,0.97,0.8,0.0,0.7015502033056037,0.05,0.0,0.0,1.7624359436744268,0.0,0.7963974440496958,0.0,0.0,0.0,0.0,0.07207288664794173,0.05544433311055397,1.6865480854231356,0.0,0.0014750172212774704,0.0
551,15.0,0.0,9.885299999999983,0.0,0.5369999999999997,100.0,100.0,0.0,15.0,0.28018442142242,1.0,0.0,0.0,0.7015502033056037,0.05,0.0,0.0,1.7624359436744268,0.0,0.7638360789826276,0.0,0.0,0.0,0.0,0.0776040906128516,9.064933036736789e-17,0.0,0.0,0.0014750172212774704,0.0
552,15.0,0.0,10.078633333333318,0.0,0.6609999999999996,100.0,100.0,0.0,15.0,0.27017145843809437,0.9716666666666665,0.2,0.5,0.7010812565914998,0.05,0.0,0.0,1.8334181020806606,0.0,1.1606841852018908,0.0,0.0,0.0,0.0,0.05815764554095969,0.06862404286588815,0.6324555320336759,1.5811388300841898,0.0018426700401534878,0.0
553,15.0,0.0,9.685866666666652,0.0,0.6309999999999996,100.0,100.0,0.0,15.0,0.2801810405103902,0.9933333333333332,0.8,0.0,0.7009851688294098,0.05,0.0,0.0,1.9230794440553327,0.0,1.118227267697502,0.0,0.0,0.0,0.0,0.05716329750210444,0.021081851067789165,2.5298221281347035,0.0,0.0018402165596727177,0.0
554,15.0,0.0,9.44586666666665,0.0,0.6759999999999996,100.0,100.0,0.0,15.0,0.2878572808405969,0.9906666666666666,0.9,0.5,0.7007968368157134,0.05,0.0,0.0,2.0686204575829956,0.0,1.0553272267669183,0.0,0.0,0.0,0.0,0.060761389211732214,0.03227199221432543,1.66332999331662,1.5811388300841895,0.0020232220400515527,0.0
555,15.0,0.0,8.952533333333317,0.0,0.6439999999999996,100.0,100.0,0.0,15.0,0.30422441008517215,1.004,1.0,0.0,0.7007968368157134,0.05,0.0,0.0,2.0764267693311695,0.0,1.014617607223967,0.0,0.0,0.0,0.0,0.0655098927127979,0.008999314102807413,2.1602468994692865,0.0,0.0020232220400515527,0.0
556,15.0,0.0,9.42586666666665,0.0,0.6129999999999997,100.0,100.0,0.0,15.0,0.30294629768562553,0.9623333333333333,1.5,0.0,0.7001357530125344,0.05,0.0,0.0,2.0031911529012265,0.0,0.9737333652836725,0.0,0.0,0.0,0.0,0.06889653828250566,0.048331417586554654,1.957890020745122,0.0,0.0017884114931571147,0.0
557,15.0,0.0,9.065033333333316,0.0,0.5839999999999996,100.0,100.0,0.0,15.0,0.3177805548797346,0.996875,0.8875,0.0,0.7000415870056862,0.05,0.0,0.0,2.1495614278495934,0.0,0.9321564008016866,0.0,0.0,0.0,0.0,0.07427611853804632,0.010677746704776173,1.637717330785614,0.0,0.001942718379096654,0.0
558,15.0,0.0,9.645033333333318,0.0,0.5559999999999996,100.0,100.0,0.0,15.0,0.31063492518472463,0.9513333333333334,1.0,0.0,0.6992862987605541,0.05,0.0,0.0,2.0463399452693465,0.0,0.8902084649738566,0.0,0.0,0.0,0.0,0.08038669376559891,0.06092294262649832,1.632993161855452,0.0,0.0018378547016716302,0.0
559,15.0,0.0,9.425033333333317,0.0,0.5279999999999996,100.0,100.0,0.0,15.0,0.32657393446304167,0.9913333333333332,1.0,0.0,0.6990979667468579,0.05,0.0,0.0,1.8788701651606678,0.0,0.8483028809203568,0.0,0.0,0.0,0.0,0.08993954232040786,0.03201851316324951,1.632993161855452,0.0,0.001668084886155721,0.0
560,15.0,0.0,9.97836666666665,0.0,0.49999999999999956,100.0,100.0,0.0,15.0,0.31170317641959244,0.9466666666666667,0.4,0.0,0.6983464835771045,0.05,0.0,0.0,1.5828559939333944,0.0,0.806446250878231,0.0,0.0,0.0,0.0,0.07533190908894777,0.06885303726590963,1.2649110640673518,0.0,0.0016602680332519519,0.0
561,15.0,0.0,9.485033333333316,0.0,0.47199999999999953,100.0,100.0,0.0,15.0,0.3266956928897706,1.0033333333333334,0.8,0.0,0.6983464835771045,0.05,0.0,0.0,1.5653739382865275,0.0,0.7646466140933624,0.0,0.0,0.0,0.0,0.08291069842866781,0.010540925533894656,1.6865480854231356,0.0,0.0016602680332519519,0.0
562,15.0,0.0,9.55836666666665,0.0,0.4439999999999995,100.0,100.0,0.0,15.0,0.3266036221549079,0.9666666666666666,0.8,0.0,0.6978756151077589,0.05,0.0,0.0,1.8117674369739127,0.0,0.7229138568629346,0.0,0.0,0.0,0.0,0.0771703505438631,0.04714045207910315,2.5298221281347035,0.0,0.0018441829440686535,0.0
563,15.0,0.0,9.071699999999984,0.0,0.4159999999999996,100.0,100.0,0.0,15.0,0.34561021191672764,1.0026666666666666,0.4,0.0,0.6978756151077589,0.05,0.0,0.0,1.8380294094155707,0.0,0.681260270055105,0.0,0.0,0.0,0.0,0.0832397992331457,0.00843274042711562,1.2649110640673518,0.0,0.0018441829440686535,0.0
564,15.0,0.0,9.905033333333318,0.0,0.38799999999999957,100.0,100.0,0.0,15.0,0.3210717287543921,0.9333333333333332,0.0,0.0,0.696935838359414,0.05,0.0,0.0,2.263065005912926,0.0,0.6397013191934006,0.0,0.0,0.0,0.0,0.07354418354106827,0.06285393610547085,0.0,0.0,0.001995036053996203,0.0
565,15.0,0.0,9.425033333333317,0.0,0.36199999999999954,100.0,100.0,0.0,15.0,0.3401671086972281,1.0033333333333334,0.4,0.0,0.696935838359414,0.05,0.0,0.0,2.286040301049985,0.0,0.604167011494154,0.0,0.0,0.0,0.0,0.08009998652662388,0.010540925533894581,1.2649110640673518,0.0,0.001995036053996203,0.0
566,15.0,0.0,9.852533333333318,0.0,0.3379999999999996,100.0,100.0,0.0,15.0,0.33479973841251204,0.9546666666666667,0.6,0.0,0.6962804429517507,0.05,0.0,0.0,2.1578687427902397,0.0,0.5746844544810845,0.0,0.0,0.0,0.0,0.08231656254330072,0.05628849848528912,1.3498971154211057,0.0,0.0018849333613581785,0.0
567,15.0,0.0,9.365866666666651,0.0,0.31399999999999956,100.0,100.0,0.0,15.0,0.3550048386671335,1.0023333333333333,0.3,0.0,0.6962804429517507,0.05,0.0,0.0,2.1547138058649926,0.0,0.5453683770321361,0.0,0.0,0.0,0.0,0.09183085698761413,0.007378647873726199,0.9486832980505139,0.0,0.0018849333613581785,0.0
568,15.0,0.0,10.465866666666653,0.0,0.28999999999999954,100.0,100.0,0.0,15.0,0.3189992667746295,0.9199999999999999,0.0,0.0,0.6951523341897096,0.05,0.0,0.0,2.3341811115953313,0.0,0.5162471415040577,0.0,0.0,0.0,0.0,0.08034551829405243,0.10795518045769881,0.0,0.0,0.001865593723247374,0.0
569,15.0,0.0,10.219999999999986,0.0,0.26699999999999957,100.0,100.0,0.0,15.0,0.3274589387870629,0.9866666666666666,0.4,0.0,0.6949658854961502,0.05,0.0,0.0,2.189266746855875,0.0,0.48673629638873417,0.0,0.0,0.0,0.0,0.07785956552196327,0.028109134757052213,1.2649110640673518,0.0,0.001925894336383235,0.0
570,15.0,0.0,10.926666666666653,0.0,0.24499999999999958,100.0,100.0,0.0,15.0,0.3040714028216365,0.9413333333333332,0.2,0.0,0.6941240413949276,0.05,0.0,0.0,1.9692575526431253,0.0,0.4568551922290762,0.0,0.0,0.0,0.0,0.066153363562672,0.06775409422278937,0.6324555320336759,0.0,0.0017869423665142193,0.0
571,15.0,0.0,10.57333333333332,0.0,0.2229999999999996,100.0,100.0,0.0,15.0,0.3148267216174053,0.9979999999999999,1.0,0.0,0.6940298753880793,0.05,0.0,0.0,2.0106997737720387,0.0,0.4272665054350343,0.0,0.0,0.0,0.0,0.07405850837135393,0.025151393452303862,2.160246899469287,0.0,0.0017624060523309594,0.0
572,15.0,0.0,11.039999999999988,0.0,0.20099999999999962,100.0,100.0,0.0,15.0,0.29511183593823526,0.959,0.7,0.0,0.6933782466206899,0.05,0.0,0.0,2.4847584774698013,0.0,0.398035453473961,0.0,0.0,0.0,0.0,0.09794619002270168,0.05833174601014952,1.4944341180973264,0.0,0.0018730922894820276,0.0
573,15.0,0.0,10.566666666666654,0.0,0.3249999999999996,100.0,100.0,0.0,15.0,0.31105799344320045,1.005,0.2,0.5,0.6933782466206899,0.05,0.0,0.0,2.487400348521963,0.0,0.641461006002876,0.0,0.0,0.0,0.0,0.10736290793864947,0.011889408088351528,0.6324555320336759,1.5811388300841895,0.0018730922894820276,0.0
574,15.0,0.0,11.546666666666654,0.0,0.30099999999999966,100.0,100.0,0.0,15.0,0.274891939680248,0.9289999999999999,0.3,0.0,0.6923518371460449,0.05,0.0,0.0,1.9106717841289957,0.0,0.6144093821621611,0.0,0.0,0.0,0.0,0.07983972189612926,0.09184057577141322,0.9486832980505138,0.0,0.0016910052487275342,0.0
575,15.0,0.0,11.046666666666654,0.0,0.2799999999999997,100.0,100.0,0.0,15.0,0.2881050044809027,1.0,0.0,0.0,0.6923518371460449,0.05,0.0,0.0,1.9106717841289966,0.0,0.5864582963291873,0.0,0.0,0.0,0.0,0.08502618381893154,6.409875621278546e-17,0.0,0.0,0.0016910052487275342,0.0
576,15.0,0.0,11.386666666666654,0.0,0.3349999999999997,100.0,100.0,0.0,15.0,0.26977588105766265,0.967,0.4,0.5,0.6917924526302619,0.05,0.0,0.0,2.1909578490460087,0.0,0.5701900268039299,0.0,0.0,0.0,0.0,0.07809990726325432,0.0632543366980566,1.2649110640673518,1.5811388300841895,0.0017049613050491377,0.0
577,15.0,0.0,10.87333333333332,0.0,0.31299999999999967,100.0,100.0,0.0,15.0,0.28344680528869964,1.0,0.4,0.0,0.6917924526302619,0.05,0.0,0.0,2.1835976656499976,0.0,0.5452634429541577,0.0,0.0,0.0,0.0,0.08431876938732434,9.791246743253677e-17,1.2649110640673518,0.0,0.0017049613050491377,0.0
578,15.0,0.0,11.039999999999987,0.0,0.2919999999999997,100.0,100.0,0.0,15.0,0.27677390549384473,0.9666666666666666,0.0,0.0,0.6913291558765688,0.05,0.0,0.0,1.964550022301155,0.0,0.5208283999766352,0.0,0.0,0.0,0.0,0.08091298227814585,0.04714045207910315,0.0,0.0,0.0017177605021442687,0.0
579,15.0,0.0,10.539999999999987,0.0,0.27299999999999974,100.0,100.0,0.0,15.0,0.2924556528063461,1.0023333333333333,0.7,0.0,0.6913291558765688,0.05,0.0,0.0,1.9760791707036687,0.0,0.49627613281317456,0.0,0.0,0.0,0.0,0.08844031199682385,0.007378647873726182,1.4944341180973264,0.0,0.0017177605021442687,0.0
580,15.0,0.0,11.366666666666655,0.0,0.2549999999999997,100.0,100.0,0.0,15.0,0.26417647606018635,0.9346666666666665,0.6,0.0,0.6903969124087718,0.05,0.0,0.0,1.7189574790595679,0.0,0.47230522146406756,0.0,0.0,0.0,0.0,0.08930329561408067,0.04464399645812506,1.8973665961010275,0.0,0.0017137925801934146,0.0
581,15.0,0.0,11.01333333333332,0.0,0.23699999999999974,100.0,100.0,0.0,15.0,0.27305444185083605,0.9956666666666665,0.3,0.0,0.6903046297220606,0.05,0.0,0.0,1.578419274910002,0.0,0.44971719508548397,0.0,0.0,0.0,0.0,0.0928211535342939,0.02309668353083304,0.9486832980505138,0.0,0.0017434522462086717,0.0
582,15.0,0.0,11.306666666666654,0.0,0.22199999999999984,100.0,100.0,0.0,15.0,0.25722754326325564,0.9613333333333334,0.6,0.0,0.6897452836413824,0.05,0.0,0.0,1.4645439183885536,0.0,0.42923187206916463,0.0,0.0,0.0,0.0,0.07307692118532728,0.06545566777937906,1.3498971154211057,0.0,0.0018598722691346582,0.0
583,15.0,0.0,10.939999999999987,0.0,0.20999999999999983,100.0,100.0,0.0,15.0,0.26540147226190475,0.9933333333333332,0.0,0.0,0.6896511176345343,0.05,0.0,0.0,1.355264085239754,0.0,0.4098238103814313,0.0,0.0,0.0,0.0,0.07377919366900236,0.021081851067789176,0.0,0.0,0.0019032293649104898,0.0
584,15.0,0.0,10.979999999999986,0.0,0.19799999999999984,100.0,100.0,0.0,15.0,0.25533733658915153,0.9766666666666666,0.8,0.0,0.6892801035675525,0.05,0.0,0.0,1.7609060518542157,0.0,0.39063481098790387,0.0,0.0,0.0,0.0,0.07196081747010234,0.049814470603244225,1.6865480854231358,0.0,0.0019732625977605133,0.0
585,15.0,0.0,10.746666666666652,0.0,0.18599999999999983,100.0,100.0,0.0,15.0,0.25700151547705674,0.9866666666666666,0.0,0.0,0.6890936548739931,0.05,0.0,0.0,2.141085452190142,0.0,0.3716988027960271,0.0,0.0,0.0,0.0,0.08053725816743448,0.028109134757052293,0.0,0.0,0.0021861850770008837,0.0
586,15.0,0.0,11.153333333333318,0.0,0.17399999999999982,100.0,100.0,0.0,15.0,0.2422323987328978,0.9533333333333334,0.8,0.0,0.6884457927468776,0.05,0.0,0.0,2.2897625085757327,0.0,0.35305649532176675,0.0,0.0,0.0,0.0,0.08084672740065725,0.05488484015657097,1.6865480854231358,0.0,0.0020946465716714076,0.0
587,15.0,0.0,10.786666666666651,0.0,0.1619999999999998,100.0,100.0,0.0,15.0,0.25049106738681226,0.9956666666666665,0.7,0.0,0.6883535100601664,0.05,0.0,0.0,2.227227696010573,0.0,0.3347569599309655,0.0,0.0,0.0,0.0,0.081415992391884,0.023096683530833047,1.4944341180973264,0.0,0.002069558514803447,0.0
588,15.0,0.0,10.293333333333319,0.0,0.1499999999999998,100.0,100.0,0.0,15.0,0.26257577074093896,1.0059999999999998,1.6,0.0,0.6883535100601664,0.05,0.0,0.0,2.194876188189552,0.0,0.316859590355097,0.0,0.0,0.0,0.0,0.08998585046659176,0.013033669598769039,2.836272984824353,0.0,0.002069558514803447,0.0
589,15.0,0.0,9.939999999999985,0.0,0.13799999999999982,100.0,100.0,0.0,15.0,0.2751792656551081,0.9983333333333333,1.1,0.0,0.6882612273734552,0.05,0.0,0.0,2.0757744352826144,0.0,0.29943650783132986,0.0,0.0,0.0,0.0,0.09223536324635494,0.025688062270437507,1.9119507199599983,0.0,0.0020854070388077713,0.0
590,15.0,0.0,10.233333333333317,0.0,0.12799999999999986,100.0,100.0,0.0,15.0,0.2706775108061975,0.9613333333333334,0.6,0.0,0.687705647933051,0.05,0.0,0.0,1.5822315854903997,0.0,0.2814960035240284,0.0,0.0,0.0,0.0,0.0767265908449469,0.06236491574635034,1.349897115421106,0.0,0.0016213382387243083,0.0
591,15.0,0.0,9.733333333333317,0.0,0.11999999999999988,100.0,100.0,0.0,15.0,0.28522156265022847,1.0,0.0,0.0,0.687705647933051,0.05,0.0,0.0,1.5822315854904005,0.0,0.2626785107312737,0.0,0.0,0.0,0.0,0.08222223048701637,9.791246743253677e-17,0.0,0.0,0.0016213382387243083,0.0
592,15.0,0.0,9.786666666666651,0.0,0.1129999999999999,100.0,100.0,0.0,15.0,0.28046283825782686,0.9766666666666666,0.4,0.0,0.6873383628399403,0.05,0.0,0.0,1.6691241142113993,0.0,0.24657881318375877,0.0,0.0,0.0,0.0,0.07352288539229566,0.04981447060324417,1.2649110640673518,0.0,0.0018373542771138935,0.0
593,15.0,0.0,9.406666666666649,0.0,0.1069999999999999,100.0,100.0,0.0,15.0,0.2895190200190193,0.9956666666666667,1.1,0.0,0.6872441968330921,0.05,0.0,0.0,1.7410653755604126,0.0,0.2331451622201639,0.0,0.0,0.0,0.0,0.0733628129572481,0.023096683530833075,1.7919573407620817,0.0,0.0017967942776772037,0.0
594,15.0,0.0,9.273333333333316,0.0,0.1009999999999999,100.0,100.0,0.0,15.0,0.2927341815895009,0.9813333333333333,1.4,0.0,0.6869654654528216,0.05,0.0,0.0,2.049137126442,0.0,0.219719518174118,0.0,0.0,0.0,0.0,0.07302548124214374,0.033377748187588555,2.988868236194653,0.0,0.001955478830842985,0.0
595,15.0,0.0,8.933333333333316,0.0,0.09499999999999989,100.0,100.0,0.0,15.0,0.30452183030873886,1.0003333333333333,1.3,0.0,0.6868731827661103,0.05,0.0,0.0,2.129684379328442,0.0,0.20630344425411565,0.0,0.0,0.0,0.0,0.06946411226081019,0.014944341180973307,2.1108186931983415,0.0,0.0020876538954883003,0.0
596,15.0,0.0,9.386666666666649,0.0,0.16199999999999987,100.0,100.0,0.0,15.0,0.3064174301922703,0.9596666666666666,0.8,0.5,0.6862253206389949,0.05,0.0,0.0,1.914802636253273,0.0,0.40455187828289957,0.0,0.0,0.0,0.0,0.06664985554082938,0.051266671482926095,1.3984117975602022,1.5811388300841895,0.0018553548862632995,0.0
597,15.0,0.0,8.873333333333317,0.0,0.15399999999999986,100.0,100.0,0.0,15.0,0.3262621408140429,1.0,0.4,0.0,0.6862253206389949,0.05,0.0,0.0,1.9269883109705932,0.0,0.3852618157392015,0.0,0.0,0.0,0.0,0.07448781756741343,8.275113844157577e-17,1.2649110640673518,0.0,0.0018553548862632995,0.0
598,15.0,0.0,9.42666666666665,0.0,0.14599999999999985,100.0,100.0,0.0,15.0,0.31878675756867236,0.9466666666666667,0.4,0.0,0.6854851758251682,0.05,0.0,0.0,1.8823940627316642,0.0,0.3659751054071541,0.0,0.0,0.0,0.0,0.07196511321601314,0.05258737584977433,1.2649110640673518,0.0,0.0018812210359982803,0.0
599,15.0,0.0,9.199999999999983,0.0,0.13799999999999987,100.0,100.0,0.0,15.0,0.32990389354441324,0.9923333333333334,1.5,0.0,0.6853006104517458,0.05,0.0,0.0,1.646170265558787,0.0,0.3466923067441148,0.0,0.0,0.0,0.0,0.07254730069990857,0.03576500807310316,2.5495097567963922,0.0,0.001689327505838796,0.0
600,15.0,0.0,9.526666666666651,0.0,0.12999999999999987,100.0,100.0,0.0,15.0,0.3218515558244289,0.967,1.3,0.0,0.68474872231881,0.05,0.0,0.0,1.6496763618253871,0.0,0.32741411087489775,0.0,0.0,0.0,0.0,0.06618001567722202,0.07136153821073689,2.7507574714370344,0.0,0.0017270253730428057,0.0
601,15.0,0.0,9.16666666666665,0.0,0.12199999999999986,100.0,100.0,0.0,15.0,0.3363840736583873,0.9946666666666666,0.2,0.0,0.6846564396320988,0.05,0.0,0.0,1.7299111516469883,0.0,0.30814138169209104,0.0,0.0,0.0,0.0,0.07320157464034178,0.02195393606262835,0.6324555320336759,0.0,0.001639425649588545,0.0
602,15.0,0.0,9.599999999999984,0.0,0.2639999999999999,100.0,100.0,0.0,15.0,0.3265464769059542,0.9603333333333334,1.6,0.5,0.6840085398385807,0.05,0.0,0.0,2.0093608098590807,0.0,0.5200470064223894,0.0,0.0,0.0,0.0,0.07195102019952139,0.06502516132189348,2.065591117977289,1.5811388300841898,0.0018251162258151505,0.0
603,15.0,0.0,9.099999999999984,0.0,0.2519999999999999,100.0,100.0,0.0,15.0,0.34336924823251014,1.003,0.9,0.0,0.6840085398385807,0.05,0.0,0.0,2.035851506869964,0.0,0.5014600903583676,0.0,0.0,0.0,0.0,0.08007173437282142,0.005544433311055325,1.3703203194062976,0.0,0.0018251162258151505,0.0
604,15.0,0.0,9.799999999999985,0.0,0.23999999999999985,100.0,100.0,0.0,15.0,0.32792265247218055,0.9400000000000001,0.0,0.0,0.6831816869656481,0.05,0.0,0.0,2.112046576366336,0.0,0.48311489316724643,0.0,0.0,0.0,0.0,0.07267766761250848,0.05837300238472753,0.0,0.0,0.001935284509653105,0.0
605,15.0,0.0,9.339999999999984,0.0,0.22799999999999984,100.0,100.0,0.0,15.0,0.3471534947663853,1.0066666666666666,0.8,0.0,0.6831816869656481,0.05,0.0,0.0,2.126656217320205,0.0,0.4650400221725245,0.0,0.0,0.0,0.0,0.08078827679446461,0.01405456737852615,1.6865480854231356,0.0,0.001935284509653105,0.0
606,15.0,0.0,9.759999999999986,0.0,0.21599999999999983,100.0,100.0,0.0,15.0,0.34170830468030633,0.9533333333333334,0.4,0.0,0.6825393994661381,0.05,0.0,0.0,2.103072414408721,0.0,0.44726825159951694,0.0,0.0,0.0,0.0,0.08509514215342658,0.05488484015657095,1.2649110640673518,0.0,0.001896965777533919,0.0
607,15.0,0.0,9.286666666666651,0.0,0.20399999999999982,100.0,100.0,0.0,15.0,0.35895915532396777,1.0046666666666666,0.6,0.0,0.6825393994661381,0.05,0.0,0.0,2.075084410004082,0.0,0.4298371784757571,0.0,0.0,0.0,0.0,0.09341423936230162,0.01090927796322989,1.349897115421106,0.0,0.001896965777533919,0.0
608,15.0,0.0,9.826666666666652,0.0,0.19199999999999987,100.0,100.0,0.0,15.0,0.3470177071263974,0.9466666666666667,0.8,0.0,0.6818011379724485,0.05,0.0,0.0,1.6230439319187526,0.0,0.4127899654249791,0.0,0.0,0.0,0.0,0.07809012462337565,0.05258737584977432,1.6865480854231356,0.0,0.001606572226008879,0.0
609,15.0,0.0,9.619999999999987,0.0,0.25499999999999984,100.0,100.0,0.0,15.0,0.35646193320411806,0.994,0.9,0.5,0.6816184182527601,0.05,0.0,0.0,1.4671043118089462,0.0,0.6217225175983968,0.0,0.0,0.0,0.0,0.07479090953168181,0.016982198377371412,2.0248456731316584,1.5811388300841898,0.0016850114318249325,0.0
610,15.0,0.0,10.946666666666655,0.0,0.24299999999999988,100.0,100.0,0.0,15.0,0.30794174831739746,0.9103333333333333,1.3,0.0,0.68033384325374,0.05,0.0,0.0,1.8570652541105563,0.0,0.6023112890266036,0.0,0.0,0.0,0.0,0.06605307198912257,0.07753055948670166,1.766981104093143,0.0,0.0015446025356061468,0.0
611,15.0,0.0,10.606666666666653,0.0,0.23299999999999993,100.0,100.0,0.0,15.0,0.3164552761557276,0.998,0.6,0.0,0.6802415605670289,0.05,0.0,0.0,1.939122876680127,0.0,0.5837626991243007,0.0,0.0,0.0,0.0,0.07917611151452421,0.025151393452303834,1.349897115421106,0.0,0.0015235098952494494,0.0
612,15.0,0.0,10.899999999999988,0.0,0.22299999999999986,100.0,100.0,0.0,15.0,0.29935895287925574,0.9636666666666664,1.3,0.0,0.6796952470616985,0.05,0.0,0.0,2.469617854178867,0.0,0.5652737783096297,0.0,0.0,0.0,0.0,0.096891830039369,0.059596379043208046,2.2135943621178655,0.0,0.0017418894366597467,0.0
613,15.0,0.0,10.406666666666654,0.0,0.2129999999999999,100.0,100.0,0.0,15.0,0.3157998412973832,1.0013333333333332,0.2,0.0,0.6796952470616985,0.05,0.0,0.0,2.4652047720019636,0.0,0.5468505788198047,0.0,0.0,0.0,0.0,0.10601509668170547,0.0042163702135578265,0.6324555320336759,0.0,0.0017418894366597467,0.0
614,15.0,0.0,11.479999999999988,0.0,0.2039999999999999,100.0,100.0,0.0,15.0,0.2757240386739803,0.9199999999999999,0.8,0.0,0.6785951997696981,0.05,0.0,0.0,1.9795996602381078,0.0,0.5280614442362638,0.0,0.0,0.0,0.0,0.07196853854333163,0.09322745317068012,1.6865480854231356,0.0,0.0013605026319188282,0.0
615,15.0,0.0,10.999999999999988,0.0,0.1959999999999999,100.0,100.0,0.0,15.0,0.28877795971138626,1.0036666666666665,0.5,0.0,0.6785951997696981,0.05,0.0,0.0,1.960536585658048,0.0,0.5088592907452684,0.0,0.0,0.0,0.0,0.0776937908881015,0.008081376242652467,1.0801234497346435,0.0,0.0013605026319188282,0.0
616,15.0,0.0,11.29333333333332,0.0,0.4089999999999999,100.0,100.0,0.0,15.0,0.2716671012795735,0.9636666666666667,0.8,0.5,0.6780488862643678,0.05,0.0,0.0,2.49408188406966,0.0,0.7974048184231421,0.0,0.0,0.0,0.0,0.08580845612484102,0.06017361712188209,1.6865480854231358,1.5811388300841898,0.0017718959410824107,0.0
617,15.0,0.0,10.83333333333332,0.0,0.3949999999999999,100.0,100.0,0.0,15.0,0.2836336485130797,1.0093333333333332,1.6,0.0,0.6780488862643678,0.05,0.0,0.0,2.5255240258089593,0.0,0.7730495168846271,0.0,0.0,0.0,0.0,0.0949745103440765,0.01377060745318191,1.837873166945363,0.0,0.0017718959410824107,0.0
618,15.0,0.0,11.259999999999987,0.0,0.3809999999999999,100.0,100.0,0.0,15.0,0.2640016729483769,0.9566666666666667,1.2,0.0,0.6774102900723261,0.05,0.0,0.0,2.3587923254428143,0.0,0.7487389398181451,0.0,0.0,0.0,0.0,0.08611508400783802,0.05454638981614921,2.6997942308422114,0.0,0.0018190278147994926,0.0
619,15.0,0.0,10.726666666666654,0.0,0.3669999999999999,100.0,100.0,0.0,15.0,0.27767588286863365,1.0013333333333332,1.4,0.0,0.6774102900723261,0.05,0.0,0.0,2.338766161995219,0.0,0.7244775895621461,0.0,0.0,0.0,0.0,0.0937350690578254,0.0042163702135577805,2.3190036174568114,0.0,0.0018190278147994926,0.0
620,15.0,0.0,11.066666666666654,0.0,0.35299999999999987,100.0,100.0,0.0,15.0,0.26922689957384827,0.967,0.9,0.0,0.6768602852595274,0.05,0.0,0.0,2.1239376429432024,0.0,0.7002705826242371,0.0,0.0,0.0,0.0,0.09649860986287571,0.03342395090092071,1.5238839267549946,0.0,0.0016684047341471741,0.0
621,15.0,0.0,10.599999999999987,0.0,0.33899999999999986,100.0,100.0,0.0,15.0,0.28395327237735896,1.0063333333333333,0.4,0.5,0.6768602852595274,0.05,0.0,0.0,2.15755920623168,0.0,0.6761237559303275,0.0,0.0,0.0,0.0,0.10351413699546343,0.012013367040689312,0.8432740427115678,1.5811388300841898,0.0016684047341471741,0.0
622,15.0,0.0,10.59333333333332,0.0,0.32499999999999984,100.0,100.0,0.0,15.0,0.27954174798246545,0.9733333333333333,1.2,0.0,0.676494845820151,0.05,0.0,0.0,1.9424942601246724,0.0,0.6520437953934619,0.0,0.0,0.0,0.0,0.07752485563174129,0.06440611887195305,2.699794230842212,0.0,0.0016545404737894952,0.0
623,15.0,0.0,10.259999999999986,0.0,0.31099999999999983,100.0,100.0,0.0,15.0,0.2904076611969839,0.9996666666666666,0.9,0.0,0.6764025631334397,0.05,0.0,0.0,1.7255380266692166,0.0,0.6280383923154873,0.0,0.0,0.0,0.0,0.08302905598992139,0.025649585465810136,1.3703203194062978,0.0,0.0016232475335355846,0.0
624,15.0,0.0,10.973333333333319,0.0,0.3719999999999998,100.0,100.0,0.0,15.0,0.2657033309257413,0.945,0.6,0.5,0.6755849385291783,0.05,0.0,0.0,2.003256607885534,0.0,0.6324871540197473,0.0,0.0,0.0,0.0,0.07510862618550057,0.0721324228052343,1.8973665961010278,1.5811388300841895,0.0018159342393521294,0.0
625,15.0,0.0,10.766666666666653,0.0,0.5019999999999998,100.0,100.0,0.0,15.0,0.26493850014989373,0.9936666666666666,0.8,0.5,0.6754022188094901,0.05,0.0,0.0,2.4245656350197113,0.0,0.682720049996092,0.0,0.0,0.0,0.0,0.09247238591742364,0.03487012942227097,1.6865480854231356,1.5811388300841898,0.0020896553560650344,0.0
626,15.0,0.0,11.066666666666652,0.0,0.48199999999999976,100.0,100.0,0.0,15.0,0.2535179626595543,0.9623333333333333,0.7,0.0,0.674857750957894,0.05,0.0,0.0,2.5432554233006504,0.0,0.6577199674295705,0.0,0.0,0.0,0.0,0.09996797933469623,0.0493425917238311,1.4944341180973264,0.0,0.002044061857841787,0.0
627,15.0,0.0,10.839999999999986,0.0,0.46199999999999974,100.0,100.0,0.0,15.0,0.2579157204117585,0.9899999999999999,0.8,0.0,0.67467687689194,0.05,0.0,0.0,2.286503611506467,0.0,0.632855960441763,0.0,0.0,0.0,0.0,0.09656009588352231,0.031622776601683736,1.6865480854231356,0.0,0.002007995301589737,0.0
628,15.0,0.0,10.726666666666652,0.0,0.44199999999999984,100.0,100.0,0.0,15.0,0.26323823871891544,0.9799999999999999,0.4,0.0,0.6744037201392749,0.05,0.0,0.0,2.033169392298092,0.0,0.6081447196186116,0.0,0.0,0.0,0.0,0.09934653735228163,0.03220305943597654,1.2649110640673518,0.0,0.0017660815743353808,0.0
629,15.0,0.0,10.333333333333318,0.0,0.4219999999999997,100.0,100.0,0.0,15.0,0.27367587042771235,0.9956666666666665,1.5,0.0,0.6743132831062979,0.05,0.0,0.0,1.915305474781609,0.0,0.5836056507227764,0.0,0.0,0.0,0.0,0.09948210041846428,0.02309668353083306,3.1710495984067415,0.0,0.0017735741138217788,0.0
630,15.0,0.0,10.386666666666653,0.0,0.4019999999999998,100.0,100.0,0.0,15.0,0.2682669360766165,0.977,0.5,0.0,0.6739515349743899,0.05,0.0,0.0,1.7696480782877895,0.0,0.5592614177049343,0.0,0.0,0.0,0.0,0.08682305000391871,0.0586778188053465,1.0801234497346435,0.0,0.0016428553143885039,0.0
631,15.0,0.0,9.893333333333318,0.0,0.38199999999999973,100.0,100.0,0.0,15.0,0.2835438310296554,1.0033333333333334,0.8,0.0,0.6739515349743899,0.05,0.0,0.0,1.7363079888368809,0.0,0.5351386113273205,0.0,0.0,0.0,0.0,0.0921176175245702,0.01054092553389463,1.6865480854231358,0.0,0.0016428553143885039,0.0
632,15.0,0.0,9.799999999999985,0.0,0.36199999999999977,100.0,100.0,0.0,15.0,0.2835235883026413,0.9833333333333332,0.8,0.0,0.6736820326161185,0.05,0.0,0.0,1.8926759422104553,0.0,0.5112685747780272,0.0,0.0,0.0,0.0,0.08678967786048823,0.047790695928014576,1.6865480854231358,0.0,0.001928859550370869,0.0
633,15.0,0.0,9.59666666666665,0.0,0.41599999999999976,100.0,100.0,0.0,15.0,0.29445136356252927,0.9916666666666666,0.2,0.5,0.6734993128964303,0.05,0.0,0.0,1.681155540280939,0.0,0.5731046055380192,0.0,0.0,0.0,0.0,0.08581973861283283,0.034471315683307927,0.6324555320336759,1.5811388300841895,0.0018107085412199556,0.0
634,15.0,0.0,9.503333333333318,0.0,0.39599999999999974,100.0,100.0,0.0,15.0,0.29847346644705464,0.9833333333333332,0.8,0.0,0.6732261561437651,0.05,0.0,0.0,1.6381599132058444,0.0,0.5504785796619759,0.0,0.0,0.0,0.0,0.0819094923279851,0.036004114991154725,1.6865480854231358,0.0,0.0017673439839096488,0.0
635,15.0,0.0,9.163333333333316,0.0,0.32299999999999973,100.0,100.0,0.0,15.0,0.31129592865516853,1.0003333333333333,0.8,0.5,0.6731357191107881,0.05,0.0,0.0,1.7718268454819115,0.0,0.45575456357805344,0.0,0.0,0.0,0.0,0.08354118373861762,0.027686516752320863,1.6865480854231356,1.5811388300841895,0.0019070248541345257,0.0
636,15.0,0.0,9.729999999999984,0.0,0.3049999999999997,100.0,100.0,0.0,15.0,0.299045733110822,0.9466666666666667,0.0,0.0,0.6724121859338975,0.05,0.0,0.0,1.7289438723047839,0.0,0.43482435789893603,0.0,0.0,0.0,0.0,0.0694432741309528,0.052587375849774326,0.0,0.0,0.001813830363734442,0.0
637,15.0,0.0,9.21666666666665,0.0,0.28699999999999976,100.0,100.0,0.0,15.0,0.3164764161693412,1.0,0.4,0.0,0.6724121859338975,0.05,0.0,0.0,1.7087465624880795,0.0,0.41443535885185573,0.0,0.0,0.0,0.0,0.07441429209508084,7.401486830834377e-17,1.2649110640673518,0.0,0.001813830363734442,0.0
638,15.0,0.0,9.643333333333317,0.0,0.2689999999999997,100.0,100.0,0.0,15.0,0.3041687259025099,0.9570000000000001,1.3,0.0,0.6717772810493243,0.05,0.0,0.0,2.419164736989068,0.0,0.39467145267368314,0.0,0.0,0.0,0.0,0.08608454968122015,0.05922232645394208,2.2135943621178655,0.0,0.0023593123661928834,0.0
639,15.0,0.0,9.456666666666651,0.0,0.2509999999999997,100.0,100.0,0.0,15.0,0.31136192402064633,0.9969999999999999,1.7,0.0,0.6715964069833704,0.05,0.0,0.0,2.316023092061689,0.0,0.3756313204312024,0.0,0.0,0.0,0.0,0.08894554573411147,0.03320159151324444,2.7507574714370344,0.0,0.0022156374313013006,0.0
640,15.0,0.0,9.79666666666665,0.0,0.2349999999999998,100.0,100.0,0.0,15.0,0.30470803904630206,0.9673333333333334,1.0,0.0,0.6710537478724338,0.05,0.0,0.0,2.0948172376747514,0.0,0.35672117963473904,0.0,0.0,0.0,0.0,0.07285719377328453,0.06428716439673507,1.4142135623730951,0.0,0.0020366392294317924,0.0
641,15.0,0.0,9.423333333333316,0.0,0.22099999999999978,100.0,100.0,0.0,15.0,0.31754862417303864,0.9946666666666666,0.6,0.0,0.6709633108394568,0.05,0.0,0.0,2.1556729635837493,0.0,0.3374890944740121,0.0,0.0,0.0,0.0,0.08035851833420493,0.021953936062628403,1.3498971154211057,0.0,0.0019658782310531205,0.0
642,15.0,0.0,10.149999999999984,0.0,0.20699999999999977,100.0,100.0,0.0,15.0,0.3004389249831153,0.9446666666666665,0.6,0.0,0.670147494975855,0.05,0.0,0.0,2.170011662937314,0.0,0.3185051892129159,0.0,0.0,0.0,0.0,0.07480076520438418,0.07235372643060656,1.8973665961010275,0.0,0.0020357472538675564,0.0
643,15.0,0.0,9.629999999999985,0.0,0.19299999999999976,100.0,100.0,0.0,15.0,0.3178561513547165,1.0013333333333332,1.0,0.0,0.670147494975855,0.05,0.0,0.0,2.181994217552401,0.0,0.29981661061388815,0.0,0.0,0.0,0.0,0.08228275537895506,0.004216370213557817,1.699673171197595,0.0,0.0020357472538675564,0.0
644,15.0,0.0,9.923333333333318,0.0,0.17899999999999977,100.0,100.0,0.0,15.0,0.31340276821992746,0.9613333333333334,0.6,0.0,0.6696084902593121,0.05,0.0,0.0,2.1217306004157925,0.0,0.2814821881082745,0.0,0.0,0.0,0.0,0.0839210960646744,0.0363521867496507,1.8973665961010275,0.0,0.0020853612704645314,0.0
645,15.0,0.0,9.463333333333319,0.0,0.16499999999999976,100.0,100.0,0.0,15.0,0.3285782081378873,1.0066666666666666,0.8,0.0,0.6696084902593121,0.05,0.0,0.0,2.1141761375866395,0.0,0.26357583770562515,0.0,0.0,0.0,0.0,0.09115694451911488,0.014054567378526098,1.6865480854231358,0.0,0.0020853612704645314,0.0
646,15.0,0.0,9.803333333333317,0.0,0.15099999999999975,100.0,100.0,0.0,15.0,0.327873825226694,0.9666666666666666,0.8,0.0,0.6690676768021098,0.05,0.0,0.0,1.6479279919543444,0.0,0.24619098277556764,0.0,0.0,0.0,0.0,0.08480607253155624,0.031426968052735385,1.6865480854231356,0.0,0.0018871689170245223,0.0
647,15.0,0.0,9.309999999999985,0.0,0.1379999999999998,100.0,100.0,0.0,15.0,0.34599538028995996,1.0013333333333332,0.2,0.0,0.6690676768021098,0.05,0.0,0.0,1.6432465607020967,0.0,0.22875508494651817,0.0,0.0,0.0,0.0,0.0916135626895791,0.004216370213557814,0.6324555320336759,0.0,0.0018871689170245223,0.0
648,15.0,0.0,9.996666666666652,0.0,0.12599999999999978,100.0,100.0,0.0,15.0,0.3286240980223145,0.9400000000000001,0.4,0.0,0.6682537435053169,0.05,0.0,0.0,1.5635074529900914,0.0,0.21130283691632906,0.0,0.0,0.0,0.0,0.07567585171391222,0.06629526173411684,1.2649110640673518,0.0,0.0014957109644473717,0.0
649,15.0,0.0,9.763333333333318,0.0,0.1139999999999998,100.0,100.0,0.0,15.0,0.3388705277276796,0.9866666666666666,0.0,0.0,0.6680746781800224,0.05,0.0,0.0,1.3135993338444372,0.0,0.19466210040306564,0.0,0.0,0.0,0.0,0.07227985926686535,0.028109134757052213,0.0,0.0,0.0015304463750321594,0.0
650,15.0,0.0,10.56333333333332,0.0,0.10199999999999979,100.0,100.0,0.0,15.0,0.3086012223994754,0.9389999999999998,2.7,0.0,0.6671775428128907,0.05,0.0,0.0,1.7912303516967099,0.0,0.1790592701376338,0.0,0.0,0.0,0.0,0.07063827548474146,0.06776958056077015,4.110960958218893,0.0,0.0015855230610663511,0.0
651,15.0,0.0,10.236666666666652,0.0,0.08999999999999977,100.0,100.0,0.0,15.0,0.31802899682478725,1.0026666666666666,1.6,0.0,0.6670871057799137,0.05,0.0,0.0,1.842197426451547,0.0,0.16478942792411008,0.0,0.0,0.0,0.0,0.08048364288165508,0.009135468796041941,2.4129281427805145,0.0,0.001537571734119437,0.0
652,15.0,0.0,10.609999999999987,0.0,0.2259999999999998,100.0,100.0,0.0,15.0,0.3043115941011086,0.975,1.8,0.5,0.6665481010633709,0.05,0.0,0.0,2.413033028174655,0.0,0.46536007564035836,0.0,0.0,0.0,0.0,0.09588933585075679,0.04240457697169192,2.6997942308422114,1.5811388300841898,0.0018933659316303407,0.0
653,15.0,0.0,10.109999999999985,0.0,0.21199999999999983,100.0,100.0,0.0,15.0,0.31906067227115587,1.0046666666666666,1.4,0.0,0.6665481010633709,0.05,0.0,0.0,2.401545284413025,0.0,0.45323038046646624,0.0,0.0,0.0,0.0,0.1028485200409624,0.00983819716496829,1.837873166945363,0.0,0.0018933659316303407,0.0
654,15.0,0.0,11.203333333333319,0.0,0.2009999999999999,100.0,100.0,0.0,15.0,0.2800172432658057,0.9213333333333333,0.6,0.0,0.66547186345787,0.05,0.0,0.0,2.0641830955251677,0.0,0.43996085684473735,0.0,0.0,0.0,0.0,0.060658309167958245,0.10355650929460665,1.3498971154211057,0.0,0.0015585286195246492,0.0
655,15.0,0.0,10.703333333333319,0.0,0.1909999999999999,100.0,100.0,0.0,15.0,0.2939334278573179,1.0003333333333333,0.1,0.0,0.66547186345787,0.05,0.0,0.0,2.0641830955251677,0.0,0.42641789622648596,0.0,0.0,0.0,0.0,0.0654320253431833,0.0010540925533893094,0.31622776601683794,0.0,0.0015585286195246492,0.0
656,15.0,0.0,10.896666666666652,0.0,0.18099999999999988,100.0,100.0,0.0,15.0,0.28006538499418304,0.9733333333333333,1.2,0.0,0.6650251045149637,0.05,0.0,0.0,2.5380292733915844,0.0,0.41313032649112874,0.0,0.0,0.0,0.0,0.07355011950698771,0.04919098582484145,2.6997942308422114,0.0,0.0018296226118560501,0.0
657,15.0,0.0,10.409999999999986,0.0,0.17099999999999987,100.0,100.0,0.0,15.0,0.2931677105303757,1.0046666666666666,1.0,0.0,0.6650251045149637,0.05,0.0,0.0,2.5410239017246226,0.0,0.4001235920173776,0.0,0.0,0.0,0.0,0.08222066077744827,0.010909277963229796,2.5385910352879697,0.0,0.0018296226118560501,0.0
658,15.0,0.0,10.549999999999986,0.0,0.16099999999999987,100.0,100.0,0.0,15.0,0.29257079949710507,0.969,1.5,0.0,0.6645783455720574,0.05,0.0,0.0,2.1923126072486236,0.0,0.38742597859318734,0.0,0.0,0.0,0.0,0.08400894459622406,0.04586749568587568,2.718251071716682,0.0,0.0017685870731834852,0.0
659,15.0,0.0,10.096666666666653,0.0,0.15099999999999986,100.0,100.0,0.0,15.0,0.3072520982584074,1.0086666666666666,1.2,0.0,0.6645783455720574,0.05,0.0,0.0,2.215124777022232,0.0,0.3750688825624789,0.0,0.0,0.0,0.0,0.09301538364573679,0.01288122377439059,1.7511900715418263,0.0,0.0017685870731834852,0.0
660,15.0,0.0,10.809999999999986,0.0,0.14099999999999985,100.0,100.0,0.0,15.0,0.28586516541463414,0.9423333333333332,0.3,0.0,0.6637680297565836,0.05,0.0,0.0,2.0034568890227855,0.0,0.3630870725077143,0.0,0.0,0.0,0.0,0.09006348625676293,0.0527760233626531,0.9486832980505138,0.0,0.0017992661800125672,0.0
661,15.0,0.0,10.316666666666652,0.0,0.13099999999999987,100.0,100.0,0.0,15.0,0.3001153899005983,1.0033333333333334,0.8,0.0,0.6637680297565836,0.05,0.0,0.0,2.028394122464715,0.0,0.3515189263120202,0.0,0.0,0.0,0.0,0.09666067212108331,0.010540925533894555,1.6865480854231358,0.0,0.0017992661800125672,0.0
662,15.0,0.0,10.489999999999986,0.0,0.12299999999999993,100.0,100.0,0.0,15.0,0.2969315261071022,0.968,0.2,0.0,0.6633230795543368,0.05,0.0,0.0,1.6815667297691987,0.0,0.33954381160610175,0.0,0.0,0.0,0.0,0.09345777030431085,0.0339643967547427,0.6324555320336759,0.0,0.0017364496487642766,0.0
663,15.0,0.0,10.109999999999985,0.0,0.11699999999999992,100.0,100.0,0.0,15.0,0.3091539080695019,0.9933333333333332,0.4,0.0,0.6632326425213597,0.05,0.0,0.0,1.5112785854907658,0.0,0.32687238420453246,0.0,0.0,0.0,0.0,0.09734807993897547,0.02108185106778919,1.2649110640673518,0.0,0.0017795614247704647,0.0
664,15.0,0.0,10.816666666666652,0.0,0.11099999999999992,100.0,100.0,0.0,15.0,0.2809016442388951,0.9413333333333332,0.2,0.0,0.6624295616685242,0.05,0.0,0.0,1.9898042586280524,0.0,0.31426987694584324,0.0,0.0,0.0,0.0,0.08962089625599608,0.08691133554901556,0.6324555320336759,0.0,0.0020214208824182876,0.0
665,15.0,0.0,10.449999999999985,0.0,0.10499999999999991,100.0,100.0,0.0,15.0,0.28952119386807046,0.9933333333333332,0.0,0.0,0.6623409333762067,0.05,0.0,0.0,2.2319370981003384,0.0,0.3017449253922921,0.0,0.0,0.0,0.0,0.09973095901686431,0.02108185106778921,0.0,0.0,0.0021823047177803815,0.0
666,15.0,0.0,11.156666666666652,0.0,0.09899999999999991,100.0,100.0,0.0,15.0,0.26220769396974636,0.9416666666666667,0.3,0.0,0.6615396612640306,0.05,0.0,0.0,2.445961650366119,0.0,0.28930760254249943,0.0,0.0,0.0,0.0,0.0985359003082,0.08008097753501114,0.674948557710553,0.0,0.0019301747976983553,0.0
667,15.0,0.0,11.069999999999986,0.0,0.0929999999999999,100.0,100.0,0.0,15.0,0.26305493822426357,0.9823333333333333,0.3,0.0,0.6612719676464187,0.05,0.0,0.0,2.3123100522589524,0.0,0.27696971354684635,0.0,0.0,0.0,0.0,0.0992542030695189,0.034571450435079844,0.9486832980505139,0.0,0.001987783217722511,0.0
668,15.0,0.0,11.236666666666654,0.0,0.0869999999999999,100.0,100.0,0.0,15.0,0.2567967468574487,0.9666666666666666,0.0,0.0,0.6608287900100183,0.05,0.0,0.0,1.8800085368863206,0.0,0.2647451604845685,0.0,0.0,0.0,0.0,0.09179388852425412,0.04714045207910315,0.0,0.0,0.0017375130984488706,0.0
669,15.0,0.0,10.863333333333319,0.0,0.0809999999999999,100.0,100.0,0.0,15.0,0.2660674393543558,0.9966666666666665,1.2,0.0,0.6607401617177009,0.05,0.0,0.0,1.8162809648316773,0.0,0.25265039525443483,0.0,0.0,0.0,0.0,0.08984070666909418,0.024595492912420764,1.9321835661585918,0.0,0.0017884015319830043,0.0
670,15.0,0.0,10.903333333333318,0.0,0.07599999999999993,100.0,100.0,0.0,15.0,0.25974265135321717,0.977,0.9,0.0,0.6603856485484311,0.05,0.0,0.0,1.533047477380021,0.0,0.2403331021727966,0.0,0.0,0.0,0.0,0.06781979463059765,0.045391302805387355,1.5238839267549946,0.0,0.0017957684016646196,0.0
671,15.0,0.0,10.423333333333318,0.0,0.21799999999999992,100.0,100.0,0.0,15.0,0.27171112012056586,1.0036666666666665,0.0,0.5,0.6603856485484311,0.05,0.0,0.0,1.504565069840028,0.0,0.4915689168366933,0.0,0.0,0.0,0.0,0.07178788423555,0.011595018087284036,0.0,1.5811388300841898,0.0017957684016646196,0.0
672,15.0,0.0,10.209999999999985,0.0,0.2099999999999999,100.0,100.0,0.0,15.0,0.2748976308097081,0.9899999999999999,0.4,0.0,0.6602083919637962,0.05,0.0,0.0,1.8227675335822442,0.0,0.4758384413035817,0.0,0.0,0.0,0.0,0.07736110534993353,0.031622776601683805,1.2649110640673518,0.0,0.0020667507285256643,0.0
673,15.0,0.0,9.869999999999985,0.0,0.2019999999999999,100.0,100.0,0.0,15.0,0.28604128291940756,1.0,1.2,0.0,0.6601179549308192,0.05,0.0,0.0,1.855019882759242,0.0,0.46018836722947837,0.0,0.0,0.0,0.0,0.07557924650048872,0.027216552697590834,1.9321835661585918,0.0,0.001993789088743031,0.0
674,15.0,0.0,9.776666666666651,0.0,0.1939999999999999,100.0,100.0,0.0,15.0,0.29151695008731704,0.9813333333333333,0.2,0.0,0.6598502613132073,0.05,0.0,0.0,1.8373390582075015,0.0,0.44462718465398987,0.0,0.0,0.0,0.0,0.0763995163160788,0.03337774818758857,0.6324555320336759,0.0,0.0017337979121761844,0.0
675,15.0,0.0,9.409999999999984,0.0,0.1859999999999999,100.0,100.0,0.0,15.0,0.3030361874038907,0.9933333333333334,0.0,0.0,0.6597616330208899,0.05,0.0,0.0,1.9129222683993945,0.0,0.42916456310164064,0.0,0.0,0.0,0.0,0.0770173192830624,0.02108185106778924,0.0,0.0,0.0018752134463718272,0.0
676,15.0,0.0,9.849999999999984,0.0,0.17799999999999988,100.0,100.0,0.0,15.0,0.2953766239215333,0.9566666666666667,0.8,0.0,0.6591411987998546,0.05,0.0,0.0,1.6436371892472368,0.0,0.4138115513129133,0.0,0.0,0.0,0.0,0.0644343117111063,0.058899370136438034,1.6865480854231356,0.0,0.0018150434034569802,0.0
677,15.0,0.0,9.33666666666665,0.0,0.16999999999999987,100.0,100.0,0.0,15.0,0.3130396831669653,1.0,0.4,0.0,0.6591411987998546,0.05,0.0,0.0,1.631968439539911,0.0,0.39858081572833703,0.0,0.0,0.0,0.0,0.06956416771543354,7.401486830834377e-17,1.2649110640673518,0.0,0.0018150434034569802,0.0
678,15.0,0.0,9.909999999999984,0.0,0.16199999999999987,100.0,100.0,0.0,15.0,0.2962434986219443,0.9480000000000001,0.2,0.0,0.6584303637206553,0.05,0.0,0.0,2.3478937238025974,0.0,0.38348692575135085,0.0,0.0,0.0,0.0,0.08021072486554731,0.061084842839213054,0.6324555320336759,0.0,0.0023360789304792454,0.0
679,15.0,0.0,9.849999999999984,0.0,0.1539999999999999,100.0,100.0,0.0,15.0,0.30332875903408285,0.9866666666666667,0.8,0.0,0.658164478843703,0.05,0.0,0.0,2.1561997891810054,0.0,0.36854669536799073,0.0,0.0,0.0,0.0,0.07737368354212305,0.03912625969257557,1.6865480854231356,0.0,0.002171324682675295,0.0
680,15.0,0.0,9.883333333333317,0.0,0.14599999999999988,100.0,100.0,0.0,15.0,0.304654300234822,0.9733333333333333,0.0,0.0,0.6578099656744333,0.05,0.0,0.0,2.123894047716586,0.0,0.35377959240182283,0.0,0.0,0.0,0.0,0.07778082619362242,0.0344265186329548,0.0,0.0,0.002072941596233274,0.0
681,15.0,0.0,9.51666666666665,0.0,0.1379999999999999,100.0,100.0,0.0,15.0,0.31776954242127586,0.9936666666666666,0.1,0.0,0.6577213373821158,0.05,0.0,0.0,2.2227360517064496,0.0,0.33920822841172665,0.0,0.0,0.0,0.0,0.08720031094013407,0.021224839861833922,0.31622776601683794,0.0,0.0020149437826907928,0.0
682,15.0,0.0,10.21666666666665,0.0,0.1299999999999999,100.0,100.0,0.0,15.0,0.30198862458882647,0.9400000000000001,0.0,0.0,0.6569236104016324,0.05,0.0,0.0,1.9669648236010637,0.0,0.32485894374841096,0.0,0.0,0.0,0.0,0.07724352650951267,0.05837300238472749,0.0,0.0,0.0019416563571508128,0.0
683,15.0,0.0,9.703333333333317,0.0,0.12199999999999989,100.0,100.0,0.0,15.0,0.3196503118027743,1.0,0.4,0.0,0.6569236104016324,0.05,0.0,0.0,1.9770566725361638,0.0,0.31076250310057235,0.0,0.0,0.0,0.0,0.08252707953639928,8.275113844157577e-17,1.2649110640673518,0.0,0.0019416563571508128,0.0
684,15.0,0.0,9.876666666666651,0.0,0.11399999999999988,100.0,100.0,0.0,15.0,0.3179430873801929,0.968,0.2,0.0,0.6564840140717377,0.05,0.0,0.0,1.9781553946624393,0.0,0.2969549161442223,0.0,0.0,0.0,0.0,0.08892475875494539,0.03675746333890721,0.6324555320336759,0.0,0.0020781223035609133,0.0
685,15.0,0.0,9.389999999999983,0.0,0.17899999999999988,100.0,100.0,0.0,15.0,0.33315597888926485,1.0073333333333332,0.8,1.0,0.6564840140717377,0.05,0.0,0.0,1.9745322934248988,0.0,0.3412542226030974,0.0,0.0,0.0,0.0,0.09943016429802844,0.01546002411637873,2.5298221281347035,2.1081851067789192,0.0020781223035609133,0.0
686,15.0,0.0,10.089999999999986,0.0,0.16899999999999987,100.0,100.0,0.0,15.0,0.31786182870868657,0.9426666666666665,0.8,0.0,0.6556899045725735,0.05,0.0,0.0,1.6631110220321887,0.0,0.32871635865050036,0.0,0.0,0.0,0.0,0.0869518256633122,0.06191990046886432,1.6865480854231356,0.0,0.0019410021415912301,0.0
687,15.0,0.0,9.596666666666652,0.0,0.15899999999999986,100.0,100.0,0.0,15.0,0.33532869850949804,1.0013333333333332,0.2,0.0,0.6556899045725735,0.05,0.0,0.0,1.6524168606866405,0.0,0.3165947286709337,0.0,0.0,0.0,0.0,0.09390789374677114,0.004216370213557837,0.6324555320336759,0.0,0.0019410021415912301,0.0
688,15.0,0.0,10.283333333333319,0.0,0.14899999999999985,100.0,100.0,0.0,15.0,0.31302466401560647,0.9399999999999998,0.4,0.0,0.6548922499417165,0.05,0.0,0.0,1.3185523299867892,0.0,0.30493897385834057,0.0,0.0,0.0,0.0,0.06270931959551464,0.07981459998252428,1.2649110640673518,0.0,0.0014648751754383039,0.0
689,15.0,0.0,10.07666666666665,0.0,0.1399999999999999,100.0,100.0,0.0,15.0,0.3223087379897484,0.9913333333333332,0.6,0.0,0.6547149933570815,0.05,0.0,0.0,1.3713154898999413,0.0,0.29329545209945235,0.0,0.0,0.0,0.0,0.07370023713650346,0.029152642130857966,1.3498971154211057,0.0,0.0015013699968207523,0.0
690,15.0,0.0,10.64333333333332,0.0,0.13299999999999992,100.0,100.0,0.0,15.0,0.3029182356713904,0.9466666666666667,0.0,0.0,0.6540112847160809,0.05,0.0,0.0,1.4807447242086043,0.0,0.2808736370683441,0.0,0.0,0.0,0.0,0.06955931515901745,0.042163702135578345,0.0,0.0,0.0014056481736285892,0.0
691,15.0,0.0,10.089999999999986,0.0,0.12699999999999992,100.0,100.0,0.0,15.0,0.3222932663142829,0.9989999999999999,0.3,0.0,0.6540112847160809,0.05,0.0,0.0,1.3135617398677735,0.0,0.2679987562160191,0.0,0.0,0.0,0.0,0.07219933470282033,0.01352181593473449,0.9486832980505138,0.0,0.0014056481736285892,0.0
692,15.0,0.0,10.52333333333332,0.0,0.12099999999999991,100.0,100.0,0.0,15.0,0.30312578389416944,0.9533333333333334,0.0,0.0,0.6533908504950456,0.05,0.0,0.0,1.9746573386130286,0.0,0.25518838357400014,0.0,0.0,0.0,0.0,0.0757676755671817,0.07062332703142532,0.0,0.0,0.0017028101031625878,0.0
693,15.0,0.0,10.009999999999986,0.0,0.11499999999999991,100.0,100.0,0.0,15.0,0.3205204501416293,1.0,0.4,0.0,0.6533908504950456,0.05,0.0,0.0,1.9710278073340237,0.0,0.24245274453660703,0.0,0.0,0.0,0.0,0.081424091529423,7.401486830834377e-17,1.2649110640673518,0.0,0.0017028101031625878,0.0
694,15.0,0.0,10.976666666666654,0.0,0.1089999999999999,100.0,100.0,0.0,15.0,0.2873730668827023,0.9266666666666665,0.0,0.0,0.6524229933681259,0.05,0.0,0.0,1.8460535150008328,0.0,0.22980426453832378,0.0,0.0,0.0,0.0,0.05755545110042449,0.06629526173411683,0.0,0.0,0.0013931673442929885,0.0
695,15.0,0.0,10.649999999999986,0.0,0.1029999999999999,100.0,100.0,0.0,15.0,0.29428057149707665,1.0023333333333333,1.5,0.0,0.6523361376416548,0.05,0.0,0.0,1.8983586152512866,0.0,0.2172581669606715,0.0,0.0,0.0,0.0,0.05988288925710332,0.02819902808937196,1.9578900207451218,0.0,0.0015387396258585771,0.0
696,15.0,0.0,10.96333333333332,0.0,0.09699999999999989,100.0,100.0,0.0,15.0,0.2766600248823875,0.9626666666666667,0.4,0.0,0.6518114581511355,0.05,0.0,0.0,2.5266212250384585,0.0,0.2048332655275177,0.0,0.0,0.0,0.0,0.0682363152851749,0.055082429812727686,0.8432740427115678,0.0,0.0018004088577597043,0.0
697,15.0,0.0,10.449999999999985,0.0,0.0909999999999999,100.0,100.0,0.0,15.0,0.2926425014106012,1.0,0.4,0.0,0.6518114581511355,0.05,0.0,0.0,2.5411793704090666,0.0,0.19255302300059218,0.0,0.0,0.0,0.0,0.07506864461647339,9.791246743253677e-17,1.2649110640673518,0.0,0.0018004088577597043,0.0
698,15.0,0.0,10.489999999999986,0.0,0.0849999999999999,100.0,100.0,0.0,15.0,0.2946476013058018,0.9746666666666666,0.2,0.0,0.6514604901135584,0.05,0.0,0.0,2.3230487630602115,0.0,0.18044697589904643,0.0,0.0,0.0,0.0,0.08063698409749127,0.035804682775329465,0.6324555320336759,0.0,0.0017440382565389585,0.0
699,15.0,0.0,9.976666666666652,0.0,0.07899999999999989,100.0,100.0,0.0,15.0,0.3103568909547332,1.0,0.4,0.0,0.6514604901135584,0.05,0.0,0.0,2.3069433574149603,0.0,0.16855266239368613,0.0,0.0,0.0,0.0,0.08868638418894641,8.275113844157577e-17,1.2649110640673518,0.0,0.0017440382565389585,0.0
700,15.0,0.0,10.549999999999986,0.0,0.0729999999999999,100.0,100.0,0.0,15.0,0.29657395988454327,0.9480000000000001,0.2,0.0,0.6507550089067116,0.05,0.0,0.0,2.214611968910022,0.0,0.1569182377333281,0.0,0.0,0.0,0.0,0.09577406615869127,0.04190524290248234,0.6324555320336759,0.0,0.001782448907110842,0.0
701,15.0,0.0,10.036666666666651,0.0,0.0669999999999999,100.0,100.0,0.0,15.0,0.31238655399811444,1.0,0.4,0.0,0.6507550089067116,0.05,0.0,0.0,2.2189114225751747,0.0,0.14560601330683792,0.0,0.0,0.0,0.0,0.10333036782520821,9.064933036736789e-17,1.2649110640673518,0.0,0.001782448907110842,0.0
702,15.0,0.0,10.336666666666652,0.0,0.0609999999999999,100.0,100.0,0.0,15.0,0.30642182637042115,0.96,0.0,0.0,0.6502321019820386,0.05,0.0,0.0,1.8984366537746464,0.0,0.13469719126000096,0.0,0.0,0.0,0.0,0.10119056666994929,0.04661372658534005,0.0,0.0,0.0016540244088157413,0.0
703,15.0,0.0,10.016666666666652,0.0,0.2779999999999999,100.0,100.0,0.0,15.0,0.31812261066769176,1.002,0.2,1.0,0.6501434736897211,0.05,0.0,0.0,1.7734147850968227,0.0,0.6967671378907334,0.0,0.0,0.0,0.0,0.10780704761506649,0.033266599866332375,0.6324555320336759,3.1622776601683795,0.0017076116322487197,0.0
704,15.0,0.0,10.983333333333318,0.0,0.2659999999999999,100.0,100.0,0.0,15.0,0.283553622707742,0.9266666666666665,0.0,0.0,0.6491844801155294,0.05,0.0,0.0,1.6627546681395176,0.0,0.678514717763898,0.0,0.0,0.0,0.0,0.08899559043989297,0.07981459998252431,0.0,0.0,0.001752069937387314,0.0
705,15.0,0.0,10.616666666666653,0.0,0.2539999999999999,100.0,100.0,0.0,15.0,0.2918958315407412,0.9933333333333332,0.0,0.0,0.6490976243890583,0.05,0.0,0.0,1.8656908825247036,0.0,0.660457753716651,0.0,0.0,0.0,0.0,0.09582222367333366,0.02108185106778921,0.0,0.0,0.001883850354456822,0.0
706,15.0,0.0,11.289999999999987,0.0,0.24199999999999985,100.0,100.0,0.0,15.0,0.2647908173445484,0.9399999999999998,0.8,0.0,0.6483123777191258,0.05,0.0,0.0,1.9589648311995178,0.0,0.6426127224939693,0.0,0.0,0.0,0.0,0.09120683400679908,0.07981459998252431,1.6865480854231358,0.0,0.0015453588333282748,0.0
707,15.0,0.0,11.18333333333332,0.0,0.22999999999999984,100.0,100.0,0.0,15.0,0.2643584395779281,0.9813333333333333,0.6,0.0,0.6480500379738661,0.05,0.0,0.0,1.849741389999303,0.0,0.6249977777738271,0.0,0.0,0.0,0.0,0.08927376671671511,0.03027446465053578,1.3498971154211057,0.0,0.0016125058811595212,0.0
708,15.0,0.0,11.109999999999987,0.0,0.21999999999999992,100.0,100.0,0.0,15.0,0.26249832694040576,0.9723333333333333,1.9,0.0,0.6477008425021353,0.05,0.0,0.0,1.680832392258135,0.0,0.6067948582511226,0.0,0.0,0.0,0.0,0.09240315314510222,0.04792097404150315,2.6012817353502227,0.0,0.001362372276536878,0.0
709,15.0,0.0,10.763333333333318,0.0,0.2119999999999999,100.0,100.0,0.0,15.0,0.26980282426249513,0.9973333333333333,0.6,0.0,0.6476139867756643,0.05,0.0,0.0,1.5463577277661946,0.0,0.5878359559529436,0.0,0.0,0.0,0.0,0.0893561255792145,0.023349200953890956,0.9660917830792959,0.0,0.0014302054121230587,0.0
710,15.0,0.0,10.783333333333319,0.0,0.2039999999999999,100.0,100.0,0.0,15.0,0.2649782486892507,0.9733333333333333,0.4,0.0,0.6472665638697799,0.05,0.0,0.0,1.1181168030153155,0.0,0.5689014755552043,0.0,0.0,0.0,0.0,0.06558019280890814,0.04661372658534002,1.2649110640673518,0.0,0.0014626248951251366,0.0
711,15.0,0.0,10.289999999999985,0.0,0.1959999999999999,100.0,100.0,0.0,15.0,0.277645052670055,1.0036666666666665,0.9,0.0,0.6472665638697799,0.05,0.0,0.0,1.1527797858081597,0.0,0.5499939393605471,0.0,0.0,0.0,0.0,0.06968323544642765,0.010476310725620575,1.6633299933166201,0.0,0.0014626248951251366,0.0
712,15.0,0.0,10.323333333333318,0.0,0.1879999999999999,100.0,100.0,0.0,15.0,0.2742608599104444,0.9736666666666667,0.1,0.0,0.6469173683980491,0.05,0.0,0.0,1.679950763534826,0.0,0.5311162249870025,0.0,0.0,0.0,0.0,0.07962972054651186,0.04630681362018253,0.31622776601683794,0.0,0.0018236893948391985,0.0
713,15.0,0.0,9.956666666666651,0.0,0.1799999999999999,100.0,100.0,0.0,15.0,0.28422024464666806,0.9933333333333334,0.0,0.0,0.6468287401057318,0.05,0.0,0.0,1.6210079169043803,0.0,0.5122716293356699,0.0,0.0,0.0,0.0,0.07771588633696913,0.02108185106778921,0.0,0.0,0.0017390241566476393,0.0
714,15.0,0.0,9.856666666666651,0.0,0.1719999999999999,100.0,100.0,0.0,15.0,0.2858993963828234,0.9799999999999999,0.1,0.0,0.6465664003604721,0.05,0.0,0.0,1.6980780711741383,0.0,0.4934639466735807,0.0,0.0,0.0,0.0,0.0699429876724418,0.03220305943597652,0.31622776601683794,0.0,0.001646194840634816,0.0
715,15.0,0.0,9.496666666666652,0.0,0.31199999999999994,100.0,100.0,0.0,15.0,0.29715089652359933,0.9969999999999999,0.4,0.5,0.6464795446340009,0.05,0.0,0.0,1.744865483513147,0.0,0.6248519824726491,0.0,0.0,0.0,0.0,0.0690848823159039,0.025163661826991958,1.2649110640673518,1.5811388300841895,0.001784195280615195,0.0
716,15.0,0.0,9.663333333333316,0.0,0.29999999999999993,100.0,100.0,0.0,15.0,0.293408787064919,0.9666666666666666,0.0,0.0,0.6460470031161749,0.05,0.0,0.0,1.9845358943716283,0.0,0.6044464869246535,0.0,0.0,0.0,0.0,0.05996837319657072,0.047140452079103175,0.0,0.0,0.002071355602944869,0.0
717,15.0,0.0,9.163333333333316,0.0,0.2879999999999999,100.0,100.0,0.0,15.0,0.3103397549066892,1.0,0.0,0.0,0.6460470031161749,0.05,0.0,0.0,1.9845358943716283,0.0,0.5841194702760347,0.0,0.0,0.0,0.0,0.06457586045570306,7.401486830834377e-17,0.0,0.0,0.002071355602944869,0.0
718,15.0,0.0,9.43666666666665,0.0,0.2759999999999999,100.0,100.0,0.0,15.0,0.3093994695918887,0.96,0.8,0.0,0.645524096191502,0.05,0.0,0.0,2.1503057491470456,0.0,0.5638794197343966,0.0,0.0,0.0,0.0,0.065398718559055,0.03442651863295483,1.6865480854231356,0.0,0.0021917209555673126,0.0
719,15.0,0.0,9.363333333333317,0.0,0.2639999999999999,100.0,100.0,0.0,15.0,0.31578597880988735,0.985,0.7,0.0,0.6452635290120886,0.05,0.0,0.0,2.0625077627987136,0.0,0.5437360470751307,0.0,0.0,0.0,0.0,0.06570738800501918,0.03742482176244285,1.6363916944844767,0.0,0.0020177401246217713,0.0
720,15.0,0.0,9.55666666666665,0.0,0.2519999999999999,100.0,100.0,0.0,15.0,0.31296767950077237,0.9733333333333333,1.2,0.0,0.6448292503797332,0.05,0.0,0.0,2.2768860042925367,0.0,0.5237005081363031,0.0,0.0,0.0,0.0,0.0744118732190737,0.04388537257362558,1.9321835661585918,0.0,0.0021675545588608182,0.0
721,15.0,0.0,9.30666666666665,0.0,0.23999999999999985,100.0,100.0,0.0,15.0,0.3238550992002337,0.9879999999999999,1.0,0.0,0.6446572760413203,0.05,0.0,0.0,2.5565118983528663,0.0,0.5037856687123997,0.0,0.0,0.0,0.0,0.0856049706113777,0.02911026292233393,1.699673171197595,0.0,0.0022257049775297314,0.0
722,15.0,0.0,10.013333333333318,0.0,0.22899999999999987,100.0,100.0,0.0,15.0,0.31025516201179826,0.9436666666666665,0.9,0.0,0.6438737310346003,0.05,0.0,0.0,2.3019690980538994,0.0,0.48347009559365006,0.0,0.0,0.0,0.0,0.08283737445830888,0.05846704252592558,1.5238839267549946,0.0,0.0021560991947544546,0.0
723,15.0,0.0,9.52666666666665,0.0,0.21899999999999986,100.0,100.0,0.0,15.0,0.3287142334233719,1.0023333333333333,0.3,0.0,0.6438737310346003,0.05,0.0,0.0,2.3074115688684955,0.0,0.46270821139124885,0.0,0.0,0.0,0.0,0.09016233613885061,0.007378647873726185,0.9486832980505138,0.0,0.0021560991947544546,0.0
724,15.0,0.0,9.833333333333318,0.0,0.20899999999999985,100.0,100.0,0.0,15.0,0.32296456535647183,0.9633333333333333,0.8,0.0,0.6433560709048325,0.05,0.0,0.0,2.2472479740318243,0.0,0.44202689712027426,0.0,0.0,0.0,0.0,0.09462378310767323,0.03314763086705841,1.6865480854231356,0.0,0.002191445044093185,0.0
725,15.0,0.0,9.333333333333318,0.0,0.19899999999999984,100.0,100.0,0.0,15.0,0.3405411279522424,1.0023333333333333,0.7,0.0,0.6433560709048325,0.05,0.0,0.0,2.2760698203615166,0.0,0.42143801442204964,0.0,0.0,0.0,0.0,0.10263648809932822,0.007378647873726194,1.4944341180973264,0.0,0.002191445044093185,0.0
726,15.0,0.0,9.899999999999984,0.0,0.18899999999999983,100.0,100.0,0.0,15.0,0.330691718763945,0.9493333333333333,0.8,0.0,0.6426646993221226,0.05,0.0,0.0,1.7519653866584792,0.0,0.4009558024964289,0.0,0.0,0.0,0.0,0.09141424502189074,0.05213467839507615,1.3984117975602022,0.0,0.0020115011512350585,0.0
727,15.0,0.0,9.40666666666665,0.0,0.17899999999999983,100.0,100.0,0.0,15.0,0.3493737118803665,1.0013333333333332,0.2,0.0,0.6426646993221226,0.05,0.0,0.0,1.7598260295611607,0.0,0.38059748349725614,0.0,0.0,0.0,0.0,0.10029465648802414,0.004216370213557921,0.6324555320336759,0.0,0.0020115011512350585,0.0
728,15.0,0.0,10.386666666666653,0.0,0.16899999999999982,100.0,100.0,0.0,15.0,0.32043794869044173,0.9289999999999999,0.3,0.0,0.6417092863309405,0.05,0.0,0.0,1.1751753218294907,0.0,0.36038405440122684,0.0,0.0,0.0,0.0,0.06647955303135923,0.0762719306652677,0.9486832980505138,0.0,0.0015103672474163132,0.0
729,15.0,0.0,10.126666666666653,0.0,0.15899999999999984,100.0,100.0,0.0,15.0,0.33000115264588903,0.9866666666666666,0.8,0.0,0.6415355748779983,0.05,0.0,0.0,1.314195994177093,0.0,0.34034133193343125,0.0,0.0,0.0,0.0,0.07805323435850953,0.028109134757052255,2.5298221281347035,0.0,0.0015337265260697234,0.0
730,15.0,0.0,10.699999999999985,0.0,0.14899999999999983,100.0,100.0,0.0,15.0,0.3072264761164733,0.9503333333333333,0.9,0.0,0.6408459404098177,0.05,0.0,0.0,1.6039303577751136,0.0,0.32050134338425307,0.0,0.0,0.0,0.0,0.07032736756654105,0.05283213574995079,1.911950719959998,0.0,0.0016681665621556324,0.0
731,15.0,0.0,10.206666666666653,0.0,0.13899999999999985,100.0,100.0,0.0,15.0,0.3231435753634301,1.0013333333333332,0.2,0.0,0.6408459404098177,0.05,0.0,0.0,1.588912198741218,0.0,0.3009041929474116,0.0,0.0,0.0,0.0,0.07658027801012818,0.004216370213557844,0.6324555320336759,0.0,0.0016681665621556324,0.0
732,15.0,0.0,11.01333333333332,0.0,0.12899999999999984,100.0,100.0,0.0,15.0,0.29265723978602143,0.9333333333333332,0.8,0.0,0.6399808219228487,0.05,0.0,0.0,1.9635694381079623,0.0,0.28160058396404064,0.0,0.0,0.0,0.0,0.07871041351285485,0.07698003589195007,1.6865480854231356,0.0,0.0017180458603029598,0.0
733,15.0,0.0,10.519999999999985,0.0,0.11899999999999981,100.0,100.0,0.0,15.0,0.30728849976019956,1.0016666666666665,0.3,0.0,0.6399808219228487,0.05,0.0,0.0,1.9766663543813419,0.0,0.2626552450985466,0.0,0.0,0.0,0.0,0.08486426133296197,0.004230985058813299,0.6749485577105528,0.0,0.0017180458603029598,0.0
734,15.0,0.0,11.079999999999988,0.0,0.18199999999999983,100.0,100.0,0.0,15.0,0.2857280381344508,0.9503333333333333,0.8,0.5,0.6392911520033512,0.05,0.0,0.0,1.754655184021872,0.0,0.3085737801203752,0.0,0.0,0.0,0.0,0.05919894499175048,0.05688302921210924,2.5298221281347035,1.5811388300841898,0.001339505672802205,0.0
735,15.0,0.0,10.71333333333332,0.0,0.16999999999999982,100.0,100.0,0.0,15.0,0.29493173830751396,0.9956666666666667,0.7,0.0,0.6392060333914096,0.05,0.0,0.0,1.9191819244822204,0.0,0.29318177903061343,0.0,0.0,0.0,0.0,0.06324585189510659,0.023096683530833106,1.4944341180973264,0.0,0.0014793263887520384,0.0
736,15.0,0.0,11.159999999999986,0.0,0.1579999999999998,100.0,100.0,0.0,15.0,0.2732877964891652,0.9556666666666667,0.3,0.0,0.6386049917642296,0.05,0.0,0.0,2.426336973940581,0.0,0.2785996729678225,0.0,0.0,0.0,0.0,0.06930667347233367,0.05443423940639833,0.9486832980505139,0.0,0.0016985510250854259,0.0
737,15.0,0.0,10.659999999999986,0.0,0.1459999999999998,100.0,100.0,0.0,15.0,0.2873746995879337,0.9999999999999998,0.0,0.0,0.6386049917642296,0.05,0.0,0.0,2.4263369739405807,0.0,0.2649612130943779,0.0,0.0,0.0,0.0,0.07560663376435856,1.0467283057891834e-16,0.0,0.0,0.0016985510250854259,0.0
738,15.0,0.0,10.426666666666652,0.0,0.1339999999999998,100.0,100.0,0.0,15.0,0.2937374423054648,0.9866666666666666,0.0,0.0,0.6384330174258167,0.05,0.0,0.0,2.569469369248483,0.0,0.2524194040789168,0.0,0.0,0.0,0.0,0.08864175329181163,0.02810913475705227,0.0,0.0,0.001757516795992529,0.0
739,15.0,0.0,9.89333333333332,0.0,0.1219999999999998,100.0,100.0,0.0,15.0,0.30865529601098307,1.0033333333333334,2.0,0.0,0.6384330174258167,0.05,0.0,0.0,2.515129528117767,0.0,0.24114541486644742,0.0,0.0,0.0,0.0,0.09091824779033879,0.010540925533894656,2.8284271247461903,0.0,0.001757516795992529,0.0
740,15.0,0.0,10.46653333333332,0.0,0.11099999999999983,100.0,100.0,0.0,15.0,0.29707077267042264,0.9503133333333332,0.898,0.0,0.6377399087285773,0.05,0.0,0.0,2.474655767057739,0.0,0.23086552122153026,0.0,0.0,0.0,0.0,0.10263348217253085,0.03300346483868054,1.520831643834678,0.0,0.0017950781177569677,0.0
741,15.0,0.0,10.126533333333319,0.0,0.1029999999999999,100.0,100.0,0.0,15.0,0.3083375385623543,0.9983333333333333,0.7,0.0,0.6376547901166357,0.05,0.0,0.0,2.3011920002951167,0.0,0.2200025252380323,0.0,0.0,0.0,0.0,0.10579962924828487,0.024305158726919237,1.159501808728406,0.0,0.001731392894972144,0.0
742,15.0,0.0,10.58653333333332,0.0,0.0969999999999999,100.0,100.0,0.0,15.0,0.2962493682757623,0.9603333333333334,0.8,0.5,0.637058959833044,0.05,0.0,0.0,1.8656256832825466,0.0,0.2083826608269826,0.0,0.0,0.0,0.0,0.0877582689045259,0.04451244797459869,1.6865480854231356,1.5811388300841898,0.0014621877719056967,0.0
743,15.0,0.0,10.32653333333332,0.0,0.0909999999999999,100.0,100.0,0.0,15.0,0.3039058631426198,0.9866666666666666,0.8,0.0,0.6368852483801017,0.05,0.0,0.0,1.8559316132569201,0.0,0.19700253805471626,0.0,0.0,0.0,0.0,0.09190797989257779,0.02810913475705225,1.6865480854231356,0.0,0.0015499025213361428,0.0
744,15.0,0.0,11.073199999999987,0.0,0.08499999999999991,100.0,100.0,0.0,15.0,0.2762733370247834,0.9479999999999998,1.0,0.0,0.6361174090158066,0.05,0.0,0.0,1.876103706101929,0.0,0.18590618900701247,0.0,0.0,0.0,0.0,0.08883773109558285,0.05310599696437534,1.632993161855452,0.0,0.0015614731344120814,0.0
745,15.0,0.0,10.50653333333332,0.0,0.0789999999999999,100.0,100.0,0.0,15.0,0.2929850692346007,0.9989999999999999,0.7,0.0,0.6361174090158066,0.05,0.0,0.0,1.7341144052139066,0.0,0.17514755683898825,0.0,0.0,0.0,0.0,0.08662894644580534,0.013521815934734475,1.4944341180973264,0.0,0.0015614731344120814,0.0
746,15.0,0.0,11.199866666666654,0.0,0.07299999999999991,100.0,100.0,0.0,15.0,0.2657840945718248,0.9413333333333332,0.6,0.0,0.6353461301647433,0.05,0.0,0.0,1.9336270990097093,0.0,0.16479279919543396,0.0,0.0,0.0,0.0,0.08277852629453875,0.06628036224820351,1.3498971154211057,0.0,0.0014029743999252652,0.0
747,15.0,0.0,10.959866666666652,0.0,0.0669999999999999,100.0,100.0,0.0,15.0,0.27024947780332176,0.9899999999999999,1.2,0.0,0.63517589294086,0.05,0.0,0.0,1.6473482410105358,0.0,0.1549229199024827,0.0,0.0,0.0,0.0,0.0764763602420034,0.03162277660168374,2.699794230842212,0.0,0.0014363219127983072,0.0
748,15.0,0.0,10.879866666666654,0.0,0.2069999999999999,100.0,100.0,0.0,15.0,0.27204752528932896,0.9883333333333333,1.4,0.5,0.6349187999905055,0.05,0.0,0.0,1.3626967380895896,0.0,0.46322660641298324,0.0,0.0,0.0,0.0,0.0770204073422605,0.03542510792651076,2.4585451886114367,1.5811388300841898,0.0011652246421048258,0.0
749,15.0,0.0,10.526533333333319,0.0,0.1969999999999999,100.0,100.0,0.0,15.0,0.27931272851667216,1.0,1.6,0.0,0.6348336813785638,0.05,0.0,0.0,1.2401107795995563,0.0,0.4506304226056845,0.0,0.0,0.0,0.0,0.07666091313054679,0.02721655269759084,2.7968235951204043,0.0,0.0012538762850836072,0.0
750,15.0,0.0,10.373199999999986,0.0,0.1869999999999999,100.0,100.0,0.0,15.0,0.28203142541135146,0.9813333333333333,1.0,0.0,0.6345783255427387,0.05,0.0,0.0,0.94134245090538,0.0,0.43833143218852605,0.0,0.0,0.0,0.0,0.06271125216191764,0.048232973711833445,2.309401076758503,0.0,0.0012171005670121749,0.0
751,15.0,0.0,9.859866666666651,0.0,0.17699999999999988,100.0,100.0,0.0,15.0,0.29742016397395005,1.0023333333333333,1.1,0.0,0.6345783255427387,0.05,0.0,0.0,0.9286646087557984,0.0,0.4263553551779182,0.0,0.0,0.0,0.0,0.06718689471825746,0.007378647873726182,1.7919573407620815,0.0,0.0012171005670121749,0.0
752,15.0,0.0,10.166533333333318,0.0,0.1679999999999999,100.0,100.0,0.0,15.0,0.2876958785169469,0.966,1.6,0.0,0.6340658420142686,0.05,0.0,0.0,1.7446893472817822,0.0,0.4142945811858996,0.0,0.0,0.0,0.0,0.07775724512746363,0.06413334873334688,2.2705848487901865,0.0,0.0017264695782529622,0.0
753,15.0,0.0,9.779866666666651,0.0,0.16099999999999995,100.0,100.0,0.0,15.0,0.3004919155109774,0.9946666666666666,1.0,0.0,0.6339789862877976,0.05,0.0,0.0,1.6656512995978068,0.0,0.4015096511915996,0.0,0.0,0.0,0.0,0.07395994243504117,0.02195393606262838,1.699673171197595,0.0,0.0016455277671421206,0.0
754,15.0,0.0,9.933199999999985,0.0,0.15499999999999994,100.0,100.0,0.0,15.0,0.2951257325793527,0.9666666666666666,0.4,0.0,0.6335516561135598,0.05,0.0,0.0,1.7151496871651548,0.0,0.3883082967608769,0.0,0.0,0.0,0.0,0.059424084455863134,0.03513641844631529,1.2649110640673518,0.0,0.0016061765521679094,0.0
755,15.0,0.0,9.466533333333318,0.0,0.14899999999999994,100.0,100.0,0.0,15.0,0.30869494586239005,1.0059999999999998,0.8,0.0,0.6335516561135598,0.05,0.0,0.0,1.6945140765291882,0.0,0.3751281262596969,0.0,0.0,0.0,0.0,0.06625022549575862,0.017833246797990105,2.2010098692292237,0.0,0.0016061765521679094,0.0
756,15.0,0.0,9.639866666666652,0.0,0.14299999999999993,100.0,100.0,0.0,15.0,0.3080166503348504,0.968,0.2,0.0,0.6331277654260902,0.05,0.0,0.0,1.6432494697254887,0.0,0.3619714537547585,0.0,0.0,0.0,0.0,0.05718424722775467,0.036757463338907205,0.6324555320336759,0.0,0.001688025630833736,0.0
757,15.0,0.0,9.25986666666665,0.0,0.13699999999999993,100.0,100.0,0.0,15.0,0.32037555129338074,0.9933333333333334,0.4,0.0,0.6330426468141486,0.05,0.0,0.0,1.7971440113499193,0.0,0.3488409379645685,0.0,0.0,0.0,0.0,0.057996961962207216,0.0210818510677892,1.2649110640673518,0.0,0.0018346402754933577,0.0
758,15.0,0.0,9.839866666666651,0.0,0.13099999999999992,100.0,100.0,0.0,15.0,0.30625161014071545,0.9513333333333331,1.0,0.0,0.6323599608040856,0.05,0.0,0.0,2.1658407953072873,0.0,0.3357396478092973,0.0,0.0,0.0,0.0,0.0675911397252281,0.04745888408941308,1.699673171197595,0.0,0.00209761939870069,0.0
759,15.0,0.0,9.726533333333318,0.0,0.12499999999999992,100.0,100.0,0.0,15.0,0.31317685594975003,0.9826666666666666,1.2,0.0,0.6321046049682606,0.05,0.0,0.0,1.9365791858867762,0.0,0.3226711432196356,0.0,0.0,0.0,0.0,0.0648308185249124,0.03477618029699898,1.9888578520235065,0.0,0.0018848622608186115,0.0
760,15.0,0.0,10.013199999999985,0.0,0.11899999999999991,100.0,100.0,0.0,15.0,0.30858972475307,0.96,0.4,0.0,0.6315938932966105,0.05,0.0,0.0,1.9555692373258795,0.0,0.30963957542062764,0.0,0.0,0.0,0.0,0.07093626456066456,0.04661372658534004,1.2649110640673518,0.0,0.001877004722938291,0.0
761,15.0,0.0,9.79986666666665,0.0,0.1129999999999999,100.0,100.0,0.0,15.0,0.316632908701458,0.9899999999999999,0.4,0.0,0.6314253584449661,0.05,0.0,0.0,2.1622097019164777,0.0,0.2966498122553106,0.0,0.0,0.0,0.0,0.08110942860656871,0.03162277660168379,1.2649110640673518,0.0,0.0019083035516200514,0.0
762,15.0,0.0,10.233199999999986,0.0,0.10699999999999991,100.0,100.0,0.0,15.0,0.30718930018833407,0.9533333333333334,0.0,0.0,0.6308260191900249,0.05,0.0,0.0,1.8116414165673709,0.0,0.2837075959504784,0.0,0.0,0.0,0.0,0.0676538586301452,0.05488484015657092,0.0,0.0,0.001805993634002879,0.0
763,15.0,0.0,9.706533333333317,0.0,0.10099999999999991,100.0,100.0,0.0,15.0,0.32333229668829533,1.0,0.8,0.0,0.6308260191900249,0.05,0.0,0.0,1.8127837347945874,0.0,0.27081974324877656,0.0,0.0,0.0,0.0,0.07344739109226142,7.401486830834377e-17,1.6865480854231356,0.0,0.001805993634002879,0.0
764,15.0,0.0,9.899866666666652,0.0,0.0949999999999999,100.0,100.0,0.0,15.0,0.31739438337961945,0.9713333333333333,0.6,0.0,0.6304021285025553,0.05,0.0,0.0,2.206806570478298,0.0,0.2579944013173755,0.0,0.0,0.0,0.0,0.08083814046217022,0.05162064856261194,1.2649110640673518,0.0,0.001961904147467013,0.0
765,15.0,0.0,9.439866666666651,0.0,0.1639999999999999,100.0,100.0,0.0,15.0,0.3326394196889428,1.0070000000000001,0.4,0.5,0.6304021285025553,0.05,0.0,0.0,2.2023471609362515,0.0,0.3186847972527085,0.0,0.0,0.0,0.0,0.08444048259844382,0.022135943621178707,1.2649110640673518,1.5811388300841898,0.001961904147467013,0.0
766,15.0,0.0,9.773199999999985,0.0,0.1559999999999999,100.0,100.0,0.0,15.0,0.32837654470735367,0.9656666666666667,0.7,0.0,0.6298948215753829,0.05,0.0,0.0,1.733806824217656,0.0,0.3064564496882966,0.0,0.0,0.0,0.0,0.07547867498695526,0.04455680242090203,1.4944341180973264,0.0,0.0017855907855156181,0.0
767,15.0,0.0,9.326533333333318,0.0,0.14799999999999988,100.0,100.0,0.0,15.0,0.34254195356451944,1.009,1.1,0.0,0.6298948215753829,0.05,0.0,0.0,1.7091238618978593,0.0,0.2943844802672555,0.0,0.0,0.0,0.0,0.08011768258468668,0.019754668146548252,2.4244128727957572,0.0,0.0017855907855156181,0.0
768,15.0,0.0,10.133199999999984,0.0,0.13999999999999987,100.0,100.0,0.0,15.0,0.3216008753895724,0.9336666666666666,0.9,0.0,0.6290453378282049,0.05,0.0,0.0,1.6016689382186096,0.0,0.2824889378365106,0.0,0.0,0.0,0.0,0.0656607893786175,0.054894961427470315,1.911950719959998,0.0,0.0014929097705354308,0.0
769,15.0,0.0,9.886533333333318,0.0,0.13199999999999987,100.0,100.0,0.0,15.0,0.33117982468744106,0.9869999999999999,0.5,0.0,0.6288751006043216,0.05,0.0,0.0,1.7257057758179306,0.0,0.27079307393079466,0.0,0.0,0.0,0.0,0.07873772158238145,0.028303906287138355,1.2692955176439848,0.0,0.001536708537917631,0.0
770,15.0,0.0,10.46653333333332,0.0,0.12399999999999989,100.0,100.0,0.0,15.0,0.31332671021104896,0.9513333333333334,1.0,0.0,0.6282009611977435,0.05,0.0,0.0,1.4671548615106478,0.0,0.2593239072837073,0.0,0.0,0.0,0.0,0.07163144089585693,0.04949622756544049,1.699673171197595,0.0,0.0013249208767748327,0.0
771,15.0,0.0,9.946533333333319,0.0,0.11699999999999991,100.0,100.0,0.0,15.0,0.33014720519545093,1.0013333333333332,1.0,0.0,0.6282009611977435,0.05,0.0,0.0,1.4701958146224394,0.0,0.2475681724293329,0.0,0.0,0.0,0.0,0.07816017309049152,0.004216370213557837,2.160246899469287,0.0,0.0013249208767748327,0.0
772,15.0,0.0,10.433199999999987,0.0,0.1109999999999999,100.0,100.0,0.0,15.0,0.3128105946042653,0.9626666666666667,1.2,0.0,0.6276033937996224,0.05,0.0,0.0,1.6589242922470608,0.0,0.23544048552069827,0.0,0.0,0.0,0.0,0.08298391177642388,0.0763002516054942,1.7511900715418263,0.0,0.001443885714768096,0.0
773,15.0,0.0,9.919866666666653,0.0,0.1049999999999999,100.0,100.0,0.0,15.0,0.3291075544098921,1.0026666666666666,1.2,0.0,0.6276033937996224,0.05,0.0,0.0,1.6716152253818468,0.0,0.22347010737207965,0.0,0.0,0.0,0.0,0.09125068616859541,0.005621826951410429,2.1499353995462798,0.0,0.001443885714768096,0.0
774,15.0,0.0,10.493199999999986,0.0,0.09899999999999991,100.0,100.0,0.0,15.0,0.31155149417860917,0.9479999999999998,0.2,0.0,0.6269292196507538,0.05,0.0,0.0,1.0705015231708532,0.0,0.2116837263466418,0.0,0.0,0.0,0.0,0.07110656216985746,0.054233150082778944,0.6324555320336759,0.0,0.0009904627378468087,0.0
775,15.0,0.0,10.126533333333319,0.0,0.0929999999999999,100.0,100.0,0.0,15.0,0.3206337786943063,0.9956666666666667,0.7,0.0,0.6268458034110509,0.05,0.0,0.0,0.9050411245004517,0.0,0.20011385648064328,0.0,0.0,0.0,0.0,0.05884222395654751,0.013703203194062943,1.4944341180973264,0.0,0.0009822243611148234,0.0
776,15.0,0.0,10.666666666666654,0.0,0.0869999999999999,100.0,100.0,0.0,15.0,0.29485742602246207,0.9469999999999998,0.9,0.0,0.626169961632234,0.05,0.0,0.0,1.6109195288390645,0.0,0.18880030602611717,0.0,0.0,0.0,0.0,0.025536782904919075,0.06878935461713512,1.9119507199599979,0.0,0.001049529321670089,0.0
777,15.0,0.0,10.199999999999985,0.0,0.0809999999999999,100.0,100.0,0.0,15.0,0.30920498280073644,1.0079999999999998,1.4,0.0,0.626169961632234,0.05,0.0,0.0,1.6135996107162751,0.0,0.17779201331893382,0.0,0.0,0.0,0.0,0.027917406325610326,0.01860572061238619,2.9514591494904874,0.0,0.001049529321670089,0.0
778,15.0,0.0,10.239999999999986,0.0,0.07499999999999991,100.0,100.0,0.0,15.0,0.3056125663495233,0.9789999999999999,1.6,0.0,0.6258311895567061,0.05,0.0,0.0,2.1700998440932047,0.0,0.16714930119174543,0.0,0.0,0.0,0.0,0.052517169377032054,0.031663742555051735,2.7968235951204043,0.0,0.001293580130411725,0.0
779,15.0,0.0,9.759999999999986,0.0,0.1419999999999999,100.0,100.0,0.0,15.0,0.3213560267113169,1.0063333333333333,0.8,0.5,0.6258311895567061,0.05,0.0,0.0,2.1582915053862024,0.0,0.3200277765722495,0.0,0.0,0.0,0.0,0.058455600003620774,0.012013367040689312,1.398411797560202,1.5811388300841898,0.001293580130411725,0.0
780,15.0,0.0,10.19333333333332,0.0,0.1339999999999999,100.0,100.0,0.0,15.0,0.3096043043399364,0.9533333333333334,0.0,0.0,0.6252370616453532,0.05,0.0,0.0,2.6667499986979615,0.0,0.3009318859808642,0.0,0.0,0.0,0.0,0.08788253994371104,0.04499657051403686,0.0,0.0,0.0018227346897829665,0.0
781,15.0,0.0,10.006666666666652,0.0,0.1259999999999999,100.0,100.0,0.0,15.0,0.31755120405028825,0.9969999999999999,1.7,0.0,0.6250685267937086,0.05,0.0,0.0,2.454061888601516,0.0,0.2818667928098107,0.0,0.0,0.0,0.0,0.08980090361812539,0.024768059878065858,1.888562063228706,0.0,0.0017703079785298791,0.0
782,15.0,0.0,10.599999999999985,0.0,0.11799999999999988,100.0,100.0,0.0,15.0,0.30325937677280984,0.9513333333333334,0.6,0.0,0.6244011968760859,0.05,0.0,0.0,2.181063281300443,0.0,0.26283919883541784,0.0,0.0,0.0,0.0,0.08801198684324882,0.0504840764529633,1.8973665961010275,0.0,0.0014413429459208228,0.0
783,15.0,0.0,10.233333333333318,0.0,0.10999999999999988,100.0,100.0,0.0,15.0,0.314873041245772,0.9959999999999999,0.8,0.0,0.6243160782641441,0.05,0.0,0.0,2.025881914343532,0.0,0.24385788210895815,0.0,0.0,0.0,0.0,0.09204797170069338,0.023190036174568066,1.4757295747452437,0.0,0.0014927053266510465,0.0
784,15.0,0.0,10.953333333333319,0.0,0.10199999999999987,100.0,100.0,0.0,15.0,0.2909463557820534,0.9433333333333334,0.4,0.0,0.623563595687135,0.05,0.0,0.0,1.7576780418396998,0.0,0.22493455838433415,0.0,0.0,0.0,0.0,0.08724755574074035,0.044583116994975254,1.2649110640673518,0.0,0.001440267105762236,0.0
785,15.0,0.0,10.473333333333319,0.0,0.09599999999999995,100.0,100.0,0.0,15.0,0.30410563440194655,1.0059999999999998,1.2,0.0,0.623563595687135,0.05,0.0,0.0,1.836717415444614,0.0,0.2114605295452452,0.0,0.0,0.0,0.0,0.09424796647406695,0.01897366596101023,2.6997942308422114,0.0,0.001440267105762236,0.0
786,15.0,0.0,11.446666666666655,0.0,0.09199999999999994,100.0,100.0,0.0,15.0,0.2666667111248103,0.9279999999999999,0.2,0.0,0.6226409099336873,0.05,0.0,0.0,1.8078156794497078,0.0,0.20340435917977104,0.0,0.0,0.0,0.0,0.08079951846749726,0.08127380942693302,0.6324555320336759,0.0,0.0011964830651852423,0.0
787,15.0,0.0,11.219999999999986,0.0,0.08799999999999994,100.0,100.0,0.0,15.0,0.27049767451637086,0.9899999999999999,0.8,0.0,0.6224740774542815,0.05,0.0,0.0,1.3997530646422305,0.0,0.19537997167911889,0.0,0.0,0.0,0.0,0.07282724510554948,0.03162277660168373,1.6865480854231356,0.0,0.0012341543119492597,0.0
788,15.0,0.0,11.259999999999987,0.0,0.08399999999999994,100.0,100.0,0.0,15.0,0.26559893480230945,0.9746666666666666,0.2,0.0,0.6221387101232313,0.05,0.0,0.0,1.312598026909579,0.0,0.18739145005990943,0.0,0.0,0.0,0.0,0.07392265833560882,0.047640630029730215,0.6324555320336759,0.0,0.0010245700343510323,0.0
789,15.0,0.0,10.886666666666653,0.0,0.07999999999999993,100.0,100.0,0.0,15.0,0.27271080913213835,0.9946666666666666,0.6,0.0,0.6220552938835284,0.05,0.0,0.0,1.1345527209183432,0.0,0.1794435844492635,0.0,0.0,0.0,0.0,0.07112691946143258,0.021953936062628365,1.8973665961010275,0.0,0.0011138048602475502,0.0
790,15.0,0.0,10.779999999999985,0.0,0.07599999999999993,100.0,100.0,0.0,15.0,0.27438853845107825,0.9813333333333333,0.6,0.0,0.6218033427921811,0.05,0.0,0.0,0.9548059074951605,0.0,0.17154202594893947,0.0,0.0,0.0,0.0,0.0643667469547284,0.045844611407031534,1.3498971154211057,0.0,0.0011241789426178707,0.0
791,15.0,0.0,10.279999999999985,0.0,0.07199999999999993,100.0,100.0,0.0,15.0,0.2879818175756862,1.0,0.0,0.0,0.6218033427921811,0.05,0.0,0.0,0.9548059074951605,0.0,0.1636934804919106,0.0,0.0,0.0,0.0,0.06826127390132826,9.791246743253677e-17,0.0,0.0,0.0011241789426178707,0.0
792,15.0,0.0,10.559999999999985,0.0,0.06799999999999994,100.0,100.0,0.0,15.0,0.27218405070450924,0.9613333333333334,1.0,0.0,0.6213011089342804,0.05,0.0,0.0,1.7986826455101157,0.0,0.15590595455808168,0.0,0.0,0.0,0.0,0.0712187913202894,0.0712360014405256,2.5385910352879693,0.0,0.0017952528181315792,0.0
793,15.0,0.0,10.073333333333318,0.0,0.06399999999999993,100.0,100.0,0.0,15.0,0.2868939968208394,1.0023333333333333,0.3,0.0,0.6213011089342804,0.05,0.0,0.0,1.7989571739150034,0.0,0.14818906842274152,0.0,0.0,0.0,0.0,0.0757260710092181,0.007378647873726182,0.9486832980505139,0.0,0.0017952528181315792,0.0
794,15.0,0.0,10.126666666666651,0.0,0.05999999999999993,100.0,100.0,0.0,15.0,0.2865183828325319,0.9789999999999999,1.1,0.0,0.6209657416032301,0.05,0.0,0.0,1.6119767789278108,0.0,0.14055445761538665,0.0,0.0,0.0,0.0,0.07008924871284994,0.04291967806766607,2.4244128727957577,0.0,0.0016303313240906639,0.0
795,15.0,0.0,9.606666666666651,0.0,0.05599999999999994,100.0,100.0,0.0,15.0,0.30403607517618764,1.0016666666666665,1.1,0.0,0.6209657416032301,0.05,0.0,0.0,1.623804403473753,0.0,0.1330162897292407,0.0,0.0,0.0,0.0,0.07396733224915145,0.004230985058813296,1.66332999331662,0.0,0.0016303313240906639,0.0
796,15.0,0.0,9.626666666666651,0.0,0.051999999999999935,100.0,100.0,0.0,15.0,0.3061898727961078,0.9733333333333333,0.4,0.0,0.6206337449692129,0.05,0.0,0.0,1.428009060385549,0.0,0.12559193180030834,0.0,0.0,0.0,0.0,0.06285376825023956,0.03442651863295478,1.2649110640673518,0.0,0.0016637596032317498,0.0
797,15.0,0.0,9.26666666666665,0.0,0.04799999999999993,100.0,100.0,0.0,15.0,0.3158699825791805,0.9969999999999999,0.9,0.0,0.62055032872951,0.05,0.0,0.0,1.5648137190441078,0.0,0.11830281296552304,0.0,0.0,0.0,0.0,0.06697517228803011,0.024668168122471492,2.5144029554194813,0.0,0.0018153124383363274,0.0
798,15.0,0.0,9.66666666666665,0.0,0.04399999999999993,100.0,100.0,0.0,15.0,0.3063619778179985,0.9569999999999999,2.1,0.0,0.6199647126793513,0.05,0.0,0.0,1.901786035140864,0.0,0.11117553687749826,0.0,0.0,0.0,0.0,0.06832096453066866,0.049651874506158496,2.923088169119167,0.0,0.0020690716327199663,0.0
799,15.0,0.0,9.733333333333317,0.0,0.039999999999999925,100.0,100.0,0.0,15.0,0.30663565730805586,0.9796666666666667,0.9,0.0,0.619629345348301,0.05,0.0,0.0,1.7288403306519955,0.0,0.1042433051407458,0.0,0.0,0.0,0.0,0.06112217798309466,0.03444265228312552,1.3703203194062976,0.0,0.0018724234103260752,0.0
800,15.0,0.0,10.073333333333318,0.0,0.11099999999999992,100.0,100.0,0.0,15.0,0.3026001989927548,0.9716666666666665,1.8,0.5,0.619128847910084,0.05,0.0,0.0,1.756947408868824,0.0,0.2444699481645045,0.0,0.0,0.0,0.0,0.06409727773266767,0.047068376844389144,1.9888578520235065,1.5811388300841895,0.001788662434280069,0.0
801,15.0,0.0,9.853333333333318,0.0,0.10499999999999991,100.0,100.0,0.0,15.0,0.3092109875789512,0.9896666666666667,0.5,0.0,0.6189636837554724,0.05,0.0,0.0,1.8176229219559725,0.0,0.23749853800719606,0.0,0.0,0.0,0.0,0.0661087393016067,0.026687491868330793,0.8498365855987975,0.0,0.001795214335748507,0.0
802,15.0,0.0,10.30666666666665,0.0,0.09899999999999992,100.0,100.0,0.0,15.0,0.2990705578455426,0.9566666666666667,0.4,0.0,0.6183780336578689,0.05,0.0,0.0,1.5826840774105555,0.0,0.2307210918451588,0.0,0.0,0.0,0.0,0.05455818286142798,0.05889937013643806,1.2649110640673518,0.0,0.0018395502649082777,0.0
803,15.0,0.0,9.82666666666665,0.0,0.09399999999999994,100.0,100.0,0.0,15.0,0.3152972334377767,1.0033333333333334,0.4,0.0,0.6183780336578689,0.05,0.0,0.0,1.5669266923692597,0.0,0.2236664182810344,0.0,0.0,0.0,0.0,0.05895104669178743,0.010540925533894583,1.2649110640673518,0.0,0.0018395502649082777,0.0
804,15.0,0.0,10.133333333333317,0.0,0.08999999999999994,100.0,100.0,0.0,15.0,0.3028101977113345,0.9633333333333333,0.8,0.0,0.6178792045444459,0.05,0.0,0.0,1.9623618926005666,0.0,0.21623032986969135,0.0,0.0,0.0,0.0,0.05893661937882023,0.04567734398020993,1.6865480854231356,0.0,0.0018771011873819235,0.0
805,15.0,0.0,9.653333333333318,0.0,0.08599999999999995,100.0,100.0,0.0,15.0,0.3185498344370253,1.0036666666666665,0.5,0.0,0.6178792045444459,0.05,0.0,0.0,1.9501313662620343,0.0,0.20886997550310252,0.0,0.0,0.0,0.0,0.06270655975689275,0.008081376242652533,1.0801234497346435,0.0,0.0018771011873819235,0.0
806,15.0,0.0,9.673333333333318,0.0,0.08199999999999995,100.0,100.0,0.0,15.0,0.32288111127664365,0.9733333333333333,0.4,0.0,0.6175472079104286,0.05,0.0,0.0,1.817595752907578,0.0,0.2015936506936664,0.0,0.0,0.0,0.0,0.056446511135680145,0.04661372658534005,1.2649110640673518,0.0,0.0017930704203199378,0.0
807,15.0,0.0,9.179999999999982,0.0,0.07799999999999994,100.0,100.0,0.0,15.0,0.3432182603617676,1.0033333333333334,0.8,0.0,0.6175472079104286,0.05,0.0,0.0,1.785345005908793,0.0,0.1944107907384658,0.0,0.0,0.0,0.0,0.06029380836030858,0.010540925533894664,1.6865480854231358,0.0,0.0017930704203199378,0.0
808,15.0,0.0,10.286666666666651,0.0,0.07399999999999995,100.0,100.0,0.0,15.0,0.3150018738017038,0.9259999999999999,1.6,0.0,0.6165495496835824,0.05,0.0,0.0,1.7183253403557344,0.0,0.18733214708995707,0.0,0.0,0.0,0.0,0.06636558160888213,0.04900995111854303,1.776388345929897,0.0,0.0016321860691362725,0.0
809,15.0,0.0,9.939999999999985,0.0,0.06999999999999995,100.0,100.0,0.0,15.0,0.32661334336845904,0.999,1.1,0.0,0.6164661334438797,0.05,0.0,0.0,1.660492266739367,0.0,0.18036999011291574,0.0,0.0,0.0,0.0,0.07477391691167427,0.02601281735350222,1.7919573407620817,0.0,0.001658226257697138,0.0
810,15.0,0.0,10.098166666666652,0.0,0.06599999999999995,100.0,100.0,0.0,15.0,0.32583889488715845,0.9680583333333332,0.6725,0.0,0.6160540572197476,0.05,0.0,0.0,0.9720140888325078,0.0,0.17353834030425536,0.0,0.0,0.0,0.0,0.06926785218322158,0.04782733298924577,1.8028700113368623,0.0,0.001366868676353565,0.0
811,15.0,0.0,9.591499999999986,0.0,0.061999999999999944,100.0,100.0,0.0,15.0,0.3431368939603835,1.0013333333333334,0.6,0.0,0.6160540572197476,0.05,0.0,0.0,0.96418277620269,0.0,0.16685322891691362,0.0,0.0,0.0,0.0,0.07506744318252845,0.004216370213557894,1.3498971154211057,0.0,0.001366868676353565,0.0
812,15.0,0.0,10.011499999999986,0.0,0.05799999999999994,100.0,100.0,0.0,15.0,0.3311239559065015,0.9533333333333334,0.4,0.0,0.615468441169589,0.05,0.0,0.0,1.4484437050388497,0.0,0.16033298683261235,0.0,0.0,0.0,0.0,0.07992172018010259,0.07062332703142532,1.2649110640673518,0.0,0.001555069511550922,0.0
813,15.0,0.0,9.504833333333318,0.0,0.05399999999999994,100.0,100.0,0.0,15.0,0.34883632993050656,1.0013333333333332,0.6,0.0,0.615468441169589,0.05,0.0,0.0,1.4448073155311578,0.0,0.15399855699179632,0.0,0.0,0.0,0.0,0.08799136377396705,0.004216370213557797,1.3498971154211057,0.0,0.001555069511550922,0.0
814,15.0,0.0,10.21816666666665,0.0,0.04999999999999994,100.0,100.0,0.0,15.0,0.32706895750498,0.9423333333333334,0.3,0.0,0.6147243342639948,0.05,0.0,0.0,0.8175038981294178,0.0,0.1478738200854588,0.0,0.0,0.0,0.0,0.05231468595811578,0.06899722663955857,0.9486832980505138,0.0,0.0012552270649525295,0.0
815,15.0,0.0,9.971499999999985,0.0,0.04599999999999994,100.0,100.0,0.0,15.0,0.33505020739530667,0.9866666666666666,0.4,0.0,0.6145591701093831,0.05,0.0,0.0,0.9901298237611263,0.0,0.1419859147943907,0.0,0.0,0.0,0.0,0.04911409178849811,0.02810913475705225,1.2649110640673518,0.0,0.0012892067030302115,0.0
816,15.0,0.0,10.938166666666653,0.0,0.04299999999999997,100.0,100.0,0.0,15.0,0.29448570568661314,0.9313333333333332,1.4,0.0,0.613646596447034,0.05,0.0,0.0,2.0194759205861237,0.0,0.13597793938724023,0.0,0.0,0.0,0.0,0.0527902674085203,0.07975580012965199,2.6749870196985177,0.0,0.001740987045638763,0.0
817,15.0,0.0,10.411499999999986,0.0,0.04099999999999997,100.0,100.0,0.0,15.0,0.30916326300279035,1.0003333333333333,0.9,0.0,0.613646596447034,0.05,0.0,0.0,2.0132282364647036,0.0,0.12965338406690347,0.0,0.0,0.0,0.0,0.057376385629358526,0.0010540925533893339,1.66332999331662,0.0,0.001740987045638763,0.0
818,15.0,0.0,10.458166666666653,0.0,0.038999999999999965,100.0,100.0,0.0,15.0,0.30698000321629576,0.9783333333333333,1.1,0.0,0.6133128974407779,0.05,0.0,0.0,2.124665616392729,0.0,0.12332882874656668,0.0,0.0,0.0,0.0,0.05569060536504868,0.05041188376455852,1.5238839267549948,0.0,0.001632607334219368,0.0
819,15.0,0.0,9.958166666666653,0.0,0.036999999999999963,100.0,100.0,0.0,15.0,0.32351395273700023,0.9999999999999998,0.0,0.0,0.6133128974407779,0.05,0.0,0.0,2.12466561639273,0.0,0.11700427342622993,0.0,0.0,0.0,0.0,0.061349382863753,1.0467283057891834e-16,0.0,0.0,0.001632607334219368,0.0
820,15.0,0.0,10.431499999999986,0.0,0.03499999999999996,100.0,100.0,0.0,15.0,0.3030821727450463,0.9623333333333333,1.5,0.0,0.6127339887372402,0.05,0.0,0.0,2.6449946264735775,0.0,0.11067971810589317,0.0,0.0,0.0,0.0,0.0808616782410943,0.04461218346573332,1.9578900207451218,0.0,0.001745528970574087,0.0
821,15.0,0.0,10.18483333333332,0.0,0.03299999999999996,100.0,100.0,0.0,15.0,0.3139904532635529,0.9866666666666666,0.4,0.0,0.6125688245826285,0.05,0.0,0.0,2.494495971999356,0.0,0.1043551627855564,0.0,0.0,0.0,0.0,0.0878948226296946,0.028109134757052266,1.2649110640673518,0.0,0.0016930953346321923,0.0
822,15.0,0.0,10.898166666666652,0.0,0.03099999999999996,100.0,100.0,0.0,15.0,0.2906270519701965,0.945,1.1,0.0,0.6118314250236553,0.05,0.0,0.0,2.528747610045072,0.0,0.09803060746521963,0.0,0.0,0.0,0.0,0.09552056040594038,0.052944182114308694,2.6012817353502227,0.0,0.0014624315178101731,0.0
823,15.0,0.0,10.531499999999987,0.0,0.02899999999999996,100.0,100.0,0.0,15.0,0.30309284110391577,0.9933333333333332,0.0,0.0,0.6117480087839524,0.05,0.0,0.0,2.3903192681530476,0.0,0.09170605214488287,0.0,0.0,0.0,0.0,0.10096516889919431,0.021081851067789183,0.0,0.0,0.001506082460140957,0.0
824,15.0,0.0,10.818166666666652,0.0,0.026999999999999958,100.0,100.0,0.0,15.0,0.29527631352959627,0.96,0.4,0.0,0.6112574879280038,0.05,0.0,0.0,1.6705411354364175,0.0,0.08538149682454611,0.0,0.0,0.0,0.0,0.08412873157091597,0.046613726585340014,1.2649110640673518,0.0,0.0012268373529051586,0.0
825,15.0,0.0,10.318166666666652,0.0,0.02499999999999996,100.0,100.0,0.0,15.0,0.3105050745895202,1.0,0.0,0.0,0.6112574879280038,0.05,0.0,0.0,1.6705411354364175,0.0,0.07905694150420936,0.0,0.0,0.0,0.0,0.09046940699741945,9.064933036736789e-17,0.0,0.0,0.0012268373529051586,0.0
826,15.0,0.0,11.291499999999989,0.0,0.022999999999999958,100.0,100.0,0.0,15.0,0.2760694679155463,0.9299999999999999,0.8,0.0,0.6103532558896251,0.05,0.0,0.0,1.5229905704822293,0.0,0.0727323861838726,0.0,0.0,0.0,0.0,0.08090117753003866,0.06749485577105527,1.6865480854231358,0.0,0.0010364335261370784,0.0
827,15.0,0.0,11.058166666666654,0.0,0.02099999999999996,100.0,100.0,0.0,15.0,0.2801046010051573,0.9893333333333333,0.8,0.0,0.6101897600598074,0.05,0.0,0.0,1.2226641751458942,0.0,0.06640783086353584,0.0,0.0,0.0,0.0,0.07629443971387619,0.030380305511349966,2.2010098692292237,0.0,0.0011707461943082135,0.0
828,15.0,0.0,11.12483333333332,0.0,0.01899999999999996,100.0,100.0,0.0,15.0,0.272658026154307,0.9813333333333333,1.4,0.0,0.6098611000753783,0.05,0.0,0.0,1.1364799591417658,0.0,0.06008327554319908,0.0,0.0,0.0,0.0,0.07174239762680279,0.04846278959478749,1.8973665961010278,0.0,0.0009424030645990538,0.0
829,15.0,0.0,10.758166666666654,0.0,0.016999999999999963,100.0,100.0,0.0,15.0,0.280284543618656,0.9959999999999999,0.8,0.0,0.6097793521604695,0.05,0.0,0.0,0.9080335726920049,0.0,0.05375872022286233,0.0,0.0,0.0,0.0,0.06737811328559441,0.023190036174568062,1.4757295747452437,0.0,0.0010494706905204321,0.0
830,15.0,0.0,10.518166666666653,0.0,0.014999999999999963,100.0,100.0,0.0,15.0,0.2835744137415387,0.9903333333333333,1.3,0.0,0.6096141880058579,0.05,0.0,0.0,1.0378177633267538,0.0,0.047434164902525576,0.0,0.0,0.0,0.0,0.07059272216199422,0.031049542252247,2.2135943621178655,0.0,0.0010915287630426716,0.0
831,15.0,0.0,10.024833333333317,0.0,0.012999999999999965,100.0,100.0,0.0,15.0,0.29792953334857486,1.0033333333333334,0.8,0.0,0.6096141880058579,0.05,0.0,0.0,1.0122126021008895,0.0,0.041109609582188816,0.0,0.0,0.0,0.0,0.07433923812206025,0.010540925533894616,1.6865480854231358,0.0,0.0010915287630426716,0.0
832,15.0,0.0,10.464833333333319,0.0,0.010999999999999965,100.0,100.0,0.0,15.0,0.2808028722040189,0.9566666666666667,0.8,0.0,0.6090385825854123,0.05,0.0,0.0,1.350193047468437,0.0,0.03478505426185206,0.0,0.0,0.0,0.0,0.05864649927502996,0.08020036636719369,1.6865480854231356,0.0,0.0015899430031735674,0.0
833,15.0,0.0,9.964833333333319,0.0,0.008999999999999963,100.0,100.0,0.0,15.0,0.2952593727674227,1.0003333333333333,0.1,0.0,0.6090385825854123,0.05,0.0,0.0,1.3501930474684367,0.0,0.028460498941515297,0.0,0.0,0.0,0.0,0.06244211716359651,0.001054092553389419,0.31622776601683794,0.0,0.0015899430031735674,0.0
834,15.0,0.0,9.931499999999986,0.0,0.006999999999999963,100.0,100.0,0.0,15.0,0.297889644690239,0.97,0.0,0.0,0.6087099226009831,0.05,0.0,0.0,1.3098804134465374,0.0,0.022135943621178537,0.0,0.0,0.0,0.0,0.05780868680386747,0.03990729999126213,0.0,0.0,0.0016882842864501747,0.0
835,15.0,0.0,9.451499999999985,0.0,0.004999999999999963,100.0,100.0,0.0,15.0,0.314034325394028,1.0033333333333334,0.4,0.0,0.6087099226009831,0.05,0.0,0.0,1.3017999054490543,0.0,0.015811388300841778,0.0,0.0,0.0,0.0,0.06140007365778201,0.010540925533894576,1.2649110640673518,0.0,0.0016882842864501747,0.0
836,15.0,0.0,9.498166666666652,0.0,0.0029999999999999628,100.0,100.0,0.0,15.0,0.3153594846750032,0.9756666666666666,0.3,0.0,0.6083845658996462,0.05,0.0,0.0,1.1929097246276092,0.0,0.009486832980505022,0.0,0.0,0.0,0.0,0.050359926730513045,0.03212821536005727,0.9486832980505138,0.0,0.001753359334905229,0.0
837,15.0,0.0,9.271499999999984,0.0,0.0009999999999999627,100.0,100.0,0.0,15.0,0.3220439139374639,0.9899999999999999,0.8,0.0,0.6082194017450345,0.05,0.0,0.0,1.4688784774383117,0.0,0.0031622776601682614,0.0,0.0,0.0,0.0,0.04712621424497825,0.022498285257018403,1.6865480854231358,0.0,0.001882428115863417,0.0
838,15.0,0.0,9.831499999999984,0.0,0.0,100.0,100.0,0.0,15.0,0.31241439789456854,0.9526666666666666,2.0,0.0,0.6075637501009702,0.05,0.0,0.0,1.6667989669712138,0.0,0.0,0.0,0.0,0.0,0.0,0.04841591165892358,0.05916705790167991,3.2659863237109037,0.0,0.0020270974949642487,0.0
839,15.0,0.0,9.71816666666665,0.0,0.0,100.0,100.0,0.0,15.0,0.31833376578232925,0.9799999999999999,0.4,0.0,0.6073185063562438,0.05,0.0,0.0,1.5143401875746783,0.0,0.0,0.0,0.0,0.0,0.0,0.047090945951677426,0.032203059435976504,1.2649110640673518,0.0,0.0018604447997893393,0.0
840,15.0,0.0,10.031499999999983,0.0,0.0,100.0,100.0,0.0,15.0,0.31186826487939,0.9623333333333333,0.3,0.0,0.6068280188667912,0.05,0.0,0.0,1.5403692137974012,0.0,0.0,0.0,0.0,0.0,0.0,0.05027879390393121,0.045705714584491595,0.9486832980505138,0.0,0.0017627649707560803,0.0
841,15.0,0.0,9.798166666666651,0.0,0.0,100.0,100.0,0.0,15.0,0.31965359546626027,0.9866666666666667,0.0,0.0,0.6066661579952717,0.05,0.0,0.0,1.675825657937745,0.0,0.0,0.0,0.0,0.0,0.0,0.05557202822484495,0.028109134757052248,0.0,0.0,0.001777440763790896,0.0
842,15.0,0.0,10.36483333333332,0.0,0.0,100.0,100.0,0.0,15.0,0.3059719348393318,0.9466666666666667,0.0,0.0,0.6060154112261019,0.05,0.0,0.0,1.3976687932251923,0.0,0.0,0.0,0.0,0.0,0.0,0.04407585975327138,0.05258737584977434,0.0,0.0,0.0018387010342949656,0.0
843,15.0,0.0,9.864833333333317,0.0,0.0,100.0,100.0,0.0,15.0,0.32195633338441176,1.0,0.0,0.0,0.6060154112261019,0.05,0.0,0.0,1.3976687932251917,0.0,0.0,0.0,0.0,0.0,0.0,0.04767570859161709,7.401486830834377e-17,0.0,0.0,0.0018387010342949656,0.0
844,15.0,0.0,10.031499999999983,0.0,0.0,100.0,100.0,0.0,15.0,0.3173492279194091,0.9666666666666666,0.0,0.0,0.6056083066098561,0.05,0.0,0.0,1.718353082115205,0.0,0.0,0.0,0.0,0.0,0.0,0.05949802217824939,0.04714045207910318,0.0,0.0,0.0018661562591902037,0.0
845,15.0,0.0,9.511499999999984,0.0,0.0,100.0,100.0,0.0,15.0,0.33470594080074606,1.0033333333333334,1.6,0.0,0.6056083066098561,0.05,0.0,0.0,1.698398383154331,0.0,0.0,0.0,0.0,0.0,0.0,0.060830724447377214,0.010540925533894671,2.065591117977289,0.0,0.0018661562591902037,0.0
846,15.0,0.0,9.844833333333318,0.0,0.0,100.0,100.0,0.0,15.0,0.3249140770146123,0.966,0.8,0.0,0.6051177857539075,0.05,0.0,0.0,1.6775353853602644,0.0,0.0,0.0,0.0,0.0,0.0,0.054262074872904846,0.05032732365398379,1.9321835661585915,0.0,0.0018655611799575328,0.0
847,15.0,0.0,9.391499999999983,0.0,0.073,100.0,100.0,0.0,15.0,0.3412665042273409,1.0083333333333333,0.6,0.5,0.6051177857539075,0.05,0.0,0.0,1.7295240282220825,0.0,0.23084626919229168,0.0,0.0,0.0,0.0,0.06371574430888803,0.019578900207451164,1.2649110640673518,1.5811388300841895,0.0018655611799575328,0.0
848,15.0,0.0,10.213333333333319,0.0,0.071,100.0,100.0,0.0,15.0,0.32119908576526424,0.9333333333333332,0.4,0.0,0.604303576521416,0.05,0.0,0.0,1.6603733032582906,0.0,0.2245217138719549,0.0,0.0,0.0,0.0,0.07323746997593465,0.04444444444444443,1.2649110640673518,0.0,0.001785520952246926,0.0
849,15.0,0.0,9.866666666666651,0.0,0.06899999999999999,100.0,100.0,0.0,15.0,0.3342025469129969,0.9966666666666667,0.4,0.0,0.6042218286065072,0.05,0.0,0.0,1.7967735143106942,0.0,0.2181971585516182,0.0,0.0,0.0,0.0,0.08692621580383081,0.02459549291242074,1.2649110640673518,0.0,0.001891266545708315,0.0
850,15.0,0.0,10.153333333333318,0.0,0.06699999999999999,100.0,100.0,0.0,15.0,0.3281668349027278,0.96,0.4,0.0,0.603736245991949,0.05,0.0,0.0,0.9945778929702724,0.0,0.21187260323128138,0.0,0.0,0.0,0.0,0.06745217790511912,0.06440611887195301,1.2649110640673518,0.0,0.001588157947068157,0.0
851,15.0,0.0,9.799999999999986,0.0,0.06499999999999999,100.0,100.0,0.0,15.0,0.34005961288056213,0.9956666666666667,0.3,0.0,0.6036561330353385,0.05,0.0,0.0,0.9720793545821962,0.0,0.2055480479109446,0.0,0.0,0.0,0.0,0.06373880913157882,0.023096683530833072,0.9486832980505138,0.0,0.0016295483579861182,0.0
852,15.0,0.0,10.099999999999985,0.0,0.06299999999999999,100.0,100.0,0.0,15.0,0.33105841626711274,0.96,0.0,0.0,0.6031639772210916,0.05,0.0,0.0,1.3686976778431887,0.0,0.19922349259060787,0.0,0.0,0.0,0.0,0.07204078992563477,0.06440611887195304,0.0,0.0,0.001745377903074699,0.0
853,15.0,0.0,9.586666666666652,0.0,0.060999999999999985,100.0,100.0,0.0,15.0,0.34644370343379266,1.0066666666666666,2.4,0.0,0.6031639772210916,0.05,0.0,0.0,1.3704284271986178,0.0,0.1928989372702711,0.0,0.0,0.0,0.0,0.07967999078084292,0.02108185106778921,5.399588461684423,0.0,0.001745377903074699,0.0
854,15.0,0.0,10.426666666666652,0.0,0.05899999999999998,100.0,100.0,0.0,15.0,0.31806608750682175,0.9349999999999999,0.3,0.0,0.6023513695804024,0.05,0.0,0.0,0.9421278778762512,0.0,0.18657438194993434,0.0,0.0,0.0,0.0,0.04252104070172853,0.07874399839956447,0.9486832980505138,0.0,0.0014109189044943704,0.0
855,15.0,0.0,10.01333333333332,0.0,0.05699999999999998,100.0,100.0,0.0,15.0,0.3353599596836613,0.9956666666666667,1.1,0.0,0.6022696216654936,0.05,0.0,0.0,0.9415248991941063,0.0,0.18024982662959757,0.0,0.0,0.0,0.0,0.04715056962723855,0.010663193879120028,2.4244128727957577,0.0,0.001317859930338408,0.0
856,15.0,0.0,10.766666666666653,0.0,0.05499999999999998,100.0,100.0,0.0,15.0,0.3033195475412537,0.9326666666666666,1.2,0.0,0.6014586823495984,0.05,0.0,0.0,1.7080058403346554,0.0,0.17392527130926083,0.0,0.0,0.0,0.0,0.053132232586836754,0.06787424828494903,2.1499353995462798,0.0,0.0017414423254574506,0.0
857,15.0,0.0,10.419999999999986,0.0,0.05299999999999998,100.0,100.0,0.0,15.0,0.3160118808394943,0.9969999999999999,0.5,0.0,0.6013785693929878,0.05,0.0,0.0,1.5139841967960412,0.0,0.16760071598892404,0.0,0.0,0.0,0.0,0.0546846980059533,0.02375024366346738,1.0801234497346435,0.0,0.0017468260662176155,0.0
858,15.0,0.0,10.59333333333332,0.0,0.050999999999999976,100.0,100.0,0.0,15.0,0.30588399273082595,0.97,0.8,0.0,0.600969796451948,0.05,0.0,0.0,1.8519125915964805,0.0,0.16127616066858727,0.0,0.0,0.0,0.0,0.052616602011240445,0.06749485577105532,1.6865480854231356,0.0,0.0017569569170126811,0.0
859,15.0,0.0,10.099999999999985,0.0,0.048999999999999974,100.0,100.0,0.0,15.0,0.3209421659126499,1.0036666666666665,0.9,0.0,0.600969796451948,0.05,0.0,0.0,1.804247389349732,0.0,0.15495160534825053,0.0,0.0,0.0,0.0,0.05604667113241882,0.008081376242652328,1.5238839267549946,0.0,0.0017569569170126811,0.0
860,15.0,0.0,10.673333333333321,0.0,0.04699999999999997,100.0,100.0,0.0,15.0,0.29896376709160666,0.95,0.8,0.0,0.6003190830492741,0.05,0.0,0.0,2.2867195761074655,0.0,0.14862705002791377,0.0,0.0,0.0,0.0,0.07061779599018847,0.04230985058813287,1.6865480854231356,0.0,0.0018219994640841263,0.0
861,15.0,0.0,10.293333333333319,0.0,0.04499999999999997,100.0,100.0,0.0,15.0,0.30902753546079004,0.9959999999999999,1.2,0.0,0.6002373351343653,0.05,0.0,0.0,2.354811203147538,0.0,0.142302494707577,0.0,0.0,0.0,0.0,0.07890294228041642,0.022705848487901872,1.6865480854231356,0.0,0.0018520717347813914,0.0
862,15.0,0.0,10.986666666666654,0.0,0.04299999999999997,100.0,100.0,0.0,15.0,0.2855629427310436,0.9413333333333332,0.6,0.0,0.5995130486082735,0.05,0.0,0.0,2.446928031251325,0.0,0.13597793938724023,0.0,0.0,0.0,0.0,0.08411292691044468,0.0511400884040623,1.8973665961010275,0.0,0.0017004299920335415,0.0
863,15.0,0.0,10.626666666666653,0.0,0.04099999999999997,100.0,100.0,0.0,15.0,0.29773960966798935,0.9993333333333332,1.6,0.0,0.5994313006933647,0.05,0.0,0.0,2.2471820488099867,0.0,0.12965338406690347,0.0,0.0,0.0,0.0,0.08723056353282756,0.027478386568265983,2.2705848487901865,0.0,0.0017323564275041584,0.0
864,15.0,0.0,10.806666666666654,0.0,0.038999999999999965,100.0,100.0,0.0,15.0,0.2943833343959736,0.9693333333333334,0.4,0.0,0.5990307032111456,0.05,0.0,0.0,1.4837223792763392,0.0,0.12332882874656668,0.0,0.0,0.0,0.0,0.07494683825373122,0.042216373863966795,0.9660917830792958,0.0,0.0014689191855608756,0.0
865,15.0,0.0,10.279999999999985,0.0,0.036999999999999963,100.0,100.0,0.0,15.0,0.3089310503687611,1.0,0.8,0.0,0.5990307032111456,0.05,0.0,0.0,1.4765826412010616,0.0,0.11700427342622993,0.0,0.0,0.0,0.0,0.08049132628900675,9.791246743253677e-17,1.6865480854231358,0.0,0.0014689191855608756,0.0
866,15.0,0.0,10.966666666666654,0.0,0.03499999999999996,100.0,100.0,0.0,15.0,0.28575186721817947,0.9446666666666665,1.8,0.0,0.5983064166850538,0.05,0.0,0.0,1.3087549450423657,0.0,0.11067971810589317,0.0,0.0,0.0,0.0,0.07496587954059476,0.0644099524554135,2.7406406388125952,0.0,0.0013004736932898798,0.0
867,15.0,0.0,10.63333333333332,0.0,0.03299999999999996,100.0,100.0,0.0,15.0,0.2932070702479292,1.0013333333333332,1.4,0.0,0.5982263037284431,0.05,0.0,0.0,1.3934591472525246,0.0,0.1043551627855564,0.0,0.0,0.0,0.0,0.07994799580395508,0.02927941171911218,2.3190036174568114,0.0,0.0014189061191625476,0.0
868,15.0,0.0,11.119999999999987,0.0,0.03099999999999996,100.0,100.0,0.0,15.0,0.27306180844876204,0.9646666666666667,1.8,0.0,0.5976606081572744,0.05,0.0,0.0,1.532141243529285,0.0,0.09803060746521963,0.0,0.0,0.0,0.0,0.07072835135496829,0.08309150095445497,2.7406406388125957,0.0,0.001513539967126249,0.0
869,15.0,0.0,10.746666666666652,0.0,0.02899999999999996,100.0,100.0,0.0,15.0,0.2844336738749777,0.9973333333333333,1.4,0.0,0.5975804952006637,0.05,0.0,0.0,1.2319010702623754,0.0,0.09170605214488287,0.0,0.0,0.0,0.0,0.06892639322309566,0.02334920095389097,1.6465452046971292,0.0,0.0015337590605863601,0.0
870,15.0,0.0,10.599999999999985,0.0,0.026999999999999958,100.0,100.0,0.0,15.0,0.2833628658199967,0.9823333333333333,1.1,0.0,0.5973401563308319,0.05,0.0,0.0,1.5323668451608305,0.0,0.08538149682454611,0.0,0.0,0.0,0.0,0.06844698963408291,0.03311222966045053,1.7919573407620817,0.0,0.0016994449345146443,0.0
871,15.0,0.0,10.07333333333332,0.0,0.02499999999999996,100.0,100.0,0.0,15.0,0.2995942679682634,1.0,0.8,0.0,0.5973401563308319,0.05,0.0,0.0,1.511013068714883,0.0,0.07905694150420936,0.0,0.0,0.0,0.0,0.07162163535323786,9.064933036736789e-17,1.6865480854231356,0.0,0.0016994449345146443,0.0
872,15.0,0.0,10.25333333333332,0.0,0.022999999999999958,100.0,100.0,0.0,15.0,0.2920646125273555,0.9713333333333333,1.0,0.0,0.5969379238903147,0.05,0.0,0.0,1.4501766601621398,0.0,0.0727323861838726,0.0,0.0,0.0,0.0,0.06799671932486318,0.06043463972766231,2.309401076758503,0.0,0.0019090791701524364,0.0
873,15.0,0.0,9.863333333333319,0.0,0.02099999999999996,100.0,100.0,0.0,15.0,0.303566798377583,0.9956666666666665,1.5,0.0,0.596857810933704,0.05,0.0,0.0,1.3549588850761929,0.0,0.06640783086353584,0.0,0.0,0.0,0.0,0.06922338162786132,0.02309668353083308,2.5495097567963922,0.0,0.0018921920560436916,0.0
874,15.0,0.0,9.629999999999985,0.0,0.01899999999999996,100.0,100.0,0.0,15.0,0.31423093013139136,0.9913333333333332,1.4,0.0,0.5966975850204829,0.05,0.0,0.0,1.4166078419159573,0.0,0.06008327554319908,0.0,0.0,0.0,0.0,0.07114674753529455,0.03201851316324951,2.4585451886114367,0.0,0.0019949223176161084,0.0
875,15.0,0.0,9.416666666666652,0.0,0.016999999999999963,100.0,100.0,0.0,15.0,0.3249476860095807,0.9903333333333333,0.5,0.0,0.5965373591072616,0.05,0.0,0.0,1.0770616177336685,0.0,0.05375872022286233,0.0,0.0,0.0,0.0,0.073030724279817,0.031049542252247014,1.0801234497346435,0.0,0.0017827186955196013,0.0
876,15.0,0.0,9.356666666666651,0.0,0.014999999999999963,100.0,100.0,0.0,15.0,0.32706376440112467,0.9866666666666666,0.8,0.0,0.5962986224965621,0.05,0.0,0.0,0.825077624481331,0.0,0.047434164902525576,0.0,0.0,0.0,0.0,0.057400663626509196,0.023306863292670003,1.6865480854231356,0.0,0.0016909075098544947,0.0
877,15.0,0.0,9.13666666666665,0.0,0.012999999999999965,100.0,100.0,0.0,15.0,0.3351158266905787,0.9913333333333332,1.0,0.0,0.5961367616250426,0.05,0.0,0.0,0.9388001272967268,0.0,0.041109609582188816,0.0,0.0,0.0,0.0,0.04583352824377503,0.018869270858092195,1.6996731711975948,0.0,0.001703699503189742,0.0
878,15.0,0.0,10.13666666666665,0.0,0.010999999999999965,100.0,100.0,0.0,15.0,0.308245705211308,0.9323333333333332,0.7,0.0,0.5952570886622921,0.05,0.0,0.0,1.607348095850609,0.0,0.03478505426185206,0.0,0.0,0.0,0.0,0.05319396840499003,0.05608745375871329,1.4944341180973264,0.0,0.0019905811258585588,0.0
879,15.0,0.0,9.909999999999984,0.0,0.008999999999999963,100.0,100.0,0.0,15.0,0.31628016699469647,0.9899999999999999,0.8,0.0,0.5950968627490709,0.05,0.0,0.0,1.5542097352785362,0.0,0.028460498941515297,0.0,0.0,0.0,0.0,0.05219011645149612,0.03162277660168377,1.6865480854231356,0.0,0.0019102785293290958,0.0
880,15.0,0.0,10.383333333333317,0.0,0.006999999999999963,100.0,100.0,0.0,15.0,0.3064398838288413,0.9626666666666666,1.6,0.0,0.5945344370944985,0.05,0.0,0.0,1.2555309732106832,0.0,0.022135943621178537,0.0,0.0,0.0,0.0,0.043432385788416066,0.04577993522424203,1.837873166945363,0.0,0.0017418356182896388,0.0
881,15.0,0.0,10.149999999999984,0.0,0.004999999999999963,100.0,100.0,0.0,15.0,0.31238775993630574,0.9913333333333332,1.4,0.0,0.5943758134404095,0.05,0.0,0.0,1.2618084219988273,0.0,0.015811388300841778,0.0,0.0,0.0,0.0,0.046062076871764716,0.03201851316324951,2.6331223544175333,0.0,0.001740269991921536,0.0
882,15.0,0.0,10.463333333333319,0.0,0.0029999999999999628,100.0,100.0,0.0,15.0,0.3035222142997127,0.9646666666666667,1.0,0.0,0.593896737959878,0.05,0.0,0.0,1.175201585019398,0.0,0.009486832980505022,0.0,0.0,0.0,0.0,0.03205813814943364,0.047040828077031506,1.699673171197595,0.0,0.0016813183700864491,0.0
883,15.0,0.0,9.929999999999984,0.0,0.0009999999999999627,100.0,100.0,0.0,15.0,0.3224790265461106,1.0013333333333332,1.4,0.0,0.593896737959878,0.05,0.0,0.0,1.1747813035246675,0.0,0.0031622776601682614,0.0,0.0,0.0,0.0,0.034114721088366155,0.004216370213557837,1.8973665961010275,0.0,0.0016813183700864491,0.0
884,15.0,0.0,10.003333333333318,0.0,0.0,100.0,100.0,0.0,15.0,0.3141245732212921,0.985,2.3,0.0,0.5935778883925678,0.05,0.0,0.0,1.6024248600476634,0.0,0.0,0.0,0.0,0.0,0.0,0.0333906911293126,0.05531615083508504,2.584139659108574,0.0,0.0017355028370389274,0.0
885,15.0,0.0,9.63666666666665,0.0,0.0,100.0,100.0,0.0,15.0,0.32621336031825726,0.9936666666666666,0.1,0.0,0.5934977754359572,0.05,0.0,0.0,1.8429344555375322,0.0,0.0,0.0,0.0,0.0,0.0,0.049132333328280715,0.021224839861833947,0.31622776601683794,0.0,0.0019046167452377572,0.0
886,15.0,0.0,10.209999999999985,0.0,0.073,100.0,100.0,0.0,15.0,0.3116562664748005,0.9503333333333333,0.4,0.5,0.5928552041256081,0.05,0.0,0.0,1.871755629296324,0.0,0.23084626919229168,0.0,0.0,0.0,0.0,0.04871754561065092,0.052832135749950826,1.2649110640673518,1.5811388300841898,0.0017561268408617433,0.0
887,15.0,0.0,9.863333333333319,0.0,0.071,100.0,100.0,0.0,15.0,0.3279872763306494,0.9969999999999999,0.5,0.0,0.5927766934281297,0.05,0.0,0.0,1.5361849489989385,0.0,0.2245217138719549,0.0,0.0,0.0,0.0,0.0545232161248811,0.0191453182234337,1.0801234497346435,0.0,0.001693944839254895,0.0
888,15.0,0.0,10.556666666666652,0.0,0.0,100.0,100.0,0.0,15.0,0.3075166381541233,0.9436666666666665,0.8,0.5,0.5920588813368985,0.05,0.0,0.0,1.4841591542222603,0.0,0.0,0.0,0.0,0.0,0.0,0.05879840287781734,0.0442342250600897,2.5298221281347035,1.5811388300841898,0.0017175560550934097,0.0
889,15.0,0.0,10.18333333333332,0.0,0.0,100.0,100.0,0.0,15.0,0.31919021076269416,0.9949999999999999,0.7,0.0,0.5919787683802881,0.05,0.0,0.0,1.518303959548368,0.0,0.0,0.0,0.0,0.0,0.0,0.0691161248920111,0.022291558497487683,1.4944341180973264,0.0,0.0018152593917638393,0.0
890,15.0,0.0,10.34333333333332,0.0,0.0,100.0,100.0,0.0,15.0,0.31510508582519065,0.97,1.2,0.0,0.5915814081154994,0.05,0.0,0.0,1.073249364095254,0.0,0.0,0.0,0.0,0.0,0.0,0.058053546171240776,0.039907299991262114,1.9321835661585918,0.0,0.001553813706825276,0.0
891,15.0,0.0,9.843333333333318,0.0,0.0,100.0,100.0,0.0,15.0,0.3315440024230586,1.0026666666666666,0.8,0.0,0.5915814081154994,0.05,0.0,0.0,1.0716377220905435,0.0,0.0,0.0,0.0,0.0,0.0,0.06265934398782687,0.005621826951410426,1.3984117975602022,0.0,0.001553813706825276,0.0
892,15.0,0.0,10.176666666666652,0.0,0.0,100.0,100.0,0.0,15.0,0.3218650689876471,0.9683333333333334,1.5,0.0,0.5911006976766698,0.05,0.0,0.0,1.5280949165788367,0.0,0.0,0.0,0.0,0.0,0.0,0.07839555603327458,0.053269637890525,2.3687784005919825,0.0,0.0015849058372879542,0.0
893,15.0,0.0,9.676666666666652,0.0,0.0,100.0,100.0,0.0,15.0,0.3401639491175639,1.0070000000000001,2.1,0.0,0.5911006976766698,0.05,0.0,0.0,1.5406468098148243,0.0,0.0,0.0,0.0,0.0,0.0,0.08365776167777823,0.01221717067324752,2.685351208149711,0.0,0.0015849058372879542,0.0
894,15.0,0.0,10.669999999999986,0.0,0.0,100.0,100.0,0.0,15.0,0.3082140223004636,0.9316666666666666,0.7,0.0,0.5902242292321838,0.05,0.0,0.0,1.0580030105677263,0.0,0.0,0.0,0.0,0.0,0.0,0.05397579194922497,0.0673895987871374,1.1595018087284057,0.0,0.0013965787237621829,0.0
895,15.0,0.0,10.169999999999984,0.0,0.0,100.0,100.0,0.0,15.0,0.323684761136966,1.0,0.0,0.0,0.5902242292321838,0.05,0.0,0.0,1.0580030105677265,0.0,0.0,0.0,0.0,0.0,0.0,0.05771742152630861,7.401486830834377e-17,0.0,0.0,0.0013965787237621829,0.0
896,15.0,0.0,10.529999999999985,0.0,0.0,100.0,100.0,0.0,15.0,0.3072516601795203,0.9533333333333334,1.2,0.0,0.5896698475724383,0.05,0.0,0.0,1.3832730910577453,0.0,0.0,0.0,0.0,0.0,0.0,0.05513392699489282,0.04499657051403685,3.7947331922020555,0.0,0.0015362246663750325,0.0
897,15.0,0.0,10.143333333333318,0.0,0.0,100.0,100.0,0.0,15.0,0.3214273311022164,0.9946666666666666,1.0,0.0,0.5895913368749599,0.05,0.0,0.0,1.0883275196940758,0.0,0.0,0.0,0.0,0.0,0.0,0.05574309504976305,0.02195393606262835,1.699673171197595,0.0,0.0015556201229636633,0.0
898,15.0,0.0,10.456666666666653,0.0,0.0,100.0,100.0,0.0,15.0,0.30625795624405205,0.9649999999999999,1.1,0.0,0.5891106264361302,0.05,0.0,0.0,1.7409412808046927,0.0,0.0,0.0,0.0,0.0,0.0,0.04495468940591249,0.07059272861515788,1.8529256146249728,0.0,0.001708513020608276,0.0
899,15.0,0.0,9.949999999999985,0.0,0.0,100.0,100.0,0.0,15.0,0.32165928818540557,1.0033333333333334,1.2,0.0,0.5891106264361302,0.05,0.0,0.0,1.7170351995644177,0.0,0.0,0.0,0.0,0.0,0.0,0.047311433120257575,0.010540925533894676,2.6997942308422114,0.0,0.001708513020608276,0.0
900,15.0,0.0,10.203333333333319,0.0,0.0,100.0,100.0,0.0,15.0,0.31135655813202884,0.9636666666666667,2.5,0.0,0.5886331532147311,0.05,0.0,0.0,2.0487545147548567,0.0,0.0,0.0,0.0,0.0,0.0,0.059863322331926934,0.04864712951322553,2.273030282830976,0.0,0.0017477775753984067,0.0
901,15.0,0.0,9.816666666666652,0.0,0.0,100.0,100.0,0.0,15.0,0.3252426629305607,0.9946666666666666,1.0,0.0,0.5885530402581204,0.05,0.0,0.0,2.0546995214524206,0.0,0.0,0.0,0.0,0.0,0.0,0.06465344323369733,0.0219539360626284,2.160246899469287,0.0,0.0017124953133995158,0.0
902,15.0,0.0,10.796666666666653,0.0,0.0,100.0,100.0,0.0,15.0,0.2967374999699014,0.9313333333333332,1.0,0.0,0.5876862180675936,0.05,0.0,0.0,2.0509227071289886,0.0,0.0,0.0,0.0,0.0,0.0,0.07421047991897321,0.04025229078673964,1.699673171197595,0.0,0.0014583824858970776,0.0
903,15.0,0.0,10.443333333333317,0.0,0.0,100.0,100.0,0.0,15.0,0.30827565268257456,0.9979999999999999,1.0,0.0,0.5876061051109829,0.05,0.0,0.0,1.9374827757099806,0.0,0.0,0.0,0.0,0.0,0.0,0.07981759449189374,0.024705674861666253,1.632993161855452,0.0,0.0015037391412536748,0.0
904,15.0,0.0,10.629999999999985,0.0,0.0,100.0,100.0,0.0,15.0,0.30087317225077015,0.9746666666666666,1.8,0.0,0.5872103150601439,0.05,0.0,0.0,1.45631447560335,0.0,0.0,0.0,0.0,0.0,0.0,0.07058459074360074,0.036521598547897986,2.5298221281347035,0.0,0.001414700114176182,0.0
905,15.0,0.0,10.063333333333318,0.0,0.0,100.0,100.0,0.0,15.0,0.321677064163707,0.9966666666666667,0.0,0.0,0.5872103150601439,0.05,0.0,0.0,1.4913288464973347,0.0,0.0,0.0,0.0,0.0,0.0,0.07710716700135284,0.010540925533894586,0.0,0.0,0.001414700114176182,0.0
906,15.0,0.0,10.896666666666652,0.0,0.0,100.0,100.0,0.0,15.0,0.2943664268413201,0.9333333333333332,0.0,0.0,0.5864220035670955,0.05,0.0,0.0,1.4578395989601542,0.0,0.0,0.0,0.0,0.0,0.0,0.07795719914422396,0.04444444444444442,0.0,0.0,0.001201846831352736,0.0
907,15.0,0.0,10.549999999999986,0.0,0.0,100.0,100.0,0.0,15.0,0.3017735579358137,0.9989999999999999,1.1,0.0,0.5863434928696171,0.05,0.0,0.0,1.3987869524239958,0.0,0.0,0.0,0.0,0.0,0.0,0.08334210254933783,0.02601281735350217,2.6012817353502227,0.0,0.0012771160336802656,0.0
908,15.0,0.0,10.883333333333319,0.0,0.0,100.0,100.0,0.0,15.0,0.284207523898995,0.9659999999999999,0.8,0.0,0.5858676219073501,0.05,0.0,0.0,1.5137436219804286,0.0,0.0,0.0,0.0,0.0,0.0,0.06508216236282177,0.0883567404347111,1.6865480854231356,0.0,0.0016548514878462295,0.0
909,15.0,0.0,10.679999999999986,0.0,0.0,100.0,100.0,0.0,15.0,0.2898970098621343,0.9913333333333332,0.6,0.0,0.5857106005123932,0.05,0.0,0.0,1.3115065317092605,0.0,0.0,0.0,0.0,0.0,0.0,0.06244939190847948,0.0338551744864234,1.8973665961010275,0.0,0.0016202109728829894,0.0
910,15.0,0.0,10.866666666666653,0.0,0.0,100.0,100.0,0.0,15.0,0.2802510828265441,0.9723333333333333,1.1,0.0,0.5853180149798186,0.05,0.0,0.0,1.6836175044334079,0.0,0.0,0.0,0.0,0.0,0.0,0.06836980303326123,0.0381695373334144,2.601281735350223,0.0,0.0017130898993737063,0.0
911,15.0,0.0,10.39333333333332,0.0,0.0,100.0,100.0,0.0,15.0,0.292529277217055,1.005,0.7,0.0,0.5853180149798186,0.05,0.0,0.0,1.6687986364115044,0.0,0.0,0.0,0.0,0.0,0.0,0.0719660998336893,0.011249142628509259,1.4944341180973264,0.0,0.0017130898993737063,0.0
912,15.0,0.0,10.426666666666652,0.0,0.0,100.0,100.0,0.0,15.0,0.2908417135053688,0.9733333333333333,0.0,0.0,0.5850023699307728,0.05,0.0,0.0,1.3690403956561243,0.0,0.0,0.0,0.0,0.0,0.0,0.05927645381355915,0.046613726585340055,0.0,0.0,0.00179681095400558,0.0
913,15.0,0.0,10.179999999999984,0.0,0.0,100.0,100.0,0.0,15.0,0.29951392740917016,0.9866666666666666,0.4,0.0,0.584845348535816,0.05,0.0,0.0,1.1586710139286835,0.0,0.0,0.0,0.0,0.0,0.0,0.05896904201663187,0.02810913475705222,1.2649110640673518,0.0,0.001678064760363704,0.0
914,15.0,0.0,9.946666666666653,0.0,0.0,100.0,100.0,0.0,15.0,0.3063303547461403,0.9866666666666666,0.0,0.0,0.584686724881727,0.05,0.0,0.0,1.2176885612088053,0.0,0.0,0.0,0.0,0.0,0.0,0.05916421860956491,0.02810913475705225,0.0,0.0,0.0017422276877240013,0.0
915,15.0,0.0,9.606666666666651,0.0,0.0,100.0,100.0,0.0,15.0,0.3173701509406257,1.0,1.2,0.0,0.5846082141842486,0.05,0.0,0.0,1.1502871353827975,0.0,0.0,0.0,0.0,0.0,0.0,0.06531760728839714,0.027216552697590865,1.9321835661585918,0.0,0.0016679987056363835,0.0
916,15.0,0.0,9.50666666666665,0.0,0.0,100.0,100.0,0.0,15.0,0.3228852031983448,0.9826666666666666,0.8,0.0,0.5843726500466307,0.05,0.0,0.0,1.052310802325702,0.0,0.0,0.0,0.0,0.0,0.0,0.06152677792139917,0.028144249242644512,1.9321835661585918,0.0,0.0015731637104862833,0.0
917,15.0,0.0,9.14666666666665,0.0,0.0,100.0,100.0,0.0,15.0,0.33399463205962887,0.9966666666666667,0.8,0.0,0.5842941393491523,0.05,0.0,0.0,1.0886847881279687,0.0,0.0,0.0,0.0,0.0,0.0,0.05677644430491039,0.02459549291242074,1.6865480854231356,0.0,0.0016871017663249851,0.0
918,15.0,0.0,10.099999999999984,0.0,0.0,100.0,100.0,0.0,15.0,0.30826840211883944,0.9313333333333332,1.8,0.0,0.5834320598456568,0.05,0.0,0.0,1.6907153866096243,0.0,0.0,0.0,0.0,0.0,0.0,0.05533623263756196,0.05681244864453259,2.6997942308422114,0.0,0.002003707616172543,0.0
919,15.0,0.0,9.733333333333317,0.0,0.073,100.0,100.0,0.0,15.0,0.3188167663791657,1.0006666666666666,1.7,0.5,0.5833535491481785,0.05,0.0,0.0,1.7948485956986715,0.0,0.23084626919229168,0.0,0.0,0.0,0.0,0.06371617280364103,0.02688797059956297,2.496664441476534,1.5811388300841898,0.0019536529460050848,0.0
920,15.0,0.0,10.186666666666651,0.0,0.071,100.0,100.0,0.0,15.0,0.308310253285028,0.959,1.1,0.0,0.5828023720066975,0.05,0.0,0.0,1.6651252131022016,0.0,0.22452171387195494,0.0,0.0,0.0,0.0,0.05411379277306018,0.04383048152953728,1.7919573407620817,0.0,0.0019537624486672196,0.0
921,15.0,0.0,9.979999999999984,0.0,0.06899999999999999,100.0,100.0,0.0,15.0,0.3143825731310896,0.9936666666666666,1.3,0.0,0.5826469208256903,0.05,0.0,0.0,1.9132546118790765,0.0,0.21819715855161817,0.0,0.0,0.0,0.0,0.06362452499019956,0.03386428979702347,2.2135943621178655,0.0,0.0020002461552720814,0.0
922,15.0,0.0,10.393333333333318,0.0,0.06699999999999999,100.0,100.0,0.0,15.0,0.3081408462975731,0.9546666666666667,1.0,0.0,0.582098916157291,0.05,0.0,0.0,1.0353981759284947,0.0,0.21187260323128138,0.0,0.0,0.0,0.0,0.04722097590627465,0.06291675864599597,2.5385910352879697,0.0,0.001614918547330499,0.0
923,15.0,0.0,10.14666666666665,0.0,0.06499999999999999,100.0,100.0,0.0,15.0,0.31362726936669316,0.9866666666666666,0.4,0.0,0.581940292503202,0.05,0.0,0.0,1.0615851180960332,0.0,0.2055480479109446,0.0,0.0,0.0,0.0,0.03732816164539855,0.02810913475705221,1.2649110640673518,0.0,0.0015515193860566236,0.0
924,15.0,0.0,10.206666666666653,0.0,0.06299999999999999,100.0,100.0,0.0,15.0,0.30923075813116857,0.9803333333333333,1.3,0.0,0.581627819927238,0.05,0.0,0.0,1.4404903143301666,0.0,0.19922349259060787,0.0,0.0,0.0,0.0,0.03992604025414561,0.0393919838934488,2.2135943621178655,0.0,0.001634097507715234,0.0
925,15.0,0.0,9.853333333333318,0.0,0.060999999999999985,100.0,100.0,0.0,15.0,0.31841454548940795,1.0003333333333333,1.7,0.0,0.5815493092297597,0.05,0.0,0.0,1.6054075287394607,0.0,0.1928989372702711,0.0,0.0,0.0,0.0,0.047963682316875714,0.02723695746319431,2.2135943621178655,0.0,0.0018021637928337553,0.0
926,15.0,0.0,10.039999999999985,0.0,0.05899999999999998,100.0,100.0,0.0,15.0,0.3129146503957605,0.9706666666666666,0.6,0.0,0.5811535512241032,0.05,0.0,0.0,1.636829214225851,0.0,0.18657438194993434,0.0,0.0,0.0,0.0,0.04341338722425946,0.048605237740417084,0.9660917830792959,0.0,0.0016342616558084491,0.0
927,15.0,0.0,9.659999999999984,0.0,0.05699999999999998,100.0,100.0,0.0,15.0,0.32862541126086964,0.9933333333333332,0.4,0.0,0.5810766107405744,0.05,0.0,0.0,1.3643431015567304,0.0,0.18024982662959757,0.0,0.0,0.0,0.0,0.045284204869309876,0.02108185106778917,1.2649110640673518,0.0,0.0015784020853284678,0.0
928,15.0,0.0,10.113333333333319,0.0,0.05499999999999998,100.0,100.0,0.0,15.0,0.31926916776755454,0.9566666666666667,0.4,0.0,0.5805301762861247,0.05,0.0,0.0,1.2361029962280476,0.0,0.1739252713092608,0.0,0.0,0.0,0.0,0.04965304232154487,0.044583116994975275,1.2649110640673518,0.0,0.0016094510598673437,0.0
929,15.0,0.0,9.733333333333317,0.0,0.05299999999999998,100.0,100.0,0.0,15.0,0.33268295678625864,0.9933333333333334,0.4,0.0,0.5804516655886462,0.05,0.0,0.0,1.2144195382217877,0.0,0.16760071598892404,0.0,0.0,0.0,0.0,0.05684564726600393,0.02108185106778921,1.2649110640673518,0.0,0.0016858563899602684,0.0
930,15.0,0.0,9.906666666666652,0.0,0.050999999999999976,100.0,100.0,0.0,15.0,0.32891705059892673,0.9703333333333333,0.9,0.0,0.5800638227431031,0.05,0.0,0.0,0.998616326674683,0.0,0.1612761606685873,0.0,0.0,0.0,0.0,0.051780285706070774,0.04484403699847938,1.6633299933166201,0.0,0.0013664310474849368,0.0
931,15.0,0.0,9.40666666666665,0.0,0.048999999999999974,100.0,100.0,0.0,15.0,0.3470624246627469,1.0023333333333333,0.7,0.0,0.5800638227431031,0.05,0.0,0.0,1.0268975209428253,0.0,0.1549516053482505,0.0,0.0,0.0,0.0,0.0559659771761085,0.007378647873726189,1.4944341180973264,0.0,0.0013664310474849368,0.0
932,15.0,0.0,10.126666666666653,0.0,0.04699999999999997,100.0,100.0,0.0,15.0,0.3229483153619191,0.9503333333333334,2.5,0.0,0.5793603348485139,0.05,0.0,0.0,1.2926955281097974,0.0,0.14862705002791377,0.0,0.0,0.0,0.0,0.05628967086977284,0.04164666186436133,3.7490739597339973,0.0,0.0014482469467361134,0.0
933,15.0,0.0,9.659999999999986,0.0,0.04499999999999997,100.0,100.0,0.0,15.0,0.3398917886379739,1.0059999999999998,0.8,0.0,0.5793603348485139,0.05,0.0,0.0,1.2931729568376777,0.0,0.142302494707577,0.0,0.0,0.0,0.0,0.05972698631419056,0.014890547171334121,1.9321835661585915,0.0,0.0014482469467361134,0.0
934,15.0,0.0,10.526666666666653,0.0,0.04299999999999997,100.0,100.0,0.0,15.0,0.31384922797826514,0.9390000000000001,0.7,0.0,0.5785783362564464,0.05,0.0,0.0,0.8236923793519473,0.0,0.13597793938724023,0.0,0.0,0.0,0.0,0.033186141178783095,0.047662651993586415,1.4944341180973264,0.0,0.0011818187378118193,0.0
935,15.0,0.0,10.053333333333319,0.0,0.04099999999999997,100.0,100.0,0.0,15.0,0.32855257790313025,1.0066666666666666,1.2,0.0,0.5785783362564464,0.05,0.0,0.0,0.847975075338341,0.0,0.12965338406690347,0.0,0.0,0.0,0.0,0.03642550668499601,0.014054567378526114,1.9321835661585918,0.0,0.0011818187378118193,0.0
936,15.0,0.0,10.373333333333319,0.0,0.038999999999999965,100.0,100.0,0.0,15.0,0.3169519915784217,0.9636666666666667,0.5,0.0,0.5781104124994751,0.05,0.0,0.0,1.1310216074608006,0.0,0.12332882874656667,0.0,0.0,0.0,0.0,0.03882194783843828,0.047099841419355026,1.0801234497346435,0.0,0.0013208845893165207,0.0
937,15.0,0.0,10.013333333333318,0.0,0.036999999999999963,100.0,100.0,0.0,15.0,0.328702228062729,0.9966666666666667,0.8,0.0,0.5780334720159463,0.05,0.0,0.0,0.8450582564475213,0.0,0.11700427342622993,0.0,0.0,0.0,0.0,0.04111348580300429,0.0245954929124207,1.6865480854231358,0.0,0.0013573251823301563,0.0
938,15.0,0.0,10.319999999999986,0.0,0.03499999999999996,100.0,100.0,0.0,15.0,0.31474619797467573,0.9633333333333333,0.8,0.0,0.5775639459998428,0.05,0.0,0.0,1.3291787123568901,0.0,0.11067971810589317,0.0,0.0,0.0,0.0,0.04757479371112093,0.05079613089183317,1.6865480854231356,0.0,0.0016006985854489157,0.0
939,15.0,0.0,9.833333333333318,0.0,0.03299999999999996,100.0,100.0,0.0,15.0,0.32994415907262614,1.0023333333333333,0.3,0.0,0.5775639459998428,0.05,0.0,0.0,1.3247874276256801,0.0,0.1043551627855564,0.0,0.0,0.0,0.0,0.053319197975159285,0.007378647873726197,0.9486832980505138,0.0,0.0016006985854489157,0.0
940,15.0,0.0,10.25333333333332,0.0,0.03099999999999996,100.0,100.0,0.0,15.0,0.316019038544601,0.9533333333333334,0.4,0.0,0.5770175115453932,0.05,0.0,0.0,1.6392711418625106,0.0,0.09803060746521963,0.0,0.0,0.0,0.0,0.055552521933788394,0.06324555320336758,1.2649110640673518,0.0,0.0014799131110787794,0.0
941,15.0,0.0,9.919999999999984,0.0,0.02899999999999996,100.0,100.0,0.0,15.0,0.32641021805396464,0.9989999999999999,0.7,0.0,0.5769390008479147,0.05,0.0,0.0,1.6387438730568875,0.0,0.09170605214488287,0.0,0.0,0.0,0.0,0.06025066083340769,0.018193066105552075,1.4944341180973264,0.0,0.001449236495581678,0.0
942,15.0,0.0,10.59333333333332,0.0,0.026999999999999958,100.0,100.0,0.0,15.0,0.3046266945520757,0.9399999999999998,0.8,0.0,0.5762433960682561,0.05,0.0,0.0,1.9340866986835683,0.0,0.08538149682454611,0.0,0.0,0.0,0.0,0.07322269750221953,0.04919098582484146,1.6865480854231356,0.0,0.0013396132761431037,0.0
943,15.0,0.0,10.239999999999984,0.0,0.02499999999999996,100.0,100.0,0.0,15.0,0.3173877766593608,0.9956666666666667,0.3,0.0,0.5761648853707778,0.05,0.0,0.0,1.8261340126340067,0.0,0.07905694150420936,0.0,0.0,0.0,0.0,0.07811542720458806,0.023096683530833086,0.9486832980505138,0.0,0.0014063562506030428,0.0
944,15.0,0.0,10.41333333333332,0.0,0.022999999999999958,100.0,100.0,0.0,15.0,0.31218035724757354,0.968,0.2,0.0,0.5757770111209555,0.05,0.0,0.0,1.529076215914066,0.0,0.0727323861838726,0.0,0.0,0.0,0.0,0.06787734546420345,0.048360784031059305,0.6324555320336759,0.0,0.0014596197807240537,0.0
945,15.0,0.0,9.93333333333332,0.0,0.02099999999999996,100.0,100.0,0.0,15.0,0.3287638074519803,1.0033333333333334,0.4,0.0,0.5757770111209555,0.05,0.0,0.0,1.502836823650035,0.0,0.06640783086353584,0.0,0.0,0.0,0.0,0.07290766961081517,0.010540925533894652,1.2649110640673518,0.0,0.0014596197807240537,0.0
946,15.0,0.0,10.77333333333332,0.0,0.01899999999999996,100.0,100.0,0.0,15.0,0.3023713022292604,0.9346666666666665,0.2,0.0,0.575004465857768,0.05,0.0,0.0,1.3632568121239936,0.0,0.06008327554319908,0.0,0.0,0.0,0.0,0.06746371187687306,0.04464399645812509,0.6324555320336759,0.0,0.0012097673987409557,0.0
947,15.0,0.0,10.526666666666653,0.0,0.016999999999999963,100.0,100.0,0.0,15.0,0.3076190715839752,0.9889999999999999,1.1,0.0,0.5748505848907104,0.05,0.0,0.0,1.21012192019168,0.0,0.05375872022286233,0.0,0.0,0.0,0.0,0.0693163760225198,0.0302275322132605,2.6012817353502227,0.0,0.0013829199558855778,0.0
948,15.0,0.0,10.706666666666653,0.0,0.014999999999999963,100.0,100.0,0.0,15.0,0.296370593704386,0.9693333333333334,0.4,0.0,0.5744627420451671,0.05,0.0,0.0,1.4642066912044596,0.0,0.047434164902525576,0.0,0.0,0.0,0.0,0.051463147849044634,0.08619243471714401,1.2649110640673518,0.0,0.0018662669355379482,0.0
949,15.0,0.0,10.326666666666652,0.0,0.012999999999999965,100.0,100.0,0.0,15.0,0.30632294866155163,0.9933333333333332,0.4,0.0,0.5743858015616382,0.05,0.0,0.0,1.5484600075758297,0.0,0.041109609582188816,0.0,0.0,0.0,0.0,0.05499185073097826,0.02108185106778922,1.2649110640673518,0.0,0.0018321841211520816,0.0
950,15.0,0.0,10.619999999999987,0.0,0.010999999999999965,100.0,100.0,0.0,15.0,0.2925172177153349,0.9613333333333334,0.6,0.0,0.5739241272561862,0.05,0.0,0.0,1.9341122313497752,0.0,0.03478505426185206,0.0,0.0,0.0,0.0,0.060078030450347465,0.048053468162757414,1.3498971154211057,0.0,0.001944781777936534,0.0
951,15.0,0.0,10.119999999999987,0.0,0.008999999999999963,100.0,100.0,0.0,15.0,0.3080068128055711,1.0,0.0,0.0,0.5739241272561862,0.05,0.0,0.0,1.9341122313497747,0.0,0.0284604989415153,0.0,0.0,0.0,0.0,0.066291781590483,9.791246743253677e-17,0.0,0.0,0.001944781777936534,0.0
952,15.0,0.0,10.246666666666652,0.0,0.006999999999999963,100.0,100.0,0.0,15.0,0.3085321598086995,0.9666666666666666,1.2,0.0,0.5735362844106431,0.05,0.0,0.0,1.3431306712304683,0.0,0.022135943621178537,0.0,0.0,0.0,0.0,0.05240013097257022,0.04714045207910312,1.9321835661585918,0.0,0.0016760188462582063,0.0
953,15.0,0.0,10.033333333333319,0.0,0.004999999999999963,100.0,100.0,0.0,15.0,0.31556659766260686,0.9903333333333333,0.5,0.0,0.5733824034435854,0.05,0.0,0.0,1.2539320870814146,0.0,0.015811388300841778,0.0,0.0,0.0,0.0,0.05115518621914791,0.031049542252246997,1.0801234497346435,0.0,0.001578846431655016,0.0
954,15.0,0.0,10.066666666666652,0.0,0.0029999999999999628,100.0,100.0,0.0,15.0,0.315014509484136,0.9733333333333333,0.0,0.0,0.5730730398912415,0.05,0.0,0.0,1.6000000000000028,0.0,0.00948683298050502,0.0,0.0,0.0,0.0,0.06596307803307172,0.03442651863295483,0.0,0.0,0.001808278158389917,0.0
955,15.0,0.0,9.719999999999985,0.0,0.0009999999999999627,100.0,100.0,0.0,15.0,0.32936962497011707,0.9966666666666665,0.4,0.0,0.5729960994077127,0.05,0.0,0.0,1.5083471454247916,0.0,0.0031622776601682614,0.0,0.0,0.0,0.0,0.07371006589458631,0.02459549291242073,1.2649110640673518,0.0,0.0017436866941633038,0.0
956,15.0,0.0,10.019999999999985,0.0,0.0,100.0,100.0,0.0,15.0,0.3216657214148334,0.96,0.0,0.0,0.5725312846743615,0.05,0.0,0.0,1.145059166081459,0.0,0.0,0.0,0.0,0.0,0.0,0.05290448698661843,0.064406118871953,0.0,0.0,0.001792799005741361,0.0
957,15.0,0.0,9.773333333333317,0.0,0.0,100.0,100.0,0.0,15.0,0.33053906098322444,0.9866666666666666,0.4,0.0,0.5723774037073038,0.05,0.0,0.0,1.1838209741195833,0.0,0.0,0.0,0.0,0.0,0.0,0.05058730178525096,0.02810913475705224,1.2649110640673518,0.0,0.0018285504852882295,0.0
958,15.0,0.0,10.89333333333332,0.0,0.0,100.0,100.0,0.0,15.0,0.29403292374559975,0.9233333333333332,0.4,0.0,0.5714556567146285,0.05,0.0,0.0,1.5329145966079898,0.0,0.0,0.0,0.0,0.0,0.0,0.05275152982821267,0.05889937013643808,1.2649110640673518,0.0,0.0017741392031139442,0.0
959,15.0,0.0,10.533333333333319,0.0,0.0,100.0,100.0,0.0,15.0,0.3033097503444221,0.9946666666666666,0.2,0.0,0.5713787162310997,0.05,0.0,0.0,1.6407616418700515,0.0,0.0,0.0,0.0,0.0,0.0,0.060404024170372723,0.021953936062628396,0.6324555320336759,0.0,0.0017424869724382071,0.0
960,15.0,0.0,10.686666666666653,0.0,0.0,100.0,100.0,0.0,15.0,0.29641160290198515,0.9666666666666666,0.4,0.0,0.5709924435995059,0.05,0.0,0.0,1.4981634847907965,0.0,0.0,0.0,0.0,0.0,0.0,0.05349043032790823,0.035136418446315286,1.2649110640673518,0.0,0.00178762636423027,0.0
961,15.0,0.0,10.306666666666652,0.0,0.0,100.0,100.0,0.0,15.0,0.3072056560526669,0.9933333333333334,0.4,0.0,0.5709170419256476,0.05,0.0,0.0,1.6141197960651466,0.0,0.0,0.0,0.0,0.0,0.0,0.06004791383357339,0.02108185106778922,1.2649110640673518,0.0,0.0018770809414112616,0.0
962,15.0,0.0,10.719999999999986,0.0,0.0,100.0,100.0,0.0,15.0,0.29647710272025235,0.9546666666666667,1.0,0.0,0.5703799973506164,0.05,0.0,0.0,0.6377429336203724,0.0,0.0,0.0,0.0,0.0,0.0,0.03780731621455232,0.061326891771236715,1.699673171197595,0.0,0.001535205016054013,0.0
963,15.0,0.0,10.479999999999986,0.0,0.0,100.0,100.0,0.0,15.0,0.30141695476616065,0.9879999999999999,0.6,0.0,0.5702245461696092,0.05,0.0,0.0,0.7097556526155716,0.0,0.0,0.0,0.0,0.0,0.0,0.026044741626098437,0.02911026292233387,1.3498971154211057,0.0,0.0014620108577449204,0.0
964,15.0,0.0,10.379999999999985,0.0,0.0,100.0,100.0,0.0,15.0,0.3028019487703155,0.9803333333333333,0.1,0.0,0.5699952635286932,0.05,0.0,0.0,1.0832279150988438,0.0,0.0,0.0,0.0,0.0,0.0,0.0365774927786175,0.032449390794943474,0.31622776601683794,0.0,0.0017573167802888338,0.0
965,15.0,0.0,10.013333333333318,0.0,0.0,100.0,100.0,0.0,15.0,0.31329549561502734,0.9933333333333332,0.0,0.0,0.5699183230451644,0.05,0.0,0.0,1.3604828482001965,0.0,0.0,0.0,0.0,0.0,0.0,0.04859113836167605,0.02108185106778923,0.0,0.0,0.0019086152463957176,0.0
966,15.0,0.0,10.306666666666652,0.0,0.0,100.0,100.0,0.0,15.0,0.30373579033502146,0.9633333333333333,1.2,0.0,0.5694535397160922,0.05,0.0,0.0,1.2164307229364568,0.0,0.0,0.0,0.0,0.0,0.0,0.04529839267821644,0.050796130891833095,1.9321835661585918,0.0,0.0016664707914285659,0.0
967,15.0,0.0,9.939999999999985,0.0,0.0,100.0,100.0,0.0,15.0,0.31651523216792443,0.9979999999999999,1.4,0.0,0.569378138042234,0.05,0.0,0.0,0.9679812262234182,0.0,0.0,0.0,0.0,0.0,0.0,0.04261563857267738,0.011779874027287592,2.988868236194653,0.0,0.001609932087950209,0.0
968,15.0,0.0,10.246666666666652,0.0,0.0,100.0,100.0,0.0,15.0,0.30793879249046147,0.9613333333333334,0.2,0.0,0.5689211115700727,0.05,0.0,0.0,1.114018418625581,0.0,0.0,0.0,0.0,0.0,0.0,0.04387857709408895,0.03635218674965073,0.6324555320336759,0.0,0.001694370019572564,0.0
969,15.0,0.0,9.879999999999985,0.0,0.0,100.0,100.0,0.0,15.0,0.3204112588162732,0.9933333333333334,0.0,0.0,0.568844171086544,0.05,0.0,0.0,1.1769598837263904,0.0,0.0,0.0,0.0,0.0,0.0,0.05301873551895117,0.02108185106778921,0.0,0.0,0.0018005228092556698,0.0
970,15.0,0.0,10.173333333333318,0.0,0.0,100.0,100.0,0.0,15.0,0.31188599583996035,0.9633333333333333,1.2,0.0,0.5683871446143827,0.05,0.0,0.0,1.1839252562327076,0.0,0.0,0.0,0.0,0.0,0.0,0.05027788782984559,0.05544433311055396,2.6997942308422114,0.0,0.0014426882350374469,0.0
971,15.0,0.0,9.653333333333318,0.0,0.0,100.0,100.0,0.0,15.0,0.3293410524272693,1.0016666666666665,1.1,0.0,0.5683871446143827,0.05,0.0,0.0,1.1983733831457137,0.0,0.0,0.0,0.0,0.0,0.0,0.05615388830309255,0.0042309850588132525,1.911950719959998,0.0,0.0014426882350374469,0.0
972,15.0,0.0,10.199999999999985,0.0,0.0,100.0,100.0,0.0,15.0,0.3128465167231179,0.9503333333333334,1.7,0.0,0.567771589341873,0.05,0.0,0.0,1.4973227135931586,0.0,0.0,0.0,0.0,0.0,0.0,0.06057926891349509,0.041646661864361306,1.8885620632287057,0.0,0.0014191588016305202,0.0
973,15.0,0.0,9.699999999999985,0.0,0.0,100.0,100.0,0.0,15.0,0.3296263802703586,1.0003333333333333,0.1,0.0,0.567771589341873,0.05,0.0,0.0,1.4973227135931593,0.0,0.0,0.0,0.0,0.0,0.0,0.06549632690803626,0.0010540925533893148,0.31622776601683794,0.0,0.0014191588016305202,0.0
974,15.0,0.0,10.413333333333318,0.0,0.0,100.0,100.0,0.0,15.0,0.30980847729970773,0.9446666666666665,1.0,0.0,0.5670821712051757,0.05,0.0,0.0,1.0136354325512995,0.0,0.0,0.0,0.0,0.0,0.0,0.04690036493974136,0.049695368291518126,1.699673171197595,0.0,0.001135642477398252,0.0
975,15.0,0.0,9.899999999999986,0.0,0.0,100.0,100.0,0.0,15.0,0.3253560056062109,1.0,0.4,0.0,0.5670821712051757,0.05,0.0,0.0,1.0200459926692016,0.0,0.0,0.0,0.0,0.0,0.0,0.04980345656959812,9.064933036736789e-17,1.2649110640673518,0.0,0.001135642477398252,0.0
976,15.0,0.0,10.233333333333318,0.0,0.0,100.0,100.0,0.0,15.0,0.31406046151568495,0.966,0.8,0.0,0.5666236059233439,0.05,0.0,0.0,1.1845716004291225,0.0,0.0,0.0,0.0,0.0,0.0,0.05009650452803819,0.0495610360696414,1.4757295747452437,0.0,0.0012537375917178477,0.0
977,15.0,0.0,9.873333333333317,0.0,0.0,100.0,100.0,0.0,15.0,0.32799437466407166,0.9946666666666666,0.2,0.0,0.5665482042494856,0.05,0.0,0.0,0.8724592742272771,0.0,0.0,0.0,0.0,0.0,0.0,0.05317332135129223,0.02195393606262836,0.6324555320336759,0.0,0.0012954624530000394,0.0
978,15.0,0.0,10.306666666666652,0.0,0.0,100.0,100.0,0.0,15.0,0.312083883813177,0.9556666666666667,0.7,0.0,0.5660095894605048,0.05,0.0,0.0,1.2818582190816443,0.0,0.0,0.0,0.0,0.0,0.0,0.047383135055814915,0.04444583331163261,1.4944341180973264,0.0,0.0012990780343377164,0.0
979,15.0,0.0,9.813333333333318,0.0,0.0,100.0,100.0,0.0,15.0,0.32794681846786117,1.0013333333333332,0.2,0.0,0.5660095894605048,0.05,0.0,0.0,1.276008436831121,0.0,0.0,0.0,0.0,0.0,0.0,0.051878255075886746,0.004216370213557821,0.6324555320336759,0.0,0.0012990780343377164,0.0
980,15.0,0.0,9.96666666666665,0.0,0.0,100.0,100.0,0.0,15.0,0.32187026664302976,0.969,1.1,0.0,0.5656279646622018,0.05,0.0,0.0,1.7732581437693875,0.0,0.0,0.0,0.0,0.0,0.0,0.05875228043372294,0.06386811256385411,2.6012817353502227,0.0,0.00136117261910767,0.0
981,15.0,0.0,9.719999999999985,0.0,0.0,100.0,100.0,0.0,15.0,0.33158498700742883,0.9889999999999999,1.1,0.0,0.5654740836951442,0.05,0.0,0.0,1.6861234669142766,0.0,0.0,0.0,0.0,0.0,0.0,0.06378388329876734,0.02383326858318059,2.601281735350223,0.0,0.0014077328637124003,0.0
982,15.0,0.0,10.439999999999985,0.0,0.0,100.0,100.0,0.0,15.0,0.3109934032662725,0.9436666666666665,0.5,0.0,0.5647923910110787,0.05,0.0,0.0,1.735098815985585,0.0,0.0,0.0,0.0,0.0,0.0,0.06528808729132471,0.05078276172963506,1.0801234497346435,0.0,0.0011355446910755386,0.0
983,15.0,0.0,9.959999999999985,0.0,0.0,100.0,100.0,0.0,15.0,0.32686687744725695,1.0033333333333334,0.4,0.0,0.5647923910110787,0.05,0.0,0.0,1.7429788606411685,0.0,0.0,0.0,0.0,0.0,0.0,0.07055157271895311,0.010540925533894574,1.2649110640673518,0.0,0.0011355446910755386,0.0
984,15.0,0.0,10.146666666666652,0.0,0.0,100.0,100.0,0.0,15.0,0.3228839718448002,0.9703333333333333,0.5,0.0,0.564412274246253,0.05,0.0,0.0,1.5813105987997906,0.0,0.0,0.0,0.0,0.0,0.0,0.06508847164162508,0.05126667148292613,1.5811388300841898,0.0,0.0013028733979092355,0.0
985,15.0,0.0,9.666666666666652,0.0,0.0,100.0,100.0,0.0,15.0,0.33799232821494496,1.0056666666666667,1.1,0.0,0.564412274246253,0.05,0.0,0.0,1.61191550800229,0.0,0.0,0.0,0.0,0.0,0.0,0.07190227184764737,0.012176682838042206,1.7919573407620817,0.0,0.0013028733979092355,0.0
986,15.0,0.0,10.526666666666653,0.0,0.0,100.0,100.0,0.0,15.0,0.3127536979429376,0.938,0.6,0.0,0.5636551798883291,0.05,0.0,0.0,1.2219999797943086,0.0,0.0,0.0,0.0,0.0,0.0,0.06295671489503205,0.05370702416299419,1.8973665961010278,0.0,0.0011448605184202641,0.0
987,15.0,0.0,10.31333333333332,0.0,0.0,100.0,100.0,0.0,15.0,0.3183582723731778,0.9899999999999999,0.4,0.0,0.5635043765406127,0.05,0.0,0.0,1.2148464313862293,0.0,0.0,0.0,0.0,0.0,0.0,0.06875175917722741,0.03162277660168375,1.2649110640673518,0.0,0.0013388037218453684,0.0
988,15.0,0.0,10.886666666666653,0.0,0.0,100.0,100.0,0.0,15.0,0.29502181945708306,0.9479999999999998,0.2,0.0,0.5628980855304054,0.05,0.0,0.0,1.290822304665606,0.0,0.0,0.0,0.0,0.0,0.0,0.048523271452160954,0.08301717805280935,0.6324555320336759,0.0,0.0016495981002953492,0.0
989,15.0,0.0,10.49333333333332,0.0,0.0,100.0,100.0,0.0,15.0,0.3056525623799981,0.9933333333333332,0.8,0.0,0.5628226838565472,0.05,0.0,0.0,1.1806882278391826,0.0,0.0,0.0,0.0,0.0,0.0,0.049308103367260436,0.021081851067789186,1.6865480854231356,0.0,0.0015271589080305924,0.0
990,15.0,0.0,10.81333333333332,0.0,0.0,100.0,100.0,0.0,15.0,0.2914783925306027,0.966,1.2,0.0,0.5623702430372043,0.05,0.0,0.0,1.3501897443244852,0.0,0.0,0.0,0.0,0.0,0.0,0.04605187458653637,0.04933633624494298,1.6865480854231356,0.0,0.0016300628638801723,0.0
991,15.0,0.0,10.339999999999986,0.0,0.0,100.0,100.0,0.0,15.0,0.304021560075785,1.0046666666666666,0.6,0.0,0.5623702430372043,0.05,0.0,0.0,1.3205685270245944,0.0,0.0,0.0,0.0,0.0,0.0,0.04707978125737192,0.010909277963229864,1.3498971154211057,0.0,0.0016300628638801723,0.0
992,15.0,0.0,10.17333333333332,0.0,0.0,100.0,100.0,0.0,15.0,0.3060250504837421,0.9766666666666666,0.0,0.0,0.5621409603962884,0.05,0.0,0.0,1.3773117491406923,0.0,0.0,0.0,0.0,0.0,0.0,0.04035017168020876,0.03162277660168377,0.0,0.0,0.0015244730991194847,0.0
993,15.0,0.0,9.779999999999985,0.0,0.0,100.0,100.0,0.0,15.0,0.31864953109559313,0.9933333333333332,0.8,0.0,0.5620655587224301,0.05,0.0,0.0,1.4430078325976885,0.0,0.0,0.0,0.0,0.0,0.0,0.046704536646533276,0.021081851067789183,1.6865480854231358,0.0,0.0015636702519784963,0.0
994,15.0,0.0,9.673333333333318,0.0,0.0,100.0,100.0,0.0,15.0,0.3226218562564903,0.9813333333333333,0.6,0.0,0.5618393229246619,0.05,0.0,0.0,1.8456354922818263,0.0,0.0,0.0,0.0,0.0,0.0,0.06114397548398143,0.03337774818758863,1.3498971154211057,0.0,0.0017248284514630532,0.0
995,15.0,0.0,9.573333333333318,0.0,0.0,100.0,100.0,0.0,15.0,0.3286228990270388,0.9846666666666666,1.4,0.0,0.5616131179030871,0.05,0.0,0.0,1.5998302379075928,0.0,0.0,0.0,0.0,0.0,0.0,0.06792028490037041,0.036925015776888385,2.3190036174568114,0.0,0.001663456914196988,0.0
996,15.0,0.0,9.726666666666652,0.0,0.0,100.0,100.0,0.0,15.0,0.32945873347774823,0.969,1.1,0.0,0.5612330319144547,0.05,0.0,0.0,1.055707591390023,0.0,0.0,0.0,0.0,0.0,0.0,0.0505167180205445,0.049492486024036976,1.7919573407620817,0.0,0.0016718305178274777,0.0
997,15.0,0.0,9.253333333333318,0.0,0.0,100.0,100.0,0.0,15.0,0.3462769801286006,1.005,0.7,0.0,0.5612330319144547,0.05,0.0,0.0,1.0590235427966355,0.0,0.0,0.0,0.0,0.0,0.0,0.054879228647321004,0.008498365855987927,1.1595018087284057,0.0,0.0016718305178274777,0.0
998,15.0,0.0,10.239999999999984,0.0,0.0,100.0,100.0,0.0,15.0,0.3187113703651499,0.9299999999999999,0.4,0.0,0.560405121535491,0.05,0.0,0.0,1.4134102005651916,0.0,0.0,0.0,0.0,0.0,0.0,0.05774247015690297,0.055444333110554,1.2649110640673518,0.0,0.0016969752124608747,0.0
999,15.0,0.0,9.899999999999986,0.0,0.0,100.0,100.0,0.0,15.0,0.33020787371706595,0.998,0.6,0.0,0.5603297198616328,0.05,0.0,0.0,1.490214998159912,0.0,0.0,0.0,0.0,0.0,0.0,0.06461374493414741,0.016269337971309417,1.2649110640673518,0.0,0.0016461820668567182,0.0
1000,15.0,0.0,10.319999999999986,0.0,0.0,100.0,100.0,0.0,15.0,0.3173298391828193,0.9533333333333334,0.4,0.0,0.5597988305252839,0.05,0.0,0.0,1.2334034014130535,0.0,0.0,0.0,0.0,0.0,0.0,0.045686133179322894,0.044996570514036854,1.2649110640673518,0.0,0.0017096785148131633,0.0
